LOCATION,TIME,NTRVAL
AUS,1959,1221.21
AUS,1960,467.848
AUS,1961,3915.866
AUS,1962,1787.544
AUS,1963,2725.988
AUS,1964,83.385
AUS,1965,-125.865
AUS,1966,1406.383
AUS,1967,612.086
AUS,1968,1223.896
AUS,1969,2983.638
AUS,1970,4651.015
AUS,1971,8326.401
AUS,1972,8642.889
AUS,1973,825.695
AUS,1974,2790.903
AUS,1975,5261.959
AUS,1976,5032.129
AUS,1977,7082.211
AUS,1978,7325.961
AUS,1979,9846.118
AUS,1980,5248.642
AUS,1981,2473.02
AUS,1982,5635.111
AUS,1983,6593.455
AUS,1984,7201.801
AUS,1985,9073.721
AUS,1986,15839.64
AUS,1987,16128.982
AUS,1988,6266.44
AUS,1989,6061.14
AUS,1990,16159.452
AUS,1991,20802.917
AUS,1992,22786.66
AUS,1993,26095.845
AUS,1994,19846.304
AUS,1995,25629.582
AUS,1996,29166.502
AUS,1997,25796.047
AUS,1998,23363.397
AUS,1999,23599.645
AUS,2000,36007.915
AUS,2001,33866.147
AUS,2002,20302.333
AUS,2003,5664.981
AUS,2004,-6706.203
AUS,2005,-15465.749
AUS,2006,-26637.888
AUS,2007,-47303.353
AUS,2008,-35308.414
AUS,2009,-41589.929
AUS,2010,-63089.556
AUS,2011,-82316.35
AUS,2012,-74174.369
AUS,2013,-54130.745
AUS,2014,-43690.482
AUS,2015,-28370.728
AUS,2016,-29259.619
AUS,2017,-38491.879
AUS,2018,-28872.997
AUS,2019,-12257.835
AUS,2020,-25353.201
AUS,2021,-44860.871
AUT,1970,-3481.704
AUT,1971,-3673.756
AUT,1972,-4594.383
AUT,1973,-6107.092
AUT,1974,-5481.04
AUT,1975,-4540.552
AUT,1976,-7222.93
AUT,1977,-9830.607
AUT,1978,-6437.398
AUT,1979,-6700.316
AUT,1980,-7912.445
AUT,1981,-5533.667
AUT,1982,-3754.681
AUT,1983,-5065.188
AUT,1984,-4643.732
AUT,1985,-3228.271
AUT,1986,-3386.525
AUT,1987,-3721.668
AUT,1988,-4700.666
AUT,1989,-4957.137
AUT,1990,-4977.768
AUT,1991,-6729.756
AUT,1992,-7436.255
AUT,1993,-4792.55
AUT,1994,-8539.628
AUT,1995,-8081.292
AUT,1996,-8047.308
AUT,1997,-5512.404
AUT,1998,-3899.561
AUT,1999,-1701.516
AUT,2000,1657.823
AUT,2001,2439.087
AUT,2002,7522.986
AUT,2003,3843.375
AUT,2004,5063.662
AUT,2005,7091.518
AUT,2006,10164.924
AUT,2007,13954.799
AUT,2008,16261.42
AUT,2009,9819.322
AUT,2010,12810.469
AUT,2011,13539.796
AUT,2012,14627.962
AUT,2013,14628.007
AUT,2014,14928.496
AUT,2015,14326.996
AUT,2016,13364.97
AUT,2017,13254.851
AUT,2018,13636.668
AUT,2019,18294.581
AUT,2020,13197.279
AUT,2021,6186.988
AUT,2022,19166.38
BEL,1970,-591.99
BEL,1971,-124.036
BEL,1972,748.566
BEL,1973,-2059.809
BEL,1974,-2686.596
BEL,1975,-1819.659
BEL,1976,-1699.875
BEL,1977,-3909.628
BEL,1978,-4330.212
BEL,1979,-6374.516
BEL,1980,-4650.684
BEL,1981,249.579
BEL,1982,1582.577
BEL,1983,5266.079
BEL,1984,5680.923
BEL,1985,5625.776
BEL,1986,3936.037
BEL,1987,2270.604
BEL,1988,1613.926
BEL,1989,-147.308
BEL,1990,-551.069
BEL,1991,-290.872
BEL,1992,-955.568
BEL,1993,-1074.56
BEL,1994,414.074
BEL,1995,984.804
BEL,1996,54.255
BEL,1997,2360.045
BEL,1998,679.244
BEL,1999,3708.547
BEL,2000,2870.199
BEL,2001,5574.526
BEL,2002,11397.915
BEL,2003,11952.782
BEL,2004,12419.665
BEL,2005,10755.396
BEL,2006,12894.204
BEL,2007,13183.787
BEL,2008,7368.053
BEL,2009,5227.137
BEL,2010,7879.428
BEL,2011,5187.195
BEL,2012,5772.685
BEL,2013,7621.466
BEL,2014,6949.878
BEL,2015,6556.001
BEL,2016,2548.995
BEL,2017,3644.306
BEL,2018,91.646
BEL,2019,1853.774
BEL,2020,4049.5
BEL,2021,6831.271
BEL,2022,9301.601
CAN,1961,3736.578
CAN,1962,4657.918
CAN,1963,7347.795
CAN,1964,8658.179
CAN,1965,5683.555
CAN,1966,6328.816
CAN,1967,9488.911
CAN,1968,11680.395
CAN,1969,9539.833
CAN,1970,17268.835
CAN,1971,16829.182
CAN,1972,14452.573
CAN,1973,12042.848
CAN,1974,-1312.133
CAN,1975,-6119.844
CAN,1976,-5049.992
CAN,1977,1675.826
CAN,1978,8504.767
CAN,1979,5580.348
CAN,1980,10302.142
CAN,1981,9733.906
CAN,1982,25525.194
CAN,1983,23007.734
CAN,1984,28552.151
CAN,1985,25320.905
CAN,1986,23780.815
CAN,1987,21498.025
CAN,1988,17037.367
CAN,1989,9019.539
CAN,1990,13976.171
CAN,1991,12620.453
CAN,1992,17763.32
CAN,1993,26029.638
CAN,1994,38675.015
CAN,1995,48982.428
CAN,1996,52638.962
CAN,1997,42832.59
CAN,1998,58907.197
CAN,1999,73590.236
CAN,2000,81974.903
CAN,2001,86639.092
CAN,2002,85591.958
CAN,2003,63924.328
CAN,2004,56915.023
CAN,2005,38683.072
CAN,2006,20698.162
CAN,2007,772.077
CAN,2008,-24276.327
CAN,2009,-23776.344
CAN,2010,-54268.385
CAN,2011,-60433.009
CAN,2012,-66499.807
CAN,2013,-66194.141
CAN,2014,-50773.781
CAN,2015,-38367.633
CAN,2016,-31665.174
CAN,2017,-49128.624
CAN,2018,-48073.37
CAN,2019,-35906.317
CAN,2020,-29895.971
CAN,2021,-64163.949
CAN,2022,-92184.563
CZE,1990,733.36
CZE,1991,5985.839
CZE,1992,3884.534
CZE,1993,3134.366
CZE,1994,874.552
CZE,1995,1067.818
CZE,1996,-1711.063
CZE,1997,-1252.95
CZE,1998,86.671
CZE,1999,94.436
CZE,2000,276.437
CZE,2001,-569.622
CZE,2002,-2630.215
CZE,2003,-3204.553
CZE,2004,-1774.643
CZE,2005,2051.08
CZE,2006,4650.765
CZE,2007,3471.884
CZE,2008,4689.344
CZE,2009,5560.811
CZE,2010,6233.081
CZE,2011,9468.449
CZE,2012,11785.07
CZE,2013,12051.913
CZE,2014,11547.05
CZE,2015,11172.722
CZE,2016,13780.294
CZE,2017,16139.438
CZE,2018,13554.388
CZE,2019,13647.685
CZE,2020,12823.253
CZE,2021,3990.569
CZE,2022,4188.018
DNK,1967,1562.955
DNK,1968,2348.225
DNK,1969,1155.458
DNK,1970,29.546
DNK,1971,1206.417
DNK,1972,2274.843
DNK,1973,130.016
DNK,1974,1716.941
DNK,1975,2914.516
DNK,1976,-606.634
DNK,1977,235.32
DNK,1978,374.797
DNK,1979,1778.223
DNK,1980,5712.199
DNK,1981,8840.967
DNK,1982,9129.917
DNK,1983,10434.287
DNK,1984,10069.27
DNK,1985,9267.491
DNK,1986,6550.041
DNK,1987,9474.069
DNK,1988,12438.408
DNK,1989,12688.765
DNK,1990,15462.434
DNK,1991,17441.719
DNK,1992,17689.464
DNK,1993,19225.158
DNK,1994,18324.865
DNK,1995,16546.669
DNK,1996,18227.802
DNK,1997,16147.806
DNK,1998,14479.546
DNK,1999,22402.989
DNK,2000,24417.867
DNK,2001,26042.711
DNK,2002,25438.069
DNK,2003,24969.028
DNK,2004,21984.547
DNK,2005,20227.148
DNK,2006,18394.995
DNK,2007,16374.723
DNK,2008,15837.056
DNK,2009,18092.522
DNK,2010,21512.167
DNK,2011,22758.972
DNK,2012,21012.615
DNK,2013,21539.145
DNK,2014,21172.708
DNK,2015,20545.812
DNK,2016,22051.804
DNK,2017,24075.262
DNK,2018,22116.399
DNK,2019,25620.508
DNK,2020,19263.814
DNK,2021,20828.002
DNK,2022,29723.336
FIN,1970,-3348.587
FIN,1971,-3447.495
FIN,1972,-2622.373
FIN,1973,-3626.172
FIN,1974,-4687.938
FIN,1975,-6830.966
FIN,1976,-4950.466
FIN,1977,-2576.767
FIN,1978,-723.648
FIN,1979,-2273.322
FIN,1980,-2547.442
FIN,1981,-448.243
FIN,1982,-1282.597
FIN,1983,-1292.583
FIN,1984,-145.346
FIN,1985,-1415.738
FIN,1986,-1678.693
FIN,1987,-3068.913
FIN,1988,-5128.169
FIN,1989,-7364.947
FIN,1990,-6897.842
FIN,1991,-4618.902
FIN,1992,-2416.519
FIN,1993,1452.352
FIN,1994,1779.659
FIN,1995,2114.732
FIN,1996,1728.621
FIN,1997,2766.016
FIN,1998,3176.535
FIN,1999,6703.677
FIN,2000,8365.727
FIN,2001,8754.057
FIN,2002,8933.798
FIN,2003,5932.565
FIN,2004,6816.847
FIN,2005,4578.96
FIN,2006,7323.895
FIN,2007,9201.19
FIN,2008,8696.362
FIN,2009,4205.054
FIN,2010,4374.809
FIN,2011,1219.355
FIN,2012,488.186
FIN,2013,864.311
FIN,2014,-33.285
FIN,2015,-1333.634
FIN,2016,-2928.005
FIN,2017,835.463
FIN,2018,-3085.555
FIN,2019,950.853
FIN,2020,-741.155
FIN,2021,-813.273
FIN,2022,-6624.901
FRA,1950,3450.042
FRA,1951,2704.906
FRA,1952,1390.781
FRA,1953,1114.472
FRA,1954,2053.088
FRA,1955,1715.916
FRA,1956,-2977.76
FRA,1957,-3240.663
FRA,1958,-1462.179
FRA,1959,1781.608
FRA,1960,3145.758
FRA,1961,2621.06
FRA,1962,576.949
FRA,1963,-1067.379
FRA,1964,-4087.335
FRA,1965,-527.316
FRA,1966,-2808.221
FRA,1967,-4298.092
FRA,1968,-5673.429
FRA,1969,-9886.734
FRA,1970,-4254.602
FRA,1971,-2552.048
FRA,1972,-6382.802
FRA,1973,-9888.836
FRA,1974,-3567.678
FRA,1975,3996.945
FRA,1976,-7702.685
FRA,1977,337.168
FRA,1978,3421.299
FRA,1979,520.309
FRA,1980,-3339.701
FRA,1981,7261.329
FRA,1982,-781.427
FRA,1983,12267.303
FRA,1984,18863.21
FRA,1985,14608.523
FRA,1986,323.416
FRA,1987,-9307.768
FRA,1988,-10056.626
FRA,1989,-7094.97
FRA,1990,-9625.027
FRA,1991,-1526.448
FRA,1992,9666.957
FRA,1993,19900.656
FRA,1994,19656.638
FRA,1995,25244.591
FRA,1996,31983.364
FRA,1997,52270.035
FRA,1998,46264.637
FRA,1999,41558.914
FRA,2000,36763.743
FRA,2001,41168.709
FRA,2002,42243.065
FRA,2003,32664.732
FRA,2004,30189.413
FRA,2005,18948.833
FRA,2006,22325.796
FRA,2007,5288.443
FRA,2008,-70.605
FRA,2009,-9913.058
FRA,2010,-11916.64
FRA,2011,-9358.335
FRA,2012,7989.087
FRA,2013,6304.538
FRA,2014,-4615.771
FRA,2015,-13816.764
FRA,2016,-22824.521
FRA,2017,-24615.296
FRA,2018,-13895.245
FRA,2019,-20233.656
FRA,2020,-51710.301
FRA,2021,-50388.024
FRA,2022,-69204.745
DEU,1970,-8421.788
DEU,1971,-16739.366
DEU,1972,-18287.686
DEU,1973,-7159.828
DEU,1974,13760.017
DEU,1975,-4537.091
DEU,1976,-6179.342
DEU,1977,-5683.452
DEU,1978,-11959.1
DEU,1979,-23750.756
DEU,1980,-18793.431
DEU,1981,7499.45
DEU,1982,19594.755
DEU,1983,11127.552
DEU,1984,21734.787
DEU,1985,33048.02
DEU,1986,19636.794
DEU,1987,8133.413
DEU,1988,9189.963
DEU,1989,15789.129
DEU,1990,19671.571
DEU,1991,22336.392
DEU,1992,7135.488
DEU,1993,10173.39
DEU,1994,9603.455
DEU,1995,8604.517
DEU,1996,18045.695
DEU,1997,35916.53
DEU,1998,28864.289
DEU,1999,8122.455
DEU,2000,29710.325
DEU,2001,67326.241
DEU,2002,121501.359
DEU,2003,96399.917
DEU,2004,136147.384
DEU,2005,151275.437
DEU,2006,179935.186
DEU,2007,222279.813
DEU,2008,222825.083
DEU,2009,142021.134
DEU,2010,177335.653
DEU,2011,203293.894
DEU,2012,241963.27
DEU,2013,224848.734
DEU,2014,246083.457
DEU,2015,255017.1
DEU,2016,234644.213
DEU,2017,241636.363
DEU,2018,221323.534
DEU,2019,200044.997
DEU,2020,169501.993
DEU,2021,196078.144
DEU,2022,153352.789
GRC,1960,-662.921
GRC,1961,-796.373
GRC,1962,-1199.201
GRC,1963,-1406.115
GRC,1964,-2302.617
GRC,1965,-2686.583
GRC,1966,-1954.535
GRC,1967,-2154.446
GRC,1968,-2842.927
GRC,1969,-3401.7
GRC,1970,-3316.761
GRC,1971,-3134.767
GRC,1972,-3130.459
GRC,1973,-4443.658
GRC,1974,-2583.52
GRC,1975,-1916.806
GRC,1976,-1684.612
GRC,1977,-2237.042
GRC,1978,-1535.448
GRC,1979,-597.289
GRC,1980,-406.22
GRC,1981,-124.808
GRC,1982,-2495.309
GRC,1983,-3764.546
GRC,1984,-1924.207
GRC,1985,-2397.981
GRC,1986,-2278.454
GRC,1987,-1651.893
GRC,1988,-3555.133
GRC,1989,-5500.275
GRC,1990,-8185.295
GRC,1991,-8974.013
GRC,1992,-7380.554
GRC,1993,-8097.344
GRC,1994,-7027.421
GRC,1995,-8948.931
GRC,1996,-11148.717
GRC,1997,-8670.818
GRC,1998,-14161.963
GRC,1999,-13226.699
GRC,2000,-15148.25
GRC,2001,-15695.75
GRC,2002,-16934.247
GRC,2003,-21625.379
GRC,2004,-16644.385
GRC,2005,-15548.954
GRC,2006,-21785.056
GRC,2007,-27804.238
GRC,2008,-26882.584
GRC,2009,-20274.057
GRC,2010,-15391.775
GRC,2011,-8496.407
GRC,2012,-4045.522
GRC,2013,-1044.284
GRC,2014,-284.466
GRC,2015,-2002.566
GRC,2016,-3661.705
GRC,2017,-3219.665
GRC,2018,-2788.726
GRC,2019,-1397.85
GRC,2020,-12376.287
GRC,2021,-10625.697
GRC,2022,-15751.326
HUN,1991,397.527
HUN,1992,614.879
HUN,1993,-2879.758
HUN,1994,-2612.592
HUN,1995,-405.882
HUN,1996,-82.393
HUN,1997,-333.796
HUN,1998,-1987.785
HUN,1999,-2626.787
HUN,2000,-2711.8
HUN,2001,-1799.322
HUN,2002,-3095.744
HUN,2003,-4704.612
HUN,2004,-5599.27
HUN,2005,-3546.129
HUN,2006,-1508.686
HUN,2007,-354.549
HUN,2008,272.292
HUN,2009,3229.603
HUN,2010,4605.243
HUN,2011,6811.681
HUN,2012,7909.982
HUN,2013,8223.934
HUN,2014,7528.712
HUN,2015,9679.038
HUN,2016,10380.35
HUN,2017,9067.105
HUN,2018,7302.14
HUN,2019,4362.45
HUN,2020,1121.327
HUN,2021,2677.948
HUN,2022,4004.099
ISL,1970,-92.703
ISL,1971,-571.135
ISL,1972,-395.755
ISL,1973,-646.44
ISL,1974,-968.065
ISL,1975,-607.274
ISL,1976,-320.353
ISL,1977,-595.202
ISL,1978,-392.227
ISL,1979,-316.513
ISL,1980,-332.941
ISL,1981,-453.515
ISL,1982,-662.687
ISL,1983,-121.787
ISL,1984,-305.19
ISL,1985,-291.231
ISL,1986,-148.704
ISL,1987,-799.232
ISL,1988,-731.416
ISL,1989,-251.709
ISL,1990,-286.284
ISL,1991,-653.718
ISL,1992,-496.212
ISL,1993,-51.202
ISL,1994,115.952
ISL,1995,-79.897
ISL,1996,-306.963
ISL,1997,-402.998
ISL,1998,-1260.677
ISL,1999,-1311.921
ISL,2000,-1568.748
ISL,2001,-731.415
ISL,2002,-438.173
ISL,2003,-911.277
ISL,2004,-1337.354
ISL,2005,-2725.216
ISL,2006,-3756.157
ISL,2007,-2387.962
ISL,2008,-434.431
ISL,2009,1507.553
ISL,2010,1448.082
ISL,2011,1310.153
ISL,2012,1297.817
ISL,2013,1800.585
ISL,2014,1490.848
ISL,2015,1311.204
ISL,2016,1172.275
ISL,2017,633.253
ISL,2018,722.723
ISL,2019,1074.616
ISL,2020,-8.788
ISL,2021,-556.878
IRL,1970,-3283.528
IRL,1971,-3474.382
IRL,1972,-3752.881
IRL,1973,-5057.016
IRL,1974,-4700.121
IRL,1975,-2778.693
IRL,1976,-3758.514
IRL,1977,-4184.821
IRL,1978,-5206.755
IRL,1979,-6822.02
IRL,1980,-5118.987
IRL,1981,-5172.943
IRL,1982,-3804.131
IRL,1983,-3129.318
IRL,1984,-2341.931
IRL,1985,-1785.398
IRL,1986,-2440.115
IRL,1987,-1022.304
IRL,1988,-97.94
IRL,1989,-922.674
IRL,1990,66.858
IRL,1991,1089.795
IRL,1992,3049.261
IRL,1993,4081.022
IRL,1994,4569.192
IRL,1995,6984.874
IRL,1996,7643.888
IRL,1997,9489.676
IRL,1998,8394.584
IRL,1999,12341.508
IRL,2000,14489.562
IRL,2001,17552.182
IRL,2002,20154.061
IRL,2003,20788.467
IRL,2004,28256.973
IRL,2005,20031.344
IRL,2006,16299.121
IRL,2007,17002.129
IRL,2008,14505.67
IRL,2009,26405.001
IRL,2010,37389.291
IRL,2011,39366.589
IRL,2012,39388.537
IRL,2013,43947.499
IRL,2014,50232.941
IRL,2015,83921.815
IRL,2016,48563.95
IRL,2017,80644.068
IRL,2018,112610.852
IRL,2019,23558.238
IRL,2020,89507.307
IRL,2021,207069.384
IRL,2022,221145.369
ITA,1970,-10770.339
ITA,1971,-7203.247
ITA,1972,-9304.042
ITA,1973,-13917.465
ITA,1974,-9958.016
ITA,1975,9717.229
ITA,1976,9147.774
ITA,1977,21226.448
ITA,1978,29606.79
ITA,1979,26398.329
ITA,1980,3679.328
ITA,1981,15817.982
ITA,1982,13680.574
ITA,1983,24779.787
ITA,1984,19039.84
ITA,1985,18538.145
ITA,1986,12465.987
ITA,1987,-1679.601
ITA,1988,-3370.432
ITA,1989,-3706.897
ITA,1990,-12521.29
ITA,1991,-22334.369
ITA,1992,-23502.387
ITA,1993,32030.991
ITA,1994,39118.364
ITA,1995,52344.932
ITA,1996,61029.089
ITA,1997,48208.446
ITA,1998,28726.62
ITA,1999,8890.527
ITA,2000,14048.763
ITA,2001,14990.851
ITA,2002,277.156
ITA,2003,-8426.418
ITA,2004,-2249.87
ITA,2005,-3328.317
ITA,2006,-1968.609
ITA,2007,1641.081
ITA,2008,6117.743
ITA,2009,-18850.624
ITA,2010,-22857.408
ITA,2011,-41.607
ITA,2012,50522.002
ITA,2013,64789.561
ITA,2014,62756.712
ITA,2015,55352.378
ITA,2016,46274.565
ITA,2017,45452.194
ITA,2018,39416.999
ITA,2019,52753.344
ITA,2020,37974.854
ITA,2021,37465.477
ITA,2022,27486.518
JPN,1970,-55108.455
JPN,1971,-53335.38
JPN,1972,-63613.333
JPN,1973,-93664.416
JPN,1974,-82353.266
JPN,1975,-64644.455
JPN,1976,-59236.417
JPN,1977,-52930.567
JPN,1978,-65731.489
JPN,1979,-85176.418
JPN,1980,-45712.293
JPN,1981,-29757.768
JPN,1982,-25953.367
JPN,1983,-10460.657
JPN,1984,-2679.19
JPN,1985,14404.676
JPN,1986,-6059.779
JPN,1987,-26704.333
JPN,1988,-58216.008
JPN,1989,-87605.315
JPN,1990,-96626.826
JPN,1991,-77636.215
JPN,1992,-61895.661
JPN,1993,-55064.262
JPN,1994,-71210.454
JPN,1995,-108339.093
JPN,1996,-143955.886
JPN,1997,-108140.818
JPN,1998,-83962.013
JPN,1999,-93447.817
JPN,2000,-89153.512
JPN,2001,-123871.458
JPN,2002,-96188.969
JPN,2003,-72320.794
JPN,2004,-50482.458
JPN,2005,-47079.564
JPN,2006,-16552.655
JPN,2007,24540.658
JPN,2008,30712.792
JPN,2009,-29757.768
JPN,2010,40933.04
JPN,2011,3450.811
JPN,2012,-32465.873
JPN,2013,-49562.132
JPN,2014,-45231.476
JPN,2015,-24619.968
JPN,2016,-2678.364
JPN,2017,23320.441
JPN,2018,23756.645
JPN,2019,2672.581
JPN,2020,-39094.866
JPN,2021,9272.659
KOR,1953,-1024.711
KOR,1954,-743.09
KOR,1955,-1030.459
KOR,1956,-1211.103
KOR,1957,-1484.324
KOR,1958,-1252.13
KOR,1959,-980.501
KOR,1960,-1102.699
KOR,1961,-939.031
KOR,1962,-1310.311
KOR,1963,-1663.111
KOR,1964,-1099.869
KOR,1965,-1165.036
KOR,1966,-1774.61
KOR,1967,-2310.884
KOR,1968,-3326.576
KOR,1969,-4063.035
KOR,1970,-4064.539
KOR,1971,-4792.509
KOR,1972,-3610.673
KOR,1973,-4166.4
KOR,1974,-5902.9
KOR,1975,-5076.164
KOR,1976,-5209.679
KOR,1977,-6378.871
KOR,1978,-10071.864
KOR,1979,-13034.146
KOR,1980,-10761.195
KOR,1981,-9717.119
KOR,1982,-9761.772
KOR,1983,-8561.191
KOR,1984,-7040.614
KOR,1985,-6041.103
KOR,1986,-7573.174
KOR,1987,-6718.408
KOR,1988,-8718.934
KOR,1989,-19511.783
KOR,1990,-26018.069
KOR,1991,-35014.379
KOR,1992,-32689.967
KOR,1993,-32852.22
KOR,1994,-44670.576
KOR,1995,-53770.782
KOR,1996,-65253.227
KOR,1997,-49072.353
KOR,1998,12714.062
KOR,1999,-2381.356
KOR,2000,-11359.717
KOR,2001,-7746.568
KOR,2002,-12851.733
KOR,2003,-7549.035
KOR,2004,13269.876
KOR,2005,14730.504
KOR,2006,15210.188
KOR,2007,21292.141
KOR,2008,39399.267
KOR,2009,64532.153
KOR,2010,56567.186
KOR,2011,69173.727
KOR,2012,89037.603
KOR,2013,103431.488
KOR,2014,109864.384
KOR,2015,100374.242
KOR,2016,87906.61
KOR,2017,54550.744
KOR,2018,70448.405
KOR,2019,83868.421
KOR,2020,91040.428
KOR,2021,105505.58
LUX,1970,1576.132
LUX,1971,1290.312
LUX,1972,1597.977
LUX,1973,2066.612
LUX,1974,2798.642
LUX,1975,1625.926
LUX,1976,1620.551
LUX,1977,2159.47
LUX,1978,1790.166
LUX,1979,2315.344
LUX,1980,1667.452
LUX,1981,1352.745
LUX,1982,1346.036
LUX,1983,1885.343
LUX,1984,2708.5
LUX,1985,3249.072
LUX,1986,3526.204
LUX,1987,3066.126
LUX,1988,3502.196
LUX,1989,4533.543
LUX,1990,4897.089
LUX,1991,5357.848
LUX,1992,6754.56
LUX,1993,6979.675
LUX,1994,7730.813
LUX,1995,8162.559
LUX,1996,8269.213
LUX,1997,8715.113
LUX,1998,9778.933
LUX,1999,10541.491
LUX,2000,12387.88
LUX,2001,12987.625
LUX,2002,13677.105
LUX,2003,13629.979
LUX,2004,14958.689
LUX,2005,15756.316
LUX,2006,18646.767
LUX,2007,21310.427
LUX,2008,19527.987
LUX,2009,19390.365
LUX,2010,18760.765
LUX,2011,17875.104
LUX,2012,18055.059
LUX,2013,19263.742
LUX,2014,19080.423
LUX,2015,19546.647
LUX,2016,22074.086
LUX,2017,21050.662
LUX,2018,21711.299
LUX,2019,21494.307
LUX,2020,22237.068
LUX,2021,22036.183
LUX,2022,22215.371
MEX,1970,-8915.644
MEX,1971,-7398.459
MEX,1972,-7315.84
MEX,1973,-9010.005
MEX,1974,-14426.373
MEX,1975,-16159.743
MEX,1976,-13771.235
MEX,1977,-7641.039
MEX,1978,-11550.038
MEX,1979,-19320.602
MEX,1980,-32514.282
MEX,1981,-40056.363
MEX,1982,-5627.044
MEX,1983,14909.703
MEX,1984,12155.488
MEX,1985,6199.61
MEX,1986,11679.653
MEX,1987,14351.116
MEX,1988,3469.755
MEX,1989,-2697.855
MEX,1990,-11649.955
MEX,1991,-19624.441
MEX,1992,-32914.117
MEX,1993,-12138.341
MEX,1994,-23409.334
MEX,1995,20378.159
MEX,1996,21235.448
MEX,1997,5030.153
MEX,1998,-6688.912
MEX,1999,-18449.881
MEX,2000,-38824.003
MEX,2001,-37818.024
MEX,2002,-39990.783
MEX,2003,-42276.695
MEX,2004,-37691.586
MEX,2005,-37496.042
MEX,2006,-42961.335
MEX,2007,-52804.319
MEX,2008,-66477.956
MEX,2009,-41869.917
MEX,2010,-36003.572
MEX,2011,-31741.954
MEX,2012,-29882.127
MEX,2013,-33088.351
MEX,2014,-31344.143
MEX,2015,-23898.162
MEX,2016,-21630.129
MEX,2017,-32218.94
MEX,2018,-36150.908
MEX,2019,-25720.617
MEX,2020,8005.293
MEX,2021,-27929.306
NLD,1969,-1605.172
NLD,1970,-3600.789
NLD,1971,-523.966
NLD,1972,3119.74
NLD,1973,4467.64
NLD,1974,8454.251
NLD,1975,8020.725
NLD,1976,7932.357
NLD,1977,3270.346
NLD,1978,952.465
NLD,1979,3246.125
NLD,1980,5088.139
NLD,1981,11422.374
NLD,1982,11334.874
NLD,1983,10045.694
NLD,1984,13288.518
NLD,1985,12953.075
NLD,1986,12251.875
NLD,1987,13024.178
NLD,1988,14654.01
NLD,1989,17088.768
NLD,1990,20683.957
NLD,1991,22491.735
NLD,1992,23311.948
NLD,1993,30578.402
NLD,1994,32580.462
NLD,1995,33736.007
NLD,1996,32654.708
NLD,1997,33001.508
NLD,1998,31111.592
NLD,1999,31831.763
NLD,2000,39269.398
NLD,2001,36538.849
NLD,2002,38015.228
NLD,2003,38044.744
NLD,2004,47571.611
NLD,2005,51538.754
NLD,2006,53380.21
NLD,2007,45949.307
NLD,2008,57150.458
NLD,2009,48468.998
NLD,2010,58165.739
NLD,2011,66939.627
NLD,2012,74123.214
NLD,2013,77119.846
NLD,2014,86852.161
NLD,2015,57427.278
NLD,2016,79361.238
NLD,2017,86267.146
NLD,2018,87650.456
NLD,2019,81525.14
NLD,2020,80736.62
NLD,2021,92522.433
NLD,2022,103550.95
NZL,1970,1409.063
NZL,1971,2159.965
NZL,1972,1703.702
NZL,1973,-81.58
NZL,1974,-1540.514
NZL,1975,1818.298
NZL,1976,3041.21
NZL,1977,2940.032
NZL,1978,3073.174
NZL,1979,2540.219
NZL,1980,3551.637
NZL,1981,2886.763
NZL,1982,2941.654
NZL,1983,3787.916
NZL,1984,3935.365
NZL,1985,4014.963
NZL,1986,4478.66
NZL,1987,4655.21
NZL,1988,4987.949
NZL,1989,2738.104
NZL,1990,4118.646
NZL,1991,6334.983
NZL,1992,6237.599
NZL,1993,6686.537
NZL,1994,6342.741
NZL,1995,6129.75
NZL,1996,5981.238
NZL,1997,6688.747
NZL,1998,6974.041
NZL,1999,7354.17
NZL,2000,8941.107
NZL,2001,9004.689
NZL,2002,9725.505
NZL,2003,7244.472
NZL,2004,4457.874
NZL,2005,2655.72
NZL,2006,4556.345
NZL,2007,2443.955
NZL,2008,2561.965
NZL,2009,7626.148
NZL,2010,4929.716
NZL,2011,3441.381
NZL,2012,4229.976
NZL,2013,1005.61
NZL,2014,-157.546
NZL,2015,1695.288
NZL,2016,-24.228
NZL,2017,-1881.162
NZL,2018,-2533.349
NZL,2019,-3249.695
NZL,2020,-3656.017
NZL,2021,-11329.366
NOR,1970,1164.162
NOR,1971,-205.849
NOR,1972,3917.206
NOR,1973,2061.341
NOR,1974,947.153
NOR,1975,930.288
NOR,1976,784.086
NOR,1977,935.249
NOR,1978,11360.008
NOR,1979,12140.498
NOR,1980,13324.749
NOR,1981,13653.984
NOR,1982,11888.767
NOR,1983,16551.245
NOR,1984,18651.524
NOR,1985,19365.795
NOR,1986,15710.365
NOR,1987,19382.164
NOR,1988,24483.869
NOR,1989,31061.858
NOR,1990,36059.771
NOR,1991,40879.487
NOR,1992,44139.589
NOR,1993,44671.572
NOR,1994,49777.245
NOR,1995,52357.425
NOR,1996,58288.23
NOR,1997,59948.29
NOR,1998,55589.501
NOR,1999,60627.963
NOR,2000,63761.703
NOR,2001,68553.519
NOR,2002,67332.934
NOR,2003,66255.327
NOR,2004,61092.735
NOR,2005,55479.508
NOR,2006,46949.054
NOR,2007,38802.645
NOR,2008,35714.044
NOR,2009,40607.048
NOR,2010,33263.573
NOR,2011,28389.914
NOR,2012,28008.474
NOR,2013,19976.026
NOR,2014,22706.996
NOR,2015,26078.578
NOR,2016,24269.464
NOR,2017,24347.463
NOR,2018,20214.984
NOR,2019,16451.297
NOR,2020,26385.987
NOR,2021,32973.773
NOR,2022,30664.793
POL,1990,9453.189
POL,1991,2451.87
POL,1992,5270.909
POL,1993,2564.34
POL,1994,3456.591
POL,1995,3749.038
POL,1996,-3076.27
POL,1997,-8603.263
POL,1998,-12849.45
POL,1999,-15528.85
POL,2000,-12391.033
POL,2001,-4809.126
POL,2002,-3112.614
POL,2003,896.14
POL,2004,-2934.872
POL,2005,843.083
POL,2006,-1971.614
POL,2007,-10161.295
POL,2008,-14758.721
POL,2009,-2140.337
POL,2010,-5238.891
POL,2011,-1109.431
POL,2012,7451.121
POL,2013,13834.196
POL,2014,7373.126
POL,2015,9932.617
POL,2016,13612.681
POL,2017,12911.527
POL,2018,11824.38
POL,2019,18363.974
POL,2020,21929.168
POL,2021,14468.762
POL,2022,12065.526
PRT,1970,-481.208
PRT,1971,-950.537
PRT,1972,-447.093
PRT,1973,-1456.442
PRT,1974,-3923.884
PRT,1975,-1983.221
PRT,1976,-2334.084
PRT,1977,-3122.775
PRT,1978,-2341.293
PRT,1979,-672.493
PRT,1980,-1320.972
PRT,1981,-2238.503
PRT,1982,-2224.93
PRT,1983,496.899
PRT,1984,2865.981
PRT,1985,3779.013
PRT,1986,2623.532
PRT,1987,988.746
PRT,1988,-894.078
PRT,1989,486.536
PRT,1990,-724.044
PRT,1991,-2475.526
PRT,1992,-4851.732
PRT,1993,-4684.706
PRT,1994,-5221.6
PRT,1995,-5175.297
PRT,1996,-5553.451
PRT,1997,-7168.626
PRT,1998,-10679.733
PRT,1999,-13885.221
PRT,2000,-13390.881
PRT,2001,-12934.876
PRT,2002,-11210.844
PRT,2003,-8681.126
PRT,2004,-11293.222
PRT,2005,-12555.625
PRT,2006,-10922.861
PRT,2007,-11032.256
PRT,2008,-12953.053
PRT,2009,-12069.646
PRT,2010,-12213.686
PRT,2011,-3377.093
PRT,2012,3021.887
PRT,2013,4882.092
PRT,2014,2625.765
PRT,2015,1474.193
PRT,2016,1077.111
PRT,2017,1420.989
PRT,2018,725.596
PRT,2019,-66.564
PRT,2020,-6836.463
PRT,2021,-7590.504
PRT,2022,-3169.456
SVK,1992,-4550.391
SVK,1993,-4477.372
SVK,1994,-1663.368
SVK,1995,-2943.241
SVK,1996,-6440.61
SVK,1997,-6390.571
SVK,1998,-6351.44
SVK,1999,-3684.32
SVK,2000,-3534.224
SVK,2001,-5826.474
SVK,2002,-5700.959
SVK,2003,-3280.368
SVK,2004,-4443.839
SVK,2005,-5929.382
SVK,2006,-5575.836
SVK,2007,-3738.678
SVK,2008,-4516.996
SVK,2009,-2173.251
SVK,2010,-2165.437
SVK,2011,-707.25
SVK,2012,3764.247
SVK,2013,4210.0
SVK,2014,3786.958
SVK,2015,2678.509
SVK,2016,2973.85
SVK,2017,2756.884
SVK,2018,3200.13
SVK,2019,1972.086
SVK,2020,3508.481
SVK,2021,2644.559
SVK,2022,740.24
ESP,1970,2929.325
ESP,1971,6940.235
ESP,1972,4947.358
ESP,1973,3210.1
ESP,1974,-322.439
ESP,1975,-111.552
ESP,1976,-2114.921
ESP,1977,5673.112
ESP,1978,11333.743
ESP,1979,9487.992
ESP,1980,9263.09
ESP,1981,17635.935
ESP,1982,18919.083
ESP,1983,26115.809
ESP,1984,35830.506
ESP,1985,32733.232
ESP,1986,23971.875
ESP,1987,13302.351
ESP,1988,4459.027
ESP,1989,-9892.113
ESP,1990,-15491.952
ESP,1991,-19163.459
ESP,1992,-19735.079
ESP,1993,-3697.012
ESP,1994,2353.462
ESP,1995,200.822
ESP,1996,4430.285
ESP,1997,7613.477
ESP,1998,-3046.722
ESP,1999,-15552.042
ESP,2000,-15023.914
ESP,2001,-14836.406
ESP,2002,-21400.285
ESP,2003,-29362.149
ESP,2004,-47237.511
ESP,2005,-65349.2
ESP,2006,-81096.516
ESP,2007,-89785.112
ESP,2008,-69391.155
ESP,2009,-31855.225
ESP,2010,-25332.398
ESP,2011,3172.097
ESP,2012,26681.566
ESP,2013,42848.278
ESP,2014,37379.489
ESP,2015,36345.423
ESP,2016,48251.606
ESP,2017,46121.341
ESP,2018,38126.191
ESP,2019,42828.307
ESP,2020,12814.874
ESP,2021,16288.759
ESP,2022,48238.292
SWE,1950,-1824.512
SWE,1951,-2744.455
SWE,1952,-2759.181
SWE,1953,-2454.651
SWE,1954,-3352.857
SWE,1955,-4079.887
SWE,1956,-4160.482
SWE,1957,-4225.007
SWE,1958,-4623.61
SWE,1959,-4484.759
SWE,1960,-5689.788
SWE,1961,-5012.304
SWE,1962,-4950.147
SWE,1963,-5270.347
SWE,1964,-5395.028
SWE,1965,-7077.776
SWE,1966,-7262.813
SWE,1967,-6818.73
SWE,1968,-7538.672
SWE,1969,-8842.681
SWE,1970,-10237.479
SWE,1971,-7577.422
SWE,1972,-7309.643
SWE,1973,-5650.424
SWE,1974,-7873.987
SWE,1975,-9807.88
SWE,1976,-12314.565
SWE,1977,-9936.636
SWE,1978,-4525.27
SWE,1979,-7218.859
SWE,1980,-7666.04
SWE,1981,-4479.798
SWE,1982,-3822.504
SWE,1983,23.976
SWE,1984,917.164
SWE,1985,-2554.203
SWE,1986,-2691.487
SWE,1987,-4746.589
SWE,1988,-5969.472
SWE,1989,-9169.675
SWE,1990,-8538.486
SWE,1991,-6247.225
SWE,1992,-6028.182
SWE,1993,871.267
SWE,1994,1493.686
SWE,1995,4784.915
SWE,1996,5804.496
SWE,1997,7989.837
SWE,1998,6775.824
SWE,1999,9163.896
SWE,2000,10038.245
SWE,2001,12646.119
SWE,2002,16239.785
SWE,2003,18362.765
SWE,2004,26017.681
SWE,2005,27087.411
SWE,2006,29830.557
SWE,2007,25841.507
SWE,2008,24289.729
SWE,2009,20912.309
SWE,2010,21896.086
SWE,2011,22764.034
SWE,2012,23208.855
SWE,2013,21334.605
SWE,2014,18657.139
SWE,2015,19243.042
SWE,2016,15527.027
SWE,2017,14909.469
SWE,2018,16477.015
SWE,2019,26276.252
SWE,2020,26235.113
SWE,2021,25768.595
SWE,2022,22280.326
CHE,1970,13134.16
CHE,1971,12234.788
CHE,1972,12431.161
CHE,1973,14341.726
CHE,1974,15958.996
CHE,1975,21279.664
CHE,1976,20957.468
CHE,1977,23316.7
CHE,1978,18717.4
CHE,1979,15488.131
CHE,1980,14361.198
CHE,1981,23979.343
CHE,1982,19206.748
CHE,1983,14693.583
CHE,1984,27470.817
CHE,1985,31836.92
CHE,1986,20453.723
CHE,1987,18635.376
CHE,1988,22604.131
CHE,1989,21969.498
CHE,1990,16525.269
CHE,1991,18857.093
CHE,1992,23748.234
CHE,1993,24695.381
CHE,1994,20176.625
CHE,1995,15814.861
CHE,1996,14733.839
CHE,1997,24709.584
CHE,1998,20128.903
CHE,1999,19437.695
CHE,2000,30293.069
CHE,2001,27300.155
CHE,2002,27187.631
CHE,2003,22793.929
CHE,2004,36331.861
CHE,2005,31092.632
CHE,2006,42587.625
CHE,2007,62140.522
CHE,2008,64049.966
CHE,2009,40523.576
CHE,2010,59131.832
CHE,2011,46057.362
CHE,2012,55992.46
CHE,2013,70338.35
CHE,2014,73337.462
CHE,2015,73017.271
CHE,2016,79941.969
CHE,2017,79680.595
CHE,2018,92544.791
CHE,2019,88177.025
CHE,2020,75768.054
CHE,2021,113389.956
CHE,2022,117931.928
TUR,1970,-7568.728
TUR,1971,-6823.011
TUR,1972,-9434.49
TUR,1973,-12094.525
TUR,1974,-18178.717
TUR,1975,-22353.257
TUR,1976,-21791.184
TUR,1977,-34781.134
TUR,1978,-5859.839
TUR,1979,-5231.086
TUR,1980,-37193.743
TUR,1981,-23137.092
TUR,1982,-9584.345
TUR,1983,-14271.157
TUR,1984,-11895.017
TUR,1985,-5764.723
TUR,1986,-7314.529
TUR,1987,-5400.12
TUR,1988,25611.873
TUR,1989,16012.417
TUR,1990,-26977.413
TUR,1991,-11037.078
TUR,1992,-12096.879
TUR,1993,-69010.386
TUR,1994,20756.949
TUR,1995,-23235.554
TUR,1996,-24407.709
TUR,1997,-40012.435
TUR,1998,-5764.822
TUR,1999,-34033.625
TUR,2000,-52036.375
TUR,2001,86209.789
TUR,2002,45252.522
TUR,2003,-20791.245
TUR,2004,-73321.514
TUR,2005,-104904.145
TUR,2006,-122415.624
TUR,2007,-152377.151
TUR,2008,-99732.691
TUR,2009,-1457.757
TUR,2010,-130538.382
TUR,2011,-165361.85
TUR,2012,-50006.117
TUR,2013,-112957.491
TUR,2014,-45005.44
TUR,2015,-17510.905
TUR,2016,-70799.625
TUR,2017,-58914.334
TUR,2018,129184.65
TUR,2019,246692.499
TUR,2020,-30629.628
TUR,2021,237583.379
GBR,1970,24989.122
GBR,1971,28482.525
GBR,1972,18111.509
GBR,1973,21827.966
GBR,1974,32733.276
GBR,1975,37173.709
GBR,1976,46054.845
GBR,1977,56478.924
GBR,1978,54714.05
GBR,1979,47685.079
GBR,1980,53012.675
GBR,1981,56422.093
GBR,1982,50969.945
GBR,1983,44388.699
GBR,1984,41798.766
GBR,1985,50770.853
GBR,1986,47451.244
GBR,1987,45885.744
GBR,1988,17974.886
GBR,1989,11319.86
GBR,1990,25139.983
GBR,1991,37978.911
GBR,1992,33632.812
GBR,1993,38702.657
GBR,1994,52069.053
GBR,1995,69276.819
GBR,1996,67179.313
GBR,1997,76054.342
GBR,1998,52922.939
GBR,1999,34727.913
GBR,2000,40840.289
GBR,2001,21891.295
GBR,2002,-6591.791
GBR,2003,-12725.597
GBR,2004,-24508.946
GBR,2005,-24338.975
GBR,2006,-15203.134
GBR,2007,-15026.996
GBR,2008,15515.381
GBR,2009,2625.685
GBR,2010,-6795.52
GBR,2011,23782.616
GBR,2012,15376.397
GBR,2013,-9294.056
GBR,2014,-39029.798
GBR,2015,-48494.72
GBR,2016,-56583.835
GBR,2017,-29160.107
GBR,2018,-31809.337
GBR,2019,-40827.132
GBR,2020,2931.598
GBR,2021,-29453.37
GBR,2022,-52819.544
USA,1970,-61262.111
USA,1971,-71430.604
USA,1972,-86204.194
USA,1973,-60441.386
USA,1974,-33611.942
USA,1975,-1678.262
USA,1976,-42631.25
USA,1977,-71102.268
USA,1978,-71865.485
USA,1979,-47016.701
USA,1980,16636.592
USA,1981,11712.207
USA,1982,-13301.624
USA,1983,-69681.172
USA,1984,-143362.228
USA,1985,-164558.629
USA,1986,-181990.002
USA,1987,-171785.537
USA,1988,-121085.611
USA,1989,-87434.32
USA,1990,-58757.158
USA,1991,-14036.157
USA,1992,-15600.107
USA,1993,-57435.388
USA,1994,-88308.247
USA,1995,-76119.742
USA,1996,-87586.463
USA,1997,-115095.199
USA,1998,-234117.54
USA,1999,-337619.192
USA,2000,-438364.584
USA,2001,-468564.748
USA,2002,-555595.057
USA,2003,-620800.778
USA,2004,-705660.754
USA,2005,-745338.729
USA,2006,-748869.834
USA,2007,-669349.546
USA,2008,-517589.942
USA,2009,-373222.75
USA,2010,-427275.435
USA,2011,-403253.502
USA,2012,-381291.084
USA,2013,-348724.386
USA,2014,-394528.17
USA,2015,-526199.0
USA,2016,-557577.126
USA,2017,-588188.458
USA,2018,-646250.088
USA,2019,-670114.508
USA,2020,-715013.566
USA,2021,-988060.724
ARG,2004,23877.944
ARG,2005,25912.093
ARG,2006,25137.407
ARG,2007,21992.943
ARG,2008,15208.696
ARG,2009,19367.171
ARG,2010,11363.19
ARG,2011,-299.788
ARG,2012,225.952
ARG,2013,-5623.132
ARG,2014,-1541.602
ARG,2015,-6932.206
ARG,2016,-7685.856
ARG,2017,-18313.223
ARG,2018,-13685.425
ARG,2019,10008.917
ARG,2020,8661.781
ARG,2021,2042.808
BRA,2000,-6961.923
BRA,2001,-585.875
BRA,2002,23699.096
BRA,2003,38566.057
BRA,2004,48507.069
BRA,2005,55740.387
BRA,2006,42177.822
BRA,2007,24959.773
BRA,2008,-4367.393
BRA,2009,-7373.229
BRA,2010,-50210.766
BRA,2011,-64351.786
BRA,2012,-65992.022
BRA,2013,-80901.85
BRA,2014,-77511.127
BRA,2015,-20783.886
BRA,2016,7418.608
BRA,2017,3676.888
BRA,2018,-5115.304
BRA,2019,-15151.188
CHL,1986,5947.65
CHL,1987,5691.724
CHL,1988,6268.215
CHL,1989,6617.181
CHL,1990,7447.36
CHL,1991,8910.147
CHL,1992,9325.481
CHL,1993,8296.504
CHL,1994,9480.976
CHL,1995,8276.64
CHL,1996,9242.418
CHL,1997,10292.124
CHL,1998,10839.985
CHL,1999,16176.093
CHL,2000,16059.671
CHL,2001,17988.045
CHL,2002,18969.891
CHL,2003,20050.688
CHL,2004,21662.0
CHL,2005,16750.949
CHL,2006,14404.314
CHL,2007,11904.725
CHL,2008,5435.062
CHL,2009,13648.032
CHL,2010,1873.064
CHL,2011,-4892.528
CHL,2012,-7516.183
CHL,2013,-6814.352
CHL,2014,-1284.928
CHL,2015,-2344.815
CHL,2016,-2776.483
CHL,2017,-6757.126
CHL,2018,-9961.44
CHL,2019,-10390.832
CHL,2020,-724.886
CHL,2021,-24369.338
COL,1975,1658.351
COL,1976,878.258
COL,1977,90.184
COL,1978,371.888
COL,1979,929.269
COL,1980,24.845
COL,1981,-1381.166
COL,1982,-2199.334
COL,1983,-1412.106
COL,1984,-339.424
COL,1985,1348.311
COL,1986,2906.273
COL,1987,3328.128
COL,1988,2795.501
COL,1989,4040.598
COL,1990,5596.054
COL,1991,6526.995
COL,1992,4124.254
COL,1993,-1196.324
COL,1994,-3885.764
COL,1995,-4804.641
COL,1996,-3851.994
COL,1997,-4770.395
COL,1998,-1794.05
COL,1999,5359.391
COL,2000,5982.475
COL,2001,4981.986
COL,2002,4283.322
COL,2003,4424.421
COL,2004,4750.506
COL,2005,3434.628
COL,2006,1418.056
COL,2007,-1074.119
COL,2008,-5125.135
COL,2009,-3368.977
COL,2010,-6904.634
COL,2011,-11243.784
COL,2012,-14329.004
COL,2013,-17215.813
COL,2014,-22199.069
COL,2015,-20721.562
COL,2016,-18457.341
COL,2017,-17934.688
COL,2018,-21403.236
COL,2019,-24990.684
COL,2020,-20940.034
COL,2021,-32180.17
EST,1993,921.019
EST,1994,666.015
EST,1995,704.648
EST,1996,516.494
EST,1997,480.281
EST,1998,552.707
EST,1999,937.563
EST,2000,779.587
EST,2001,497.302
EST,2002,-135.17
EST,2003,-416.974
EST,2004,-396.809
EST,2005,-177.23
EST,2006,-1402.27
EST,2007,-1627.007
EST,2008,-601.202
EST,2009,945.762
EST,2010,1459.064
EST,2011,1460.668
EST,2012,811.141
EST,2013,891.365
EST,2014,847.269
EST,2015,900.479
EST,2016,662.131
EST,2017,844.835
EST,2018,305.047
EST,2019,775.503
EST,2020,-434.703
EST,2021,-741.7
EST,2022,-984.586
IDN,1993,46.947
IDN,1994,-5765.859
IDN,1995,-15144.736
IDN,1996,-15721.437
IDN,1997,-22988.991
IDN,1998,-9052.476
IDN,1999,2245.064
IDN,2000,3149.867
IDN,2001,663.801
IDN,2002,2895.786
IDN,2003,6123.607
IDN,2004,-2476.294
IDN,2005,-3949.732
IDN,2006,-3439.548
IDN,2007,-4339.855
IDN,2008,-5348.82
IDN,2009,4850.641
IDN,2010,3935.142
IDN,2011,4134.028
IDN,2012,-6650.858
IDN,2013,-2700.266
IDN,2014,-4681.73
IDN,2015,3294.646
IDN,2016,4571.765
IDN,2017,6426.25
IDN,2018,-3760.528
IDN,2019,10324.603
IDN,2020,27504.837
IDN,2021,21249.452
IDN,2022,27812.007
ISR,1970,-3743.751
ISR,1971,-3351.901
ISR,1972,-2311.08
ISR,1973,-5968.721
ISR,1974,-5176.684
ISR,1975,-5843.039
ISR,1976,-4119.742
ISR,1977,-2411.602
ISR,1978,-3102.365
ISR,1979,-2617.059
ISR,1980,-832.526
ISR,1981,-1550.89
ISR,1982,-2555.262
ISR,1983,-3341.077
ISR,1984,-1381.732
ISR,1985,521.399
ISR,1986,-17.77
ISR,1987,-1898.219
ISR,1988,-1610.947
ISR,1989,287.656
ISR,1990,-1155.431
ISR,1991,-4890.254
ISR,1992,-3686.978
ISR,1993,-5520.332
ISR,1994,-5399.896
ISR,1995,-5104.303
ISR,1996,-5844.295
ISR,1997,-4317.284
ISR,1998,-2785.92
ISR,1999,-3682.435
ISR,2000,1381.65
ISR,2001,-2393.344
ISR,2002,-2801.607
ISR,2003,1783.416
ISR,2004,5144.159
ISR,2005,6097.235
ISR,2006,7441.373
ISR,2007,7622.93
ISR,2008,10332.433
ISR,2009,10346.103
ISR,2010,11773.394
ISR,2011,10570.71
ISR,2012,8420.089
ISR,2013,12045.218
ISR,2014,10992.899
ISR,2015,9497.467
ISR,2016,3240.684
ISR,2017,3903.106
ISR,2018,2726.585
ISR,2019,3372.772
ISR,2020,9126.018
ISR,2021,4427.665
LVA,1995,-574.326
LVA,1996,-1044.252
LVA,1997,-712.453
LVA,1998,-1459.038
LVA,1999,-1445.47
LVA,2000,-884.658
LVA,2001,-1408.571
LVA,2002,-1299.047
LVA,2003,-1980.576
LVA,2004,-2869.783
LVA,2005,-2849.009
LVA,2006,-4873.079
LVA,2007,-6100.093
LVA,2008,-3810.386
LVA,2009,-427.269
LVA,2010,-413.937
LVA,2011,-1739.541
LVA,2012,-1251.66
LVA,2013,-1132.712
LVA,2014,-663.881
LVA,2015,-463.956
LVA,2016,-416.1
LVA,2017,-827.489
LVA,2018,-1231.711
LVA,2019,-1449.657
LVA,2020,-1448.049
LVA,2021,-3470.84
LVA,2022,-4392.907
LTU,1995,86.9
LTU,1996,-71.994
LTU,1997,-429.853
LTU,1998,-666.166
LTU,1999,-923.36
LTU,2000,-481.394
LTU,2001,-244.22
LTU,2002,-287.55
LTU,2003,-374.714
LTU,2004,-1834.267
LTU,2005,-2170.444
LTU,2006,-2719.201
LTU,2007,-4349.167
LTU,2008,-4671.81
LTU,2009,-230.973
LTU,2010,-346.5
LTU,2011,-327.214
LTU,2012,1009.19
LTU,2013,1453.149
LTU,2014,1386.155
LTU,2015,-413.127
LTU,2016,-177.444
LTU,2017,514.62
LTU,2018,810.737
LTU,2019,2332.197
LTU,2020,4166.995
LTU,2021,3837.569
LTU,2022,4388.264
RUS,1995,87037.638
RUS,1996,95320.325
RUS,1997,92920.689
RUS,1998,136089.636
RUS,1999,201301.564
RUS,2000,186745.141
RUS,2001,166353.069
RUS,2002,173548.396
RUS,2003,183196.456
RUS,2004,169254.952
RUS,2005,141231.217
RUS,2006,89275.229
RUS,2007,-13105.055
RUS,2008,-110106.028
RUS,2009,96594.821
RUS,2010,967.907
RUS,2011,-136201.67
RUS,2012,-206790.888
RUS,2013,-206958.165
RUS,2014,-135111.072
RUS,2015,109725.404
RUS,2016,157812.932
RUS,2017,88447.354
RUS,2018,114710.736
RUS,2019,95134.669
SVN,1990,2514.979
SVN,1991,2274.621
SVN,1992,1687.549
SVN,1993,470.302
SVN,1994,459.244
SVN,1995,-516.864
SVN,1996,-470.742
SVN,1997,-531.639
SVN,1998,-846.902
SVN,1999,-1726.483
SVN,2000,-1071.865
SVN,2001,-594.766
SVN,2002,-293.121
SVN,2003,-865.324
SVN,2004,-1146.101
SVN,2005,-443.824
SVN,2006,-121.731
SVN,2007,-936.52
SVN,2008,-948.502
SVN,2009,-236.891
SVN,2010,613.955
SVN,2011,1067.292
SVN,2012,2195.311
SVN,2013,2517.933
SVN,2014,3177.787
SVN,2015,3449.247
SVN,2016,3624.408
SVN,2017,4152.259
SVN,2018,4081.265
SVN,2019,4193.929
SVN,2020,4223.915
SVN,2021,3740.306
SVN,2022,2627.84
ZAF,1960,9612.181
ZAF,1961,12201.447
ZAF,1962,14000.283
ZAF,1963,13784.641
ZAF,1964,12063.751
ZAF,1965,11364.189
ZAF,1966,13637.394
ZAF,1967,12490.246
ZAF,1968,13968.888
ZAF,1969,11858.79
ZAF,1970,9685.409
ZAF,1971,8349.497
ZAF,1972,12595.001
ZAF,1973,8255.065
ZAF,1974,1879.622
ZAF,1975,2490.649
ZAF,1976,6710.264
ZAF,1977,11749.422
ZAF,1978,12853.034
ZAF,1979,13715.727
ZAF,1980,9490.342
ZAF,1981,3948.845
ZAF,1982,8259.721
ZAF,1983,11808.743
ZAF,1984,8561.028
ZAF,1985,15430.714
ZAF,1986,14596.039
ZAF,1987,15515.866
ZAF,1988,13813.18
ZAF,1989,14605.512
ZAF,1990,15970.629
ZAF,1991,14805.613
ZAF,1992,15655.012
ZAF,1993,18180.482
ZAF,1994,14730.858
ZAF,1995,14394.236
ZAF,1996,14845.512
ZAF,1997,15593.608
ZAF,1998,16648.822
ZAF,1999,21230.452
ZAF,2000,24234.522
ZAF,2001,25754.269
ZAF,2002,24095.544
ZAF,2003,20428.447
ZAF,2004,14662.608
ZAF,2005,14582.377
ZAF,2006,8747.739
ZAF,2007,8266.451
ZAF,2008,7350.404
ZAF,2009,6641.357
ZAF,2010,4994.989
ZAF,2011,-1375.28
ZAF,2012,-4367.853
ZAF,2013,-5475.268
ZAF,2014,-1726.699
ZAF,2015,-4162.305
ZAF,2016,30.341
ZAF,2017,-1600.896
ZAF,2018,-2281.747
ZAF,2019,-4252.043
ZAF,2020,2498.366
OECD,1995,105800.825
OECD,1996,69927.436
OECD,1997,134282.163
OECD,1998,20759.12
OECD,1999,-154640.186
OECD,2000,-180972.057
OECD,2001,-203644.942
OECD,2002,-263130.957
OECD,2003,-401437.954
OECD,2004,-405050.975
OECD,2005,-496941.554
OECD,2006,-476228.594
OECD,2007,-406527.43
OECD,2008,-221127.696
OECD,2009,-151513.766
OECD,2010,-144261.027
OECD,2011,-74875.889
OECD,2012,120112.14
OECD,2013,167758.624
OECD,2014,157843.89
OECD,2015,70555.58
OECD,2016,-3824.395
OECD,2017,-4562.523
OECD,2018,-9055.189
OECD,2019,-81977.783
OECD,2020,-205273.019
OECD,2021,-347896.024
OECDE,1995,242688.065
OECDE,1996,259533.01
OECDE,1997,314210.227
OECDE,1998,227497.569
OECDE,1999,168665.807
OECDE,2000,230908.794
OECDE,2001,294631.105
OECDE,2002,311250.607
OECDE,2003,230115.245
OECDE,2004,268640.832
OECDE,2005,241542.131
OECDE,2006,269369.474
OECDE,2007,274598.786
OECDE,2008,332350.821
OECDE,2009,273931.775
OECDE,2010,324614.101
OECDE,2011,441875.421
OECDE,2012,635380.919
OECDE,2013,640498.603
OECDE,2014,636804.541
OECDE,2015,623940.678
OECDE,2016,569484.389
OECDE,2017,645471.84
OECDE,2018,683399.502
OECDE,2019,611174.952
OECDE,2020,527095.436
OECDE,2021,729594.344
EA19,1995,102117.358
EA19,1996,123751.494
EA19,1997,164652.344
EA19,1998,110586.33
EA19,1999,64540.531
EA19,2000,101744.025
EA19,2001,150974.058
EA19,2002,206585.618
EA19,2003,145025.892
EA19,2004,192280.943
EA19,2005,172072.715
EA19,2006,192393.138
EA19,2007,207303.147
EA19,2008,228454.562
EA19,2009,159529.04
EA19,2010,227105.682
EA19,2011,329716.322
EA19,2012,487906.168
EA19,2013,518692.198
EA19,2014,535768.069
EA19,2015,520598.326
EA19,2016,474968.295
EA19,2017,521927.978
EA19,2018,523944.312
EA19,2019,430788.945
EA19,2020,367079.102
EA19,2021,521628.234
EA19,2022,508960.959
CRI,1991,-171.768
CRI,1992,-464.273
CRI,1993,-831.353
CRI,1994,-910.096
CRI,1995,-514.605
CRI,1996,-338.828
CRI,1997,-801.748
CRI,1998,-1065.687
CRI,1999,-364.964
CRI,2000,174.803
CRI,2001,322.939
CRI,2002,35.606
CRI,2003,140.291
CRI,2004,685.301
CRI,2005,633.34
CRI,2006,708.31
CRI,2007,466.426
CRI,2008,-91.721
CRI,2009,1304.063
CRI,2010,393.859
CRI,2011,-50.582
CRI,2012,-379.5
CRI,2013,-138.404
CRI,2014,-158.234
CRI,2015,-430.226
CRI,2016,-387.613
CRI,2017,-47.229
CRI,2018,354.615
CRI,2019,1709.53
CRI,2020,1986.081
CRI,2021,2123.278
BGR,1995,4236.073
BGR,1996,8719.076
BGR,1997,10102.187
BGR,1998,6821.569
BGR,1999,2240.526
BGR,2000,994.119
BGR,2001,-171.151
BGR,2002,113.467
BGR,2003,-957.819
BGR,2004,-1440.639
BGR,2005,-2521.109
BGR,2006,-4417.234
BGR,2007,-6000.111
BGR,2008,-6848.662
BGR,2009,-3034.344
BGR,2010,-636.922
BGR,2011,-8.016
BGR,2012,-889.082
BGR,2013,496.842
BGR,2014,-72.958
BGR,2015,456.648
BGR,2016,1602.89
BGR,2017,1156.564
BGR,2018,-275.128
BGR,2019,-761.064
BGR,2020,-3113.444
BGR,2021,-3433.42
BGR,2022,-4677.266
HRV,1995,-671.571
HRV,1996,-124.774
HRV,1997,-2562.227
HRV,1998,-1078.309
HRV,1999,-514.862
HRV,2000,208.671
HRV,2001,-23.78
HRV,2002,-1964.334
HRV,2003,-2944.35
HRV,2004,-2756.101
HRV,2005,-3014.798
HRV,2006,-3320.271
HRV,2007,-3728.135
HRV,2008,-5100.703
HRV,2009,-2745.891
HRV,2010,-778.615
HRV,2011,-842.53
HRV,2012,-649.55
HRV,2013,-805.235
HRV,2014,-91.576
HRV,2015,93.782
HRV,2016,231.511
HRV,2017,-132.539
HRV,2018,-1147.627
HRV,2019,-1169.052
HRV,2020,-4183.535
HRV,2021,-727.306
CYP,1995,77.075
CYP,1996,124.915
CYP,1997,34.538
CYP,1998,447.358
CYP,1999,416.895
CYP,2000,399.994
CYP,2001,549.742
CYP,2002,285.561
CYP,2003,44.82
CYP,2004,-359.67
CYP,2005,-154.586
CYP,2006,-513.555
CYP,2007,-1010.32
CYP,2008,-2645.821
CYP,2009,-1062.344
CYP,2010,-1667.246
CYP,2011,-557.74
CYP,2012,-167.048
CYP,2013,519.828
CYP,2014,382.556
CYP,2015,519.141
CYP,2016,138.949
CYP,2017,-306.228
CYP,2018,168.488
CYP,2019,30.883
CYP,2020,-458.307
CYP,2021,360.194
MLT,2000,-200.67
MLT,2001,-17.1
MLT,2002,395.548
MLT,2003,-10.114
MLT,2004,-232.771
MLT,2005,-500.362
MLT,2006,-221.093
MLT,2007,-23.261
MLT,2008,165.122
MLT,2009,242.26
MLT,2010,260.701
MLT,2011,460.171
MLT,2012,705.945
MLT,2013,1009.492
MLT,2014,1385.033
MLT,2015,1083.211
MLT,2016,1360.511
MLT,2017,2189.921
MLT,2018,2071.893
MLT,2019,2049.144
MLT,2020,1272.461
MLT,2021,1607.525
ROU,1995,4771.37
ROU,1996,4748.344
ROU,1997,5357.794
ROU,1998,3586.762
ROU,1999,5507.69
ROU,2000,3057.626
ROU,2001,2332.216
ROU,2002,3774.311
ROU,2003,2352.986
ROU,2004,487.973
ROU,2005,-2147.79
ROU,2006,-6940.878
ROU,2007,-16260.482
ROU,2008,-17104.948
ROU,2009,-6965.028
ROU,2010,-6641.511
ROU,2011,-6151.828
ROU,2012,-4487.353
ROU,2013,1279.613
ROU,2014,1195.923
ROU,2015,-1462.553
ROU,2016,-1888.125
ROU,2017,-5272.257
ROU,2018,-8775.241
ROU,2019,-12626.787
ROU,2020,-16280.371
ROU,2021,-20604.172
MKD,2000,-668.332
MKD,2001,-698.586
MKD,2002,-1000.139
MKD,2003,-833.468
MKD,2004,-1083.56
MKD,2005,-1021.18
MKD,2006,-1051.993
MKD,2007,-1241.461
MKD,2008,-1603.293
MKD,2009,-1454.111
MKD,2010,-1272.195
MKD,2011,-1121.724
MKD,2012,-1439.814
MKD,2013,-1327.351
MKD,2014,-1424.59
MKD,2015,-1632.713
MKD,2016,-1914.679
MKD,2017,-1848.648
MKD,2018,-1926.972
MKD,2019,-2200.119
MKD,2020,-1959.826
MKD,2021,-2339.002
IND,1950,-646.883
IND,1951,-2629.975
IND,1952,-736.977
IND,1953,-819.905
IND,1954,-1349.461
IND,1955,-1794.074
IND,1956,-4432.131
IND,1957,-5136.562
IND,1958,-3889.546
IND,1959,-2633.271
IND,1960,-4025.147
IND,1961,-3128.858
IND,1962,-3486.958
IND,1963,-3343.503
IND,1964,-4016.468
IND,1965,-3721.003
IND,1966,-4912.853
IND,1967,-4208.579
IND,1968,-2550.612
IND,1969,-1529.039
IND,1970,-972.204
IND,1971,-2507.463
IND,1972,-1640.361
IND,1973,-2045.469
IND,1974,143.006
IND,1975,1654.374
IND,1976,3762.632
IND,1977,494.312
IND,1978,1532.752
IND,1979,650.106
IND,1980,-719.303
IND,1981,-2622.794
IND,1982,-2283.617
IND,1983,-6851.329
IND,1984,-2064.679
IND,1985,-6161.379
IND,1986,-9274.473
IND,1987,-6435.738
IND,1988,-7389.273
IND,1989,-5308.216
IND,1990,-3529.451
IND,1991,-818.849
IND,1992,-5995.204
IND,1993,-8924.295
IND,1994,-14456.839
IND,1995,-17163.247
IND,1996,-11975.178
IND,1997,-22573.443
IND,1998,-31227.24
IND,1999,-26301.204
IND,2000,-17170.293
IND,2001,-16446.339
IND,2002,-9882.37
IND,2003,-16147.244
IND,2004,-13522.601
IND,2005,-28254.74
IND,2006,-36572.237
IND,2007,-50562.861
IND,2008,-82725.437
IND,2009,-88401.518
IND,2010,-91047.004
IND,2011,-128474.706
IND,2012,-133196.145
IND,2013,-56855.342
IND,2014,-53336.189
IND,2015,-49301.075
IND,2016,-48899.293
IND,2017,-114821.677
IND,2018,-107242.821
IND,2019,-119659.617
HKG,1970,2161.393
HKG,1971,1077.152
HKG,1972,1740.067
HKG,1973,1714.244
HKG,1974,2343.691
HKG,1975,1987.245
HKG,1976,2794.856
HKG,1977,2166.89
HKG,1978,676.407
HKG,1979,554.311
HKG,1980,-687.743
HKG,1981,-450.117
HKG,1982,-282.301
HKG,1983,728.055
HKG,1984,2937.15
HKG,1985,2800.917
HKG,1986,3975.547
HKG,1987,5620.635
HKG,1988,5306.822
HKG,1989,6073.038
HKG,1990,3522.026
HKG,1991,614.217
HKG,1992,-3265.772
HKG,1993,-2839.689
HKG,1994,-9843.815
HKG,1995,-15786.106
HKG,1996,-13893.382
HKG,1997,-20040.955
HKG,1998,-15327.044
HKG,1999,-3586.557
HKG,2000,-4576.705
HKG,2001,-4722.364
HKG,2002,-1293.085
HKG,2003,3061.057
HKG,2004,8688.556
HKG,2005,19506.444
HKG,2006,22512.871
HKG,2007,20986.037
HKG,2008,22953.207
HKG,2009,15794.832
HKG,2010,15749.979
HKG,2011,12484.657
HKG,2012,7349.749
HKG,2013,5338.329
HKG,2014,5067.722
HKG,2015,7392.008
HKG,2016,6342.922
HKG,2017,2070.084
HKG,2018,-3213.687
HKG,2019,4356.022
HKG,2020,5157.929
HKG,2021,11963.102
MDG,2007,-490.043
MDG,2008,-1235.964
MDG,2009,-1191.979
MDG,2010,-894.429
MDG,2011,-835.813
MDG,2012,-840.366
MDG,2013,-939.831
MDG,2014,-253.492
MDG,2015,-502.639
MDG,2016,-714.097
MDG,2017,-191.728
MDG,2018,-615.215
MDG,2019,-341.624
MDG,2020,-1339.345
MAR,2007,-5142.891
MAR,2008,-10058.45
MAR,2009,-9422.301
MAR,2010,-7874.763
MAR,2011,-9520.241
MAR,2012,-10036.761
MAR,2013,-10014.49
MAR,2014,-8889.133
MAR,2015,-8056.861
MAR,2016,-11912.213
MAR,2017,-10275.795
MAR,2018,-11154.688
MAR,2019,-10172.365
MAR,2020,-10289.704
MAR,2021,-12646.638
SGP,1960,-194.207
SGP,1961,-259.888
SGP,1962,-179.005
SGP,1963,-306.875
SGP,1964,-238.212
SGP,1965,-274.362
SGP,1966,-175.077
SGP,1967,-216.9
SGP,1968,-145.837
SGP,1969,-370.229
SGP,1970,-996.345
SGP,1971,-1257.324
SGP,1972,-1197.389
SGP,1973,-739.585
SGP,1974,-853.272
SGP,1975,-370.156
SGP,1976,-87.72
SGP,1977,553.016
SGP,1978,374.302
SGP,1979,659.72
SGP,1980,949.866
SGP,1981,1402.797
SGP,1982,1126.834
SGP,1983,1409.852
SGP,1984,1702.326
SGP,1985,1898.132
SGP,1986,2773.517
SGP,1987,3466.478
SGP,1988,5737.385
SGP,1989,6452.676
SGP,1990,6493.917
SGP,1991,7963.414
SGP,1992,8382.667
SGP,1993,8632.517
SGP,1994,12023.348
SGP,1995,12682.196
SGP,1996,13004.273
SGP,1997,12941.938
SGP,1998,18612.914
SGP,1999,18127.18
SGP,2000,11887.549
SGP,2001,17386.213
SGP,2002,21865.474
SGP,2003,32195.734
SGP,2004,31948.284
SGP,2005,39012.383
SGP,2006,45089.375
SGP,2007,52203.808
SGP,2008,36610.623
SGP,2009,43902.024
SGP,2010,56540.796
SGP,2011,68486.171
SGP,2012,64693.688
SGP,2013,67133.053
SGP,2014,73292.601
SGP,2015,84076.883
SGP,2016,83264.706
SGP,2017,86054.807
SGP,2018,93910.061
SGP,2019,93724.292
SGP,2020,104565.163
EU27_2020,1995,130204.051
EU27_2020,1996,150181.559
EU27_2020,1997,187834.724
EU27_2020,1998,126170.378
EU27_2020,1999,87581.091
EU27_2020,2000,130606.727
EU27_2020,2001,188236.626
EU27_2020,2002,243430.953
EU27_2020,2003,180505.08
EU27_2020,2004,227835.041
EU27_2020,2005,212056.461
EU27_2020,2006,228195.113
EU27_2020,2007,216480.096
EU27_2020,2008,229183.123
EU27_2020,2009,192690.238
EU27_2020,2010,268961.237
EU27_2020,2011,384118.682
EU27_2020,2012,553609.969
EU27_2020,2013,596750.449
EU27_2020,2014,603199.296
EU27_2020,2015,590286.029
EU27_2020,2016,550293.166
EU27_2020,2017,595014.336
EU27_2020,2018,585391.743
EU27_2020,2019,504403.084
EU27_2020,2020,424671.324
EU27_2020,2021,565059.095
EU27_2020,2022,553259.956
SAU,2000,100844.809
SAU,2001,99427.968
SAU,2002,82796.145
SAU,2003,104860.743
SAU,2004,107669.684
SAU,2005,96379.152
SAU,2006,62841.961
SAU,2007,29268.34
SAU,2008,7780.4
SAU,2009,-1787.701
SAU,2010,-6002.025
SAU,2011,2750.856
SAU,2012,-6131.553
SAU,2013,-14011.817
SAU,2014,-33667.583
SAU,2015,-29296.857
SAU,2016,33207.461
SAU,2017,25270.126
SAU,2018,36303.212
SAU,2019,4132.991
SAU,2020,25417.952
SAU,2021,23477.357
SRB,1995,-1432.533
SRB,1996,-1766.247
SRB,1997,-1923.564
SRB,1998,-402.419
SRB,1999,-668.239
SRB,2000,-1029.33
SRB,2001,-2304.774
SRB,2002,-3335.819
SRB,2003,-3377.254
SRB,2004,-5963.41
SRB,2005,-3998.475
SRB,2006,-5871.976
SRB,2007,-8920.37
SRB,2008,-9559.242
SRB,2009,-6239.409
SRB,2010,-4459.669
SRB,2011,-4967.546
SRB,2012,-4486.554
SRB,2013,-3236.543
SRB,2014,-3523.666
SRB,2015,-2792.288
SRB,2016,-2096.28
SRB,2017,-2902.113
SRB,2018,-3929.302
SRB,2019,-5048.408
SRB,2020,-5019.013
SRB,2021,-5967.023
ALB,1995,-614.077
ALB,1996,-900.935
ALB,1997,-853.893
ALB,1998,-976.328
ALB,1999,-921.217
ALB,2000,-1443.402
ALB,2001,-1661.105
ALB,2002,-1886.18
ALB,2003,-1914.766
ALB,2004,-1954.434
ALB,2005,-2161.372
ALB,2006,-2210.84
ALB,2007,-2644.821
ALB,2008,-2934.433
ALB,2009,-2769.832
ALB,2010,-2290.111
ALB,2011,-2418.138
ALB,2012,-2047.769
ALB,2013,-1967.778
ALB,2014,-2146.005
ALB,2015,-1966.08
ALB,2016,-1964.883
ALB,2017,-1960.089
ALB,2018,-1943.307
ALB,2019,-1973.706
ALB,2020,-1920.515
ALB,2021,-2082.947
GEO,2010,-1597.897
GEO,2011,-1811.899
GEO,2012,-1877.859
GEO,2013,-1197.842
GEO,2014,-2210.872
GEO,2015,-2548.74
GEO,2016,-2222.377
GEO,2017,-2163.806
GEO,2018,-2401.381
GEO,2019,-2303.259
GEO,2020,-3805.837
CMR,1993,1665.417
CMR,1994,1374.567
CMR,1995,1761.727
CMR,1996,1782.24
CMR,1997,1495.068
CMR,1998,1375.315
CMR,1999,1220.851
CMR,2000,925.89
CMR,2001,795.344
CMR,2002,837.556
CMR,2003,829.772
CMR,2004,902.03
CMR,2005,440.455
CMR,2006,714.769
CMR,2007,795.937
CMR,2008,116.575
CMR,2009,-171.235
CMR,2010,-247.912
CMR,2011,-403.879
CMR,2012,-518.492
CMR,2013,-1069.651
CMR,2014,-1463.668
CMR,2015,-1147.279
CMR,2016,-1042.413
CMR,2017,-1055.157
CMR,2018,-1578.093
CMR,2019,-1766.608
CMR,2020,-1303.778
SEN,1999,-408.923
SEN,2000,-211.577
SEN,2001,-867.567
SEN,2002,-525.093
SEN,2003,-924.476
SEN,2004,-678.051
SEN,2005,-950.048
SEN,2006,-1047.399
SEN,2007,-1454.585
SEN,2008,-1239.674
SEN,2009,-1198.013
SEN,2010,-1161.837
SEN,2011,-1311.922
SEN,2012,-1309.388
SEN,2013,-1743.339
SEN,2014,-2160.093
SEN,2015,-2267.34
SEN,2016,-2525.166
SEN,2017,-3305.33
SEN,2018,-3640.794
SEN,2019,-3503.946
SEN,2020,-4891.864
