,LOCATION,TIME,GDPMLNUSD
0,AUS,1960,25071.833
1,AUS,1961,25363.455
2,AUS,1962,27953.904
3,AUS,1963,30431.547
4,AUS,1964,32742.466
5,AUS,1965,34538.087
6,AUS,1966,38340.322
7,AUS,1967,41063.061
8,AUS,1968,46555.241
9,AUS,1969,52208.329
10,AUS,1970,58911.123
11,AUS,1971,64192.384
12,AUS,1972,69871.924
13,AUS,1973,78914.75
14,AUS,1974,86394.431
15,AUS,1975,96933.513
16,AUS,1976,104370.768
17,AUS,1977,110361.996
18,AUS,1978,123440.344
19,AUS,1979,138091.009
20,AUS,1980,155157.89
21,AUS,1981,178430.317
22,AUS,1982,182041.004
23,AUS,1983,196746.258
24,AUS,1984,212020.678
25,AUS,1985,229153.081
26,AUS,1986,240014.679
27,AUS,1987,261085.322
28,AUS,1988,283190.956
29,AUS,1989,299886.891
30,AUS,1990,304408.929
31,AUS,1991,314181.011
32,AUS,1992,334849.617
33,AUS,1993,355957.486
34,AUS,1994,381621.283
35,AUS,1995,404071.671
36,AUS,1996,424444.69
37,AUS,1997,450947.394
38,AUS,1998,478369.09
39,AUS,1999,510551.679
40,AUS,2000,538759.875
41,AUS,2001,569497.649
42,AUS,2002,600598.648
43,AUS,2003,638782.462
44,AUS,2004,677715.434
45,AUS,2005,719487.043
46,AUS,2006,775886.237
47,AUS,2007,826594.305
48,AUS,2008,852737.657
49,AUS,2009,903956.83
50,AUS,2010,943323.281
51,AUS,2011,992802.546
52,AUS,2012,997651.363
53,AUS,2013,1104672.434
54,AUS,2014,1117601.897
55,AUS,2015,1124752.51
56,AUS,2016,1212854.276
57,AUS,2017,1247085.553
58,AUS,2018,1323863.624
59,AUS,2019,1337585.758
60,AUS,2020,1430883.479
61,AUS,2021,1595175.273
62,AUT,1970,28594.811
63,AUT,1971,31580.537
64,AUT,1972,34990.906
65,AUT,1973,38712.19
66,AUT,1974,43859.878
67,AUT,1975,47748.823
68,AUT,1976,52682.365
69,AUT,1977,58798.255
70,AUT,1978,62801.45
71,AUT,1979,71654.997
72,AUT,1980,79480.416
73,AUT,1981,86875.431
74,AUT,1982,94098.066
75,AUT,1983,100690.88
76,AUT,1984,104377.002
77,AUT,1985,110368.393
78,AUT,1986,115182.267
79,AUT,1987,119632.378
80,AUT,1988,127934.34
81,AUT,1989,138117.669
82,AUT,1990,149514.647
83,AUT,1991,159890.629
84,AUT,1992,166958.028
85,AUT,1993,171815.897
86,AUT,1994,179700.252
87,AUT,1995,188363.294
88,AUT,1996,195482.669
89,AUT,1997,202605.185
90,AUT,1998,212790.79
91,AUT,1999,220639.939
92,AUT,2000,235380.058
93,AUT,2001,238916.116
94,AUT,2002,251984.784
95,AUT,2003,261068.357
96,AUT,2004,275999.929
97,AUT,2005,288086.722
98,AUT,2006,311369.604
99,AUT,2007,327132.558
100,AUT,2008,343812.976
101,AUT,2009,341411.367
102,AUT,2010,351336.723
103,AUT,2011,373031.477
104,AUT,2012,391635.176
105,AUT,2013,406370.245
106,AUT,2014,417059.519
107,AUT,2015,430975.924
108,AUT,2016,460282.647
109,AUT,2017,476590.588
110,AUT,2018,503361.417
111,AUT,2019,530166.548
112,AUT,2020,510518.807
113,AUT,2021,536878.733
114,BEL,1970,37311.211
115,BEL,1971,40673.861
116,BEL,1972,44662.171
117,BEL,1973,49993.81
118,BEL,1974,56781.09
119,BEL,1975,61217.223
120,BEL,1976,68237.142
121,BEL,1977,72930.772
122,BEL,1978,80279.011
123,BEL,1979,88974.71
124,BEL,1980,101357.51
125,BEL,1981,110638.245
126,BEL,1982,118172.725
127,BEL,1983,123184.244
128,BEL,1984,130776.172
129,BEL,1985,137140.365
130,BEL,1986,142452.322
131,BEL,1987,149342.039
132,BEL,1988,161912.514
133,BEL,1989,174097.271
134,BEL,1990,186280.902
135,BEL,1991,196110.621
136,BEL,1992,203649.993
137,BEL,1993,206471.902
138,BEL,1994,217686.021
139,BEL,1995,227550.818
140,BEL,1996,231014.866
141,BEL,1997,241628.901
142,BEL,1998,248647.584
143,BEL,1999,260168.781
144,BEL,2000,284865.587
145,BEL,2001,296177.192
146,BEL,2002,312900.475
147,BEL,2003,320977.395
148,BEL,2004,334135.545
149,BEL,2005,347658.439
150,BEL,2006,371858.383
151,BEL,2007,390975.533
152,BEL,2008,405729.43
153,BEL,2009,407584.371
154,BEL,2010,434074.826
155,BEL,2011,451932.625
156,BEL,2012,469720.336
157,BEL,2013,487343.796
158,BEL,2014,503619.623
159,BEL,2015,520877.807
160,BEL,2016,550677.566
161,BEL,2017,573788.528
162,BEL,2018,600269.926
163,BEL,2019,641095.69
164,BEL,2020,629598.591
165,BEL,2021,681680.534
166,CAN,1961,44299.933
167,CAN,1962,48574.474
168,CAN,1963,51906.612
169,CAN,1964,56381.698
170,CAN,1965,61782.956
171,CAN,1966,68222.013
172,CAN,1967,72368.942
173,CAN,1968,80018.55
174,CAN,1969,88693.465
175,CAN,1970,99264.297
176,CAN,1971,108487.491
177,CAN,1972,119424.079
178,CAN,1973,134444.357
179,CAN,1974,151463.161
180,CAN,1975,168050.057
181,CAN,1976,187740.084
182,CAN,1977,206453.435
183,CAN,1978,229230.414
184,CAN,1979,257496.378
185,CAN,1980,286868.679
186,CAN,1981,324813.802
187,CAN,1982,333889.388
188,CAN,1983,355992.913
189,CAN,1984,390628.604
190,CAN,1985,422072.898
191,CAN,1986,439808.702
192,CAN,1987,469040.522
193,CAN,1988,507000.423
194,CAN,1989,539084.222
195,CAN,1990,560184.877
196,CAN,1991,567047.864
197,CAN,1992,585191.62
198,CAN,1993,615002.847
199,CAN,1994,656367.112
200,CAN,1995,688183.628
201,CAN,1996,712130.958
202,CAN,1997,755416.033
203,CAN,1998,793682.05
204,CAN,1999,846421.343
205,CAN,2000,901003.29
206,CAN,2001,937793.044
207,CAN,2002,971009.088
208,CAN,2003,1023686.549
209,CAN,2004,1083615.23
210,CAN,2005,1171340.162
211,CAN,2006,1241618.911
212,CAN,2007,1301593.852
213,CAN,2008,1342396.613
214,CAN,2009,1307000.658
215,CAN,2010,1363578.975
216,CAN,2011,1430807.125
217,CAN,2012,1468094.965
218,CAN,2013,1554122.745
219,CAN,2014,1621396.709
220,CAN,2015,1594850.842
221,CAN,2016,1678093.396
222,CAN,2017,1765763.154
223,CAN,2018,1852987.755
224,CAN,2019,1873755.698
225,CAN,2020,1796435.239
226,CAN,2021,2029877.312
227,CZE,1990,131496.969
228,CZE,1991,120154.08
229,CZE,1992,122269.784
230,CZE,1993,125245.477
231,CZE,1994,131641.586
232,CZE,1995,143139.202
233,CZE,1996,151531.592
234,CZE,1997,152758.275
235,CZE,1998,154193.291
236,CZE,1999,158333.514
237,CZE,2000,166518.688
238,CZE,2001,180055.685
239,CZE,2002,186119.946
240,CZE,2003,199179.664
241,CZE,2004,213447.642
242,CZE,2005,225620.781
243,CZE,2006,244916.876
244,CZE,2007,270707.675
245,CZE,2008,290503.947
246,CZE,2009,289955.029
247,CZE,2010,292042.96
248,CZE,2011,304400.914
249,CZE,2012,307490.199
250,CZE,2013,324029.978
251,CZE,2014,342099.837
252,CZE,2015,357503.881
253,CZE,2016,381420.335
254,CZE,2017,411327.86
255,CZE,2018,437355.916
256,CZE,2019,471830.456
257,CZE,2020,458113.668
258,CZE,2021,479257.498
259,DNK,1966,16625.045
260,DNK,1967,17777.523
261,DNK,1968,19448.084
262,DNK,1969,21893.14
263,DNK,1970,20979.666
264,DNK,1971,22705.557
265,DNK,1972,24617.817
266,DNK,1973,27029.654
267,DNK,1974,29131.29
268,DNK,1975,31365.964
269,DNK,1976,35052.734
270,DNK,1977,37927.013
271,DNK,1978,41498.497
272,DNK,1979,46680.279
273,DNK,1980,50651.12
274,DNK,1981,55074.476
275,DNK,1982,60631.757
276,DNK,1983,64642.27
277,DNK,1984,69764.616
278,DNK,1985,74852.422
279,DNK,1986,80104.7
280,DNK,1987,82294.253
281,DNK,1988,85185.53
282,DNK,1989,89096.252
283,DNK,1990,93795.008
284,DNK,1991,98318.294
285,DNK,1992,102526.826
286,DNK,1993,104968.276
287,DNK,1994,112926.717
288,DNK,1995,118785.323
289,DNK,1996,124955.379
290,DNK,1997,131749.006
291,DNK,1998,136929.658
292,DNK,1999,141846.299
293,DNK,2000,153044.347
294,DNK,2001,157772.984
295,DNK,2002,164720.391
296,DNK,2003,166146.759
297,DNK,2004,178018.869
298,DNK,2005,185074.466
299,DNK,2006,202967.698
300,DNK,2007,213053.567
301,DNK,2008,226767.494
302,DNK,2009,222766.179
303,DNK,2010,238563.887
304,DNK,2011,247352.237
305,DNK,2012,250524.599
306,DNK,2013,262368.12
307,DNK,2014,270330.607
308,DNK,2015,278748.365
309,DNK,2016,297719.06
310,DNK,2017,319130.165
311,DNK,2018,333035.355
312,DNK,2019,348344.276
313,DNK,2020,354702.681
314,DNK,2021,379911.54
315,FIN,1970,15583.949
316,FIN,1971,16759.846
317,FIN,1972,18836.831
318,FIN,1973,21256.688
319,FIN,1974,23919.402
320,FIN,1975,26606.671
321,FIN,1976,28167.611
322,FIN,1977,29989.425
323,FIN,1978,33036.021
324,FIN,1979,38324.878
325,FIN,1980,44038.703
326,FIN,1981,48840.038
327,FIN,1982,53469.283
328,FIN,1983,57295.244
329,FIN,1984,61284.256
330,FIN,1985,65466.033
331,FIN,1986,68624.789
332,FIN,1987,72835.629
333,FIN,1988,79338.834
334,FIN,1989,86643.501
335,FIN,1990,90489.343
336,FIN,1991,88042.847
337,FIN,1992,87082.448
338,FIN,1993,88556.449
339,FIN,1994,94031.986
340,FIN,1995,100052.093
341,FIN,1996,102944.027
342,FIN,1997,112022.339
343,FIN,1998,121509.297
344,FIN,1999,127934.786
345,FIN,2000,138662.265
346,FIN,2001,144226.941
347,FIN,2002,148763.802
348,FIN,2003,151452.408
349,FIN,2004,163128.975
350,FIN,2005,168146.753
351,FIN,2006,181423.448
352,FIN,2007,200138.563
353,FIN,2008,212980.742
354,FIN,2009,202739.973
355,FIN,2010,208934.271
356,FIN,2011,220471.171
357,FIN,2012,221285.636
358,FIN,2013,225679.983
359,FIN,2014,228058.636
360,FIN,2015,232867.602
361,FIN,2016,246928.493
362,FIN,2017,262026.563
363,FIN,2018,273455.993
364,FIN,2019,286081.584
365,FIN,2020,289196.449
366,FIN,2021,304172.622
367,FRA,1960,84286.645
368,FRA,1961,89236.064
369,FRA,1962,97734.662
370,FRA,1963,104468.637
371,FRA,1964,113249.46
372,FRA,1965,122389.747
373,FRA,1966,133414.117
374,FRA,1967,143803.056
375,FRA,1968,157794.703
376,FRA,1969,179129.265
377,FRA,1970,191870.238
378,FRA,1971,212314.768
379,FRA,1972,231484.97
380,FRA,1973,259661.644
381,FRA,1974,295200.589
382,FRA,1975,319447.819
383,FRA,1976,351711.779
384,FRA,1977,386506.385
385,FRA,1978,430151.53
386,FRA,1979,482376.545
387,FRA,1980,534253.405
388,FRA,1981,591056.908
389,FRA,1982,643297.206
390,FRA,1983,676788.89
391,FRA,1984,711819.74
392,FRA,1985,746247.233
393,FRA,1986,779069.036
394,FRA,1987,818786.455
395,FRA,1988,887874.629
396,FRA,1989,962762.441
397,FRA,1990,1028006.134
398,FRA,1991,1073910.552
399,FRA,1992,1115950.951
400,FRA,1993,1135220.853
401,FRA,1994,1186806.737
402,FRA,1995,1237219.57
403,FRA,1996,1276280.703
404,FRA,1997,1333868.855
405,FRA,1998,1405982.072
406,FRA,1999,1470523.886
407,FRA,2000,1589463.355
408,FRA,2001,1686983.546
409,FRA,2002,1762925.935
410,FRA,2003,1753680.985
411,FRA,2004,1822242.907
412,FRA,2005,1926880.385
413,FRA,2006,2065393.542
414,FRA,2007,2184560.779
415,FRA,2008,2259255.844
416,FRA,2009,2244035.354
417,FRA,2010,2334643.567
418,FRA,2011,2446474.544
419,FRA,2012,2474005.287
420,FRA,2013,2608523.504
421,FRA,2014,2662032.873
422,FRA,2015,2718495.127
423,FRA,2016,2864105.631
424,FRA,2017,2983010.673
425,FRA,2018,3125379.86
426,FRA,2019,3403142.968
427,FRA,2020,3252217.827
428,FRA,2021,3478994.226
429,DEU,1970,314364.212
430,DEU,1971,340647.167
431,DEU,1972,370654.72
432,DEU,1973,409644.521
433,DEU,1974,450481.409
434,DEU,1975,487941.583
435,DEU,1976,540273.43
436,DEU,1977,593050.375
437,DEU,1978,653861.358
438,DEU,1979,737498.469
439,DEU,1980,815445.902
440,DEU,1981,897328.604
441,DEU,1982,949006.038
442,DEU,1983,1001683.315
443,DEU,1984,1067118.244
444,DEU,1985,1126492.734
445,DEU,1986,1175464.801
446,DEU,1987,1221421.184
447,DEU,1988,1311384.068
448,DEU,1989,1415896.888
449,DEU,1990,1546089.28
450,DEU,1991,1680023.462
451,DEU,1992,1751354.132
452,DEU,1993,1775353.543
453,DEU,1994,1856636.208
454,DEU,1995,1924838.349
455,DEU,1996,1972433.431
456,DEU,1997,2015854.493
457,DEU,1998,2079586.767
458,DEU,1999,2158515.841
459,DEU,2000,2236379.831
460,DEU,2001,2336513.968
461,DEU,2002,2406900.908
462,DEU,2003,2468551.215
463,DEU,2004,2585565.145
464,DEU,2005,2622039.802
465,DEU,2006,2813597.188
466,DEU,2007,2985570.442
467,DEU,2008,3103958.247
468,DEU,2009,3015463.491
469,DEU,2010,3185384.991
470,DEU,2011,3415019.966
471,DEU,2012,3487234.448
472,DEU,2013,3628559.337
473,DEU,2014,3807114.521
474,DEU,2015,3889081.896
475,DEU,2016,4165169.905
476,DEU,2017,4386729.188
477,DEU,2018,4576056.532
478,DEU,2019,4769305.921
479,DEU,2020,4696678.334
480,DEU,2021,4890605.217
481,GRC,1960,6847.866
482,GRC,1961,10059.651
483,GRC,1962,10327.582
484,GRC,1963,11720.06
485,GRC,1964,13052.841
486,GRC,1965,14862.216
487,GRC,1966,16379.735
488,GRC,1967,17805.334
489,GRC,1968,20016.157
490,GRC,1969,23485.907
491,GRC,1970,27533.176
492,GRC,1971,31197.253
493,GRC,1972,35852.539
494,GRC,1973,40877.534
495,GRC,1974,41687.342
496,GRC,1975,48448.678
497,GRC,1976,54617.345
498,GRC,1977,59717.02
499,GRC,1978,68549.428
500,GRC,1979,76673.186
501,GRC,1980,84165.207
502,GRC,1981,90697.612
503,GRC,1982,95210.397
504,GRC,1983,97872.402
505,GRC,1984,103442.14
506,GRC,1985,109391.477
507,GRC,1986,112172.198
508,GRC,1987,112349.529
509,GRC,1988,121299.893
510,GRC,1989,130845.368
511,GRC,1990,135743.342
512,GRC,1991,144684.211
513,GRC,1992,149017.304
514,GRC,1993,150108.728
515,GRC,1994,156380.469
516,GRC,1995,163012.016
517,GRC,1996,171334.944
518,GRC,1997,182907.387
519,GRC,1998,193340.361
520,GRC,1999,198711.939
521,GRC,2000,210917.115
522,GRC,2001,227649.46
523,GRC,2002,246559.281
524,GRC,2003,261154.948
525,GRC,2004,278924.483
526,GRC,2005,281028.396
527,GRC,2006,314576.116
528,GRC,2007,323980.102
529,GRC,2008,341817.829
530,GRC,2009,337217.77
531,GRC,2010,310426.722
532,GRC,2011,285079.561
533,GRC,2012,275143.683
534,GRC,2013,284949.076
535,GRC,2014,290011.379
536,GRC,2015,289570.644
537,GRC,2016,296466.614
538,GRC,2017,307636.013
539,GRC,2018,317881.481
540,GRC,2019,334038.972
541,GRC,2020,303987.433
542,GRC,2021,332930.393
543,HUN,1991,86366.345
544,HUN,1992,85627.832
545,HUN,1993,87152.497
546,HUN,1994,91636.941
547,HUN,1995,94952.053
548,HUN,1996,96435.774
549,HUN,1997,101104.402
550,HUN,1998,106757.71
551,HUN,1999,111315.201
552,HUN,2000,121049.042
553,HUN,2001,134577.889
554,HUN,2002,147567.884
555,HUN,2003,156794.468
556,HUN,2004,164432.471
557,HUN,2005,172572.944
558,HUN,2006,185122.569
559,HUN,2007,192029.257
560,HUN,2008,208006.337
561,HUN,2009,207707.278
562,HUN,2010,217423.952
563,HUN,2011,229643.36
564,HUN,2012,230821.511
565,HUN,2013,242855.184
566,HUN,2014,253484.632
567,HUN,2015,263781.873
568,HUN,2016,274222.712
569,HUN,2017,288707.448
570,HUN,2018,311925.167
571,HUN,2019,338459.348
572,HUN,2020,333034.28
573,HUN,2021,356137.471
574,ISL,1970,787.242
575,ISL,1971,935.183
576,ISL,1972,1035.871
577,ISL,1973,1167.002
578,ISL,1974,1344.602
579,ISL,1975,1478.642
580,ISL,1976,1652.982
581,ISL,1977,1910.578
582,ISL,1978,2168.007
583,ISL,1979,2461.997
584,ISL,1980,2838.688
585,ISL,1981,3239.814
586,ISL,1982,3514.096
587,ISL,1983,3573.18
588,ISL,1984,3854.954
589,ISL,1985,4107.817
590,ISL,1986,4453.314
591,ISL,1987,4953.425
592,ISL,1988,5123.552
593,ISL,1989,5338.173
594,ISL,1990,5602.758
595,ISL,1991,5779.283
596,ISL,1992,5711.557
597,ISL,1993,5923.737
598,ISL,1994,6268.578
599,ISL,1995,6407.485
600,ISL,1996,6662.741
601,ISL,1997,7286.189
602,ISL,1998,7871.294
603,ISL,1999,8198.7
604,ISL,2000,8375.177
605,ISL,2001,9085.077
606,ISL,2002,9375.293
607,ISL,2003,9467.526
608,ISL,2004,10402.621
609,ISL,2005,11074.926
610,ISL,2006,12058.49
611,ISL,2007,12920.026
612,ISL,2008,13879.916
613,ISL,2009,13334.419
614,ISL,2010,12649.994
615,ISL,2011,13059.434
616,ISL,2012,13471.498
617,ISL,2013,14378.252
618,ISL,2014,15058.764
619,ISL,2015,16276.45
620,ISL,2016,17939.411
621,ISL,2017,19106.258
622,ISL,2018,20177.371
623,ISL,2019,21633.925
624,ISL,2020,20029.178
625,ISL,2021,21715.675
626,IRL,1970,7253.283
627,IRL,1971,7885.403
628,IRL,1972,8760.139
629,IRL,1973,9676.452
630,IRL,1974,10996.542
631,IRL,1975,12694.761
632,IRL,1976,13580.215
633,IRL,1977,15608.402
634,IRL,1978,17906.905
635,IRL,1979,19988.502
636,IRL,1980,22465.19
637,IRL,1981,25408.579
638,IRL,1982,27594.432
639,IRL,1983,28605.193
640,IRL,1984,30927.698
641,IRL,1985,32890.259
642,IRL,1986,33408.92
643,IRL,1987,35831.47
644,IRL,1988,39030.818
645,IRL,1989,42919.144
646,IRL,1990,48295.533
647,IRL,1991,50892.219
648,IRL,1992,53792.249
649,IRL,1993,56550.054
650,IRL,1994,61082.067
651,IRL,1995,68371.203
652,IRL,1996,74501.891
653,IRL,1997,83171.156
654,IRL,1998,93165.156
655,IRL,1999,101534.479
656,IRL,2000,114953.476
657,IRL,2001,125932.875
658,IRL,2002,138490.842
659,IRL,2003,145012.031
660,IRL,2004,157656.072
661,IRL,2005,168336.081
662,IRL,2006,189003.591
663,IRL,2007,205776.585
664,IRL,2008,198299.13
665,IRL,2009,188097.008
666,IRL,2010,197043.539
667,IRL,2011,206494.885
668,IRL,2012,213365.684
669,IRL,2013,221217.164
670,IRL,2014,238187.305
671,IRL,2015,324787.369
672,IRL,2016,340185.299
673,IRL,2017,374825.508
674,IRL,2018,412301.576
675,IRL,2019,442688.127
676,IRL,2020,468294.581
677,IRL,2021,536251.052
678,ITA,1970,195500.673
679,ITA,1971,209145.514
680,ITA,1972,226238.476
681,ITA,1973,255640.963
682,ITA,1974,293971.207
683,ITA,1975,314487.008
684,ITA,1976,355436.069
685,ITA,1977,387187.043
686,ITA,1978,427848.936
687,ITA,1979,490957.164
688,ITA,1980,553666.779
689,ITA,1981,611172.021
690,ITA,1982,651615.744
691,ITA,1983,685055.274
692,ITA,1984,732666.182
693,ITA,1985,776985.293
694,ITA,1986,815302.091
695,ITA,1987,862130.616
696,ITA,1988,929978.15
697,ITA,1989,999183.103
698,ITA,1990,1057170.096
699,ITA,1991,1109735.083
700,ITA,1992,1144494.194
701,ITA,1993,1161630.916
702,ITA,1994,1211957.193
703,ITA,1995,1273091.606
704,ITA,1996,1311168.92
705,ITA,1997,1358332.327
706,ITA,1998,1423933.146
707,ITA,1999,1457193.11
708,ITA,2000,1541771.971
709,ITA,2001,1597447.689
710,ITA,2002,1639680.501
711,ITA,2003,1673442.225
712,ITA,2004,1704881.817
713,ITA,2005,1746658.11
714,ITA,2006,1886706.883
715,ITA,2007,1995375.59
716,ITA,2008,2089717.307
717,ITA,2009,2044982.158
718,ITA,2010,2084072.993
719,ITA,2011,2173169.961
720,ITA,2012,2172383.108
721,ITA,2013,2187376.607
722,ITA,2014,2200256.409
723,ITA,2015,2240922.483
724,ITA,2016,2420672.141
725,ITA,2017,2517184.468
726,ITA,2018,2600326.872
727,ITA,2019,2735564.524
728,ITA,2020,2563593.616
729,ITA,2021,2751334.768
730,JPN,1970,348114.148
731,JPN,1971,382947.706
732,JPN,1972,433113.832
733,JPN,1973,493544.739
734,JPN,1974,531366.049
735,JPN,1975,598533.619
736,JPN,1976,656574.202
737,JPN,1977,727986.461
738,JPN,1978,820270.312
739,JPN,1979,937040.621
740,JPN,1980,1050471.09
741,JPN,1981,1198859.753
742,JPN,1982,1314677.302
743,JPN,1983,1415765.104
744,JPN,1984,1531542.366
745,JPN,1985,1661500.325
746,JPN,1986,1750794.139
747,JPN,1987,1877492.604
748,JPN,1988,2073203.225
749,JPN,1989,2260605.047
750,JPN,1990,2458757.721
751,JPN,1991,2631467.512
752,JPN,1992,2715675.011
753,JPN,1993,2767279.211
754,JPN,1994,2856992.794
755,JPN,1995,2993644.743
756,JPN,1996,3143992.145
757,JPN,1997,3229588.927
758,JPN,1998,3224451.313
759,JPN,1999,3258971.755
760,JPN,2000,3461199.211
761,JPN,2001,3552841.441
762,JPN,2002,3647933.242
763,JPN,2003,3753919.246
764,JPN,2004,3938955.766
765,JPN,2005,4110440.486
766,JPN,2006,4300322.188
767,JPN,2007,4482081.29
768,JPN,2008,4517267.524
769,JPN,2009,4295628.986
770,JPN,2010,4525401.306
771,JPN,2011,4629400.467
772,JPN,2012,4799612.88
773,JPN,2013,5021591.104
774,JPN,2014,5034454.619
775,JPN,2015,5199915.223
776,JPN,2016,5158900.414
777,JPN,2017,5262254.967
778,JPN,2018,5340832.208
779,JPN,2019,5357737.979
780,JPN,2020,5241927.743
781,JPN,2021,5299927.76
782,KOR,1970,19360.946
783,KOR,1971,22487.595
784,KOR,1972,25152.141
785,KOR,1973,30483.038
786,KOR,1974,36386.53
787,KOR,1975,42873.785
788,KOR,1976,51213.792
789,KOR,1977,61106.159
790,KOR,1978,72567.984
791,KOR,1979,85403.228
792,KOR,1980,91585.339
793,KOR,1981,107515.66
794,KOR,1982,123676.871
795,KOR,1983,145712.222
796,KOR,1984,166898.807
797,KOR,1985,185673.604
798,KOR,1986,210868.183
799,KOR,1987,243576.231
800,KOR,1988,282397.397
801,KOR,1989,314225.056
802,KOR,1990,358187.125
803,KOR,1991,410211.322
804,KOR,1992,445566.679
805,KOR,1993,487498.211
806,KOR,1994,544057.83
807,KOR,1995,608871.842
808,KOR,1996,668944.044
809,KOR,1997,722468.659
810,KOR,1998,693124.625
811,KOR,1999,783492.526
812,KOR,2000,871475.638
813,KOR,2001,934349.292
814,KOR,2002,1019446.686
815,KOR,2003,1058222.737
816,KOR,2004,1143105.568
817,KOR,2005,1213618.157
818,KOR,2006,1302227.991
819,KOR,2007,1414985.951
820,KOR,2008,1468996.086
821,KOR,2009,1454994.406
822,KOR,2010,1572680.44
823,KOR,2011,1625275.456
824,KOR,2012,1684562.928
825,KOR,2013,1726902.753
826,KOR,2014,1792600.237
827,KOR,2015,1933588.947
828,KOR,2016,2026967.822
829,KOR,2017,2103651.26
830,KOR,2018,2220442.286
831,KOR,2019,2247126.39
832,KOR,2020,2316980.188
833,KOR,2021,2426254.697
834,LUX,1970,1860.229
835,LUX,1971,2006.659
836,LUX,1972,2231.528
837,LUX,1973,2549.478
838,LUX,1974,2895.958
839,LUX,1975,2956.268
840,LUX,1976,3198.008
841,LUX,1977,3450.033
842,LUX,1978,3843.179
843,LUX,1979,4259.655
844,LUX,1980,4683.487
845,LUX,1981,5098.401
846,LUX,1982,5474.635
847,LUX,1983,5859.115
848,LUX,1984,6446.073
849,LUX,1985,6835.572
850,LUX,1986,7669.437
851,LUX,1987,8169.599
852,LUX,1988,9173.58
853,LUX,1989,10467.287
854,LUX,1990,11436.809
855,LUX,1991,12845.628
856,LUX,1992,13377.441
857,LUX,1993,14269.79
858,LUX,1994,15131.392
859,LUX,1995,15669.938
860,LUX,1996,16453.939
861,LUX,1997,17820.941
862,LUX,1998,18801.25
863,LUX,1999,21456.896
864,LUX,2000,24050.965
865,LUX,2001,24784.582
866,LUX,2002,26135.007
867,LUX,2003,27187.733
868,LUX,2004,29635.497
869,LUX,2005,31997.214
870,LUX,2006,37275.47
871,LUX,2007,40856.686
872,LUX,2008,44452.835
873,LUX,2009,43247.639
874,LUX,2010,45808.5
875,LUX,2011,48970.83
876,LUX,2012,51308.749
877,LUX,2013,54838.627
878,LUX,2014,58578.312
879,LUX,2015,61437.294
880,LUX,2016,65980.114
881,LUX,2017,68570.173
882,LUX,2018,70825.278
883,LUX,2019,74115.623
884,LUX,2020,75649.421
885,LUX,2021,84154.154
886,MEX,1970,94115.627
887,MEX,1971,103008.445
888,MEX,1972,116581.758
889,MEX,1973,133312.675
890,MEX,1974,154188.025
891,MEX,1975,177927.73
892,MEX,1976,195675.708
893,MEX,1977,214986.945
894,MEX,1978,249093.53
895,MEX,1979,294455.119
896,MEX,1980,347776.417
897,MEX,1981,414159.161
898,MEX,1982,436639.425
899,MEX,1983,434249.765
900,MEX,1984,466111.234
901,MEX,1985,494181.871
902,MEX,1986,485209.517
903,MEX,1987,506434.857
904,MEX,1988,530828.672
905,MEX,1989,574798.441
906,MEX,1990,626538.133
907,MEX,1991,675074.828
908,MEX,1992,715513.58
909,MEX,1993,758505.079
910,MEX,1994,812981.04
911,MEX,1995,777809.434
912,MEX,1996,845698.562
913,MEX,1997,919184.017
914,MEX,1998,977530.109
915,MEX,1999,1018601.794
916,MEX,2000,1096748.815
917,MEX,2001,1116922.396
918,MEX,2002,1137595.967
919,MEX,2003,1184225.321
920,MEX,2004,1263689.079
921,MEX,2005,1341775.456
922,MEX,2006,1485717.873
923,MEX,2007,1560834.849
924,MEX,2008,1653898.19
925,MEX,2009,1636084.571
926,MEX,2010,1740490.338
927,MEX,2011,1911319.096
928,MEX,2012,2012767.781
929,MEX,2013,2064490.947
930,MEX,2014,2173227.412
931,MEX,2015,2230188.94
932,MEX,2016,2383253.082
933,MEX,2017,2460766.096
934,MEX,2018,2535949.668
935,MEX,2019,2529767.945
936,MEX,2020,2333909.441
937,MEX,2021,2481478.597
938,NLD,1969,52607.563
939,NLD,1970,57593.934
940,NLD,1971,63134.172
941,NLD,1972,67514.188
942,NLD,1973,75333.089
943,NLD,1974,85606.711
944,NLD,1975,93651.194
945,NLD,1976,103535.63
946,NLD,1977,112081.484
947,NLD,1978,122761.188
948,NLD,1979,135634.207
949,NLD,1980,152693.932
950,NLD,1981,165832.307
951,NLD,1982,173893.174
952,NLD,1983,184444.697
953,NLD,1984,196949.754
954,NLD,1985,208420.55
955,NLD,1986,218543.544
956,NLD,1987,228272.699
957,NLD,1988,244457.291
958,NLD,1989,265270.116
959,NLD,1990,286712.018
960,NLD,1991,303637.437
961,NLD,1992,315855.408
962,NLD,1993,327408.657
963,NLD,1994,344302.094
964,NLD,1995,362475.108
965,NLD,1996,380746.924
966,NLD,1997,406151.074
967,NLD,1998,435250.296
968,NLD,1999,462796.455
969,NLD,2000,507628.636
970,NLD,2001,532498.813
971,NLD,2002,556285.465
972,NLD,2003,554111.916
973,NLD,2004,583050.032
974,NLD,2005,614044.12
975,NLD,2006,670317.999
976,NLD,2007,719877.837
977,NLD,2008,763407.575
978,NLD,2009,736583.057
979,NLD,2010,748411.412
980,NLD,2011,777880.907
981,NLD,2012,792041.828
982,NLD,2013,827475.788
983,NLD,2014,830318.43
984,NLD,2015,851884.697
985,NLD,2016,890488.555
986,NLD,2017,943739.619
987,NLD,2018,996447.288
988,NLD,2019,1044302.783
989,NLD,2020,1043301.978
990,NLD,2021,1111920.895
991,NZL,1970,11046.16
992,NZL,1971,12307.831
993,NZL,1972,13716.189
994,NZL,1973,15068.958
995,NZL,1974,17186.819
996,NZL,1975,19389.707
997,NZL,1976,20350.534
998,NZL,1977,20199.732
999,NZL,1978,22635.179
1000,NZL,1979,24010.868
1001,NZL,1980,26509.747
1002,NZL,1981,29755.171
1003,NZL,1982,33182.461
1004,NZL,1983,36104.381
1005,NZL,1984,39996.052
1006,NZL,1985,41296.183
1007,NZL,1986,43410.351
1008,NZL,1987,44217.527
1009,NZL,1988,45993.131
1010,NZL,1989,48200.521
1011,NZL,1990,49544.985
1012,NZL,1991,50902.961
1013,NZL,1992,52737.085
1014,NZL,1993,56949.985
1015,NZL,1994,61762.54
1016,NZL,1995,65700.04
1017,NZL,1996,68824.196
1018,NZL,1997,72326.066
1019,NZL,1998,73705.72
1020,NZL,1999,78923.926
1021,NZL,2000,82942.971
1022,NZL,2001,87392.884
1023,NZL,2002,92024.858
1024,NZL,2003,96601.917
1025,NZL,2004,102582.685
1026,NZL,2005,106147.849
1027,NZL,2006,116097.834
1028,NZL,2007,123983.303
1029,NZL,2008,127057.687
1030,NZL,2009,132015.821
1031,NZL,2010,135802.946
1032,NZL,2011,143362.869
1033,NZL,2012,145417.047
1034,NZL,2013,160992.629
1035,NZL,2014,168435.427
1036,NZL,2015,172758.809
1037,NZL,2016,188250.858
1038,NZL,2017,203223.123
1039,NZL,2018,208377.269
1040,NZL,2019,228674.802
1041,NZL,2020,231483.28
1042,NZL,2021,241154.582
1043,NOR,1970,13042.66
1044,NOR,1971,14481.151
1045,NOR,1972,15912.44
1046,NOR,1973,17545.247
1047,NOR,1974,19874.331
1048,NOR,1975,22790.581
1049,NOR,1976,25445.541
1050,NOR,1977,28151.074
1051,NOR,1978,31297.07
1052,NOR,1979,35375.636
1053,NOR,1980,40331.781
1054,NOR,1981,44853.64
1055,NOR,1982,47736.904
1056,NOR,1983,51577.434
1057,NOR,1984,56672.491
1058,NOR,1985,61711.485
1059,NOR,1986,65499.064
1060,NOR,1987,68295.593
1061,NOR,1988,70524.124
1062,NOR,1989,74049.865
1063,NOR,1990,78306.316
1064,NOR,1991,83451.667
1065,NOR,1992,88404.328
1066,NOR,1993,93074.822
1067,NOR,1994,99868.173
1068,NOR,1995,106199.344
1069,NOR,1996,117535.001
1070,NOR,1997,126028.12
1071,NOR,1998,124912.673
1072,NOR,1999,136333.967
1073,NOR,2000,165903.269
1074,NOR,2001,170485.518
1075,NOR,2002,172360.893
1076,NOR,2003,176182.29
1077,NOR,2004,195386.549
1078,NOR,2005,220981.899
1079,NOR,2006,252387.777
1080,NOR,2007,263414.66
1081,NOR,2008,294277.831
1082,NOR,2009,267353.031
1083,NOR,2010,283179.692
1084,NOR,2011,307471.57
1085,NOR,2012,327987.716
1086,NOR,2013,340137.933
1087,NOR,2014,338506.045
1088,NOR,2015,313230.601
1089,NOR,2016,308522.085
1090,NOR,2017,337993.785
1091,NOR,2018,370815.982
1092,NOR,2019,370426.3
1093,NOR,2020,345153.033
1094,NOR,2021,435320.24
1095,POL,1990,235993.403
1096,POL,1991,226857.93
1097,POL,1992,237863.28
1098,POL,1993,252604.287
1099,POL,1994,271653.801
1100,POL,1995,296631.094
1101,POL,1996,319742.779
1102,POL,1997,345404.449
1103,POL,1998,366846.251
1104,POL,1999,388183.91
1105,POL,2000,408356.72
1106,POL,2001,425374.646
1107,POL,2002,451281.404
1108,POL,2003,469495.712
1109,POL,2004,509875.851
1110,POL,2005,530377.339
1111,POL,2006,577845.297
1112,POL,2007,640604.438
1113,POL,2008,697829.214
1114,POL,2009,734073.777
1115,POL,2010,794733.857
1116,POL,2011,862451.786
1117,POL,2012,897877.763
1118,POL,2013,925133.245
1119,POL,2014,962317.654
1120,POL,2015,1018896.563
1121,POL,2016,1069459.06
1122,POL,2017,1137654.148
1123,POL,2018,1216240.494
1124,POL,2019,1327875.818
1125,POL,2020,1338303.756
1126,POL,2021,1439116.166
1127,PRT,1970,18297.775
1128,PRT,1971,20500.273
1129,PRT,1972,23100.728
1130,PRT,1973,27095.841
1131,PRT,1974,29871.646
1132,PRT,1975,31219.536
1133,PRT,1976,35210.448
1134,PRT,1977,39493.475
1135,PRT,1978,43461.72
1136,PRT,1979,49721.662
1137,PRT,1980,56701.075
1138,PRT,1981,63070.511
1139,PRT,1982,68397.176
1140,PRT,1983,70953.101
1141,PRT,1984,72130.854
1142,PRT,1985,76501.024
1143,PRT,1986,81273.35
1144,PRT,1987,88597.709
1145,PRT,1988,98592.152
1146,PRT,1989,109056.213
1147,PRT,1990,117608.11
1148,PRT,1991,126896.436
1149,PRT,1992,131202.305
1150,PRT,1993,131567.874
1151,PRT,1994,135673.93
1152,PRT,1995,144451.336
1153,PRT,1996,150174.215
1154,PRT,1997,159610.812
1155,PRT,1998,169551.511
1156,PRT,1999,181041.019
1157,PRT,2000,194265.582
1158,PRT,2001,202362.954
1159,PRT,2002,212108.896
1160,PRT,2003,218087.233
1161,PRT,2004,225171.794
1162,PRT,2005,238691.186
1163,PRT,2006,259680.885
1164,PRT,2007,271333.311
1165,PRT,2008,281542.549
1166,PRT,2009,279639.203
1167,PRT,2010,288239.161
1168,PRT,2011,282620.91
1169,PRT,2012,277991.759
1170,PRT,2013,292135.199
1171,PRT,2014,298951.673
1172,PRT,2015,307230.008
1173,PRT,2016,326364.379
1174,PRT,2017,340370.325
1175,PRT,2018,359198.932
1176,PRT,2019,383668.778
1177,PRT,2020,359906.742
1178,PRT,2021,377721.074
1179,SVK,1992,38141.387
1180,SVK,1993,39787.849
1181,SVK,1994,43159.26
1182,SVK,1995,46639.16
1183,SVK,1996,50550.906
1184,SVK,1997,54297.659
1185,SVK,1998,57266.144
1186,SVK,1999,57813.884
1187,SVK,2000,61313.497
1188,SVK,2001,66633.016
1189,SVK,2002,71578.565
1190,SVK,2003,76203.695
1191,SVK,2004,81800.539
1192,SVK,2005,89400.317
1193,SVK,2006,101611.366
1194,SVK,2007,114074.916
1195,SVK,2008,127626.827
1196,SVK,2009,124328.073
1197,SVK,2010,136956.634
1198,SVK,2011,141755.313
1199,SVK,2012,145972.536
1200,SVK,2013,151678.246
1201,SVK,2014,157298.526
1202,SVK,2015,163007.449
1203,SVK,2016,161498.697
1204,SVK,2017,163951.2
1205,SVK,2018,170864.165
1206,SVK,2019,182475.976
1207,SVK,2020,179644.499
1208,SVK,2021,184663.738
1209,ESP,1970,94987.002
1210,ESP,1971,104442.316
1211,ESP,1972,117836.836
1212,ESP,1973,133974.759
1213,ESP,1974,154235.897
1214,ESP,1975,169435.893
1215,ESP,1976,184666.493
1216,ESP,1977,201708.092
1217,ESP,1978,219054.458
1218,ESP,1979,237326.993
1219,ESP,1980,264480.337
1220,ESP,1981,289122.347
1221,ESP,1982,310811.547
1222,ESP,1983,328702.593
1223,ESP,1984,346639.165
1224,ESP,1985,365902.927
1225,ESP,1986,385415.583
1226,ESP,1987,416854.326
1227,ESP,1988,453543.524
1228,ESP,1989,494074.961
1229,ESP,1990,531952.097
1230,ESP,1991,563942.96
1231,ESP,1992,582154.394
1232,ESP,1993,589806.211
1233,ESP,1994,616757.472
1234,ESP,1995,647053.928
1235,ESP,1996,677336.504
1236,ESP,1997,717552.562
1237,ESP,1998,768167.961
1238,ESP,1999,805891.27
1239,ESP,2000,875747.176
1240,ESP,2001,937630.693
1241,ESP,2002,1009753.34
1242,ESP,2003,1056682.569
1243,ESP,2004,1122140.081
1244,ESP,2005,1205129.038
1245,ESP,2006,1363696.821
1246,ESP,2007,1468656.187
1247,ESP,2008,1528583.756
1248,ESP,2009,1487977.498
1249,ESP,2010,1475660.667
1250,ESP,2011,1489594.952
1251,ESP,2012,1483654.097
1252,ESP,2013,1512561.983
1253,ESP,2014,1558986.389
1254,ESP,2015,1621825.009
1255,ESP,2016,1734116.161
1256,ESP,2017,1842770.464
1257,ESP,2018,1905450.021
1258,ESP,2019,2031915.027
1259,ESP,2020,1799154.653
1260,ESP,2021,1927531.482
1261,SWE,1960,18451.39
1262,SWE,1961,19688.876
1263,SWE,1962,20997.815
1264,SWE,1963,22440.234
1265,SWE,1964,24401.202
1266,SWE,1965,26041.148
1267,SWE,1966,27512.88
1268,SWE,1967,29255.928
1269,SWE,1968,31794.557
1270,SWE,1969,35114.337
1271,SWE,1970,39457.833
1272,SWE,1971,41849.649
1273,SWE,1972,44657.937
1274,SWE,1973,48974.265
1275,SWE,1974,55088.545
1276,SWE,1975,61727.783
1277,SWE,1976,65813.992
1278,SWE,1977,68787.419
1279,SWE,1978,74915.399
1280,SWE,1979,84246.226
1281,SWE,1980,93417.783
1282,SWE,1981,102722.205
1283,SWE,1982,110430.559
1284,SWE,1983,116936.983
1285,SWE,1984,126280.049
1286,SWE,1985,133087.984
1287,SWE,1986,139422.206
1288,SWE,1987,147661.484
1289,SWE,1988,156782.13
1290,SWE,1989,167253.974
1291,SWE,1990,174824.314
1292,SWE,1991,178665.26
1293,SWE,1992,180619.707
1294,SWE,1993,181081.662
1295,SWE,1994,192216.95
1296,SWE,1995,203970.265
1297,SWE,1996,211606.124
1298,SWE,1997,219438.224
1299,SWE,1998,229143.022
1300,SWE,1999,243339.592
1301,SWE,2000,262812.594
1302,SWE,2001,266276.626
1303,SWE,2002,276017.772
1304,SWE,2003,285017.142
1305,SWE,2004,304510.083
1306,SWE,2005,309212.867
1307,SWE,2006,342559.059
1308,SWE,2007,374245.54
1309,SWE,2008,388684.19
1310,SWE,2009,374559.331
1311,SWE,2010,395975.544
1312,SWE,2011,421515.998
1313,SWE,2012,432488.303
1314,SWE,2013,444616.544
1315,SWE,2014,457507.758
1316,SWE,2015,481170.723
1317,SWE,2016,500423.665
1318,SWE,2017,522476.825
1319,SWE,2018,544594.071
1320,SWE,2019,579770.675
1321,SWE,2020,581191.93
1322,SWE,2021,624677.494
1323,CHE,1970,46243.052
1324,CHE,1971,50567.334
1325,CHE,1972,54441.605
1326,CHE,1973,59176.349
1327,CHE,1974,65439.885
1328,CHE,1975,66293.758
1329,CHE,1976,68960.399
1330,CHE,1977,75027.697
1331,CHE,1978,80633.53
1332,CHE,1979,89499.01
1333,CHE,1980,102074.295
1334,CHE,1981,113521.93
1335,CHE,1982,118957.305
1336,CHE,1983,124406.615
1337,CHE,1984,132772.585
1338,CHE,1985,142003.224
1339,CHE,1986,147555.501
1340,CHE,1987,153601.579
1341,CHE,1988,164231.778
1342,CHE,1989,178061.611
1343,CHE,1990,191145.482
1344,CHE,1991,195799.826
1345,CHE,1992,200174.349
1346,CHE,1993,204660.995
1347,CHE,1994,211685.567
1348,CHE,1995,217163.671
1349,CHE,1996,222830.187
1350,CHE,1997,232053.312
1351,CHE,1998,240740.604
1352,CHE,1999,248201.012
1353,CHE,2000,263630.222
1354,CHE,2001,273416.444
1355,CHE,2002,281956.01
1356,CHE,2003,284289.751
1357,CHE,2004,296882.887
1358,CHE,2005,308825.1
1359,CHE,2006,346275.0
1360,CHE,2007,384529.784
1361,CHE,2008,411512.115
1362,CHE,2009,410235.501
1363,CHE,2010,425995.659
1364,CHE,2011,454911.977
1365,CHE,2012,475340.888
1366,CHE,2013,498760.658
1367,CHE,2014,519299.875
1368,CHE,2015,540550.996
1369,CHE,2016,563950.47
1370,CHE,2017,576360.576
1371,CHE,2018,601868.008
1372,CHE,2019,623151.744
1373,CHE,2020,611616.862
1374,CHE,2021,661115.196
1375,TUR,1970,62645.493
1376,TUR,1971,69837.918
1377,TUR,1972,78204.71
1378,TUR,1973,85349.114
1379,TUR,1974,98008.249
1380,TUR,1975,114934.244
1381,TUR,1976,133625.299
1382,TUR,1977,146936.065
1383,TUR,1978,159670.974
1384,TUR,1979,171660.196
1385,TUR,1980,182599.225
1386,TUR,1981,209628.241
1387,TUR,1982,230470.102
1388,TUR,1983,251378.195
1389,TUR,1984,277982.802
1390,TUR,1985,298930.414
1391,TUR,1986,326324.731
1392,TUR,1987,366115.757
1393,TUR,1988,387058.663
1394,TUR,1989,403252.55
1395,TUR,1990,457065.098
1396,TUR,1991,476900.354
1397,TUR,1992,516957.366
1398,TUR,1993,571770.31
1399,TUR,1994,552119.591
1400,TUR,1995,604233.922
1401,TUR,1996,657199.322
1402,TUR,1997,717501.293
1403,TUR,1998,558289.96
1404,TUR,1999,546532.203
1405,TUR,2000,609017.468
1406,TUR,2001,595813.524
1407,TUR,2002,612446.634
1408,TUR,2003,641089.519
1409,TUR,2004,735768.794
1410,TUR,2005,815102.371
1411,TUR,2006,945160.519
1412,TUR,2007,1042879.157
1413,TUR,2008,1139548.435
1414,TUR,2009,1112530.405
1415,TUR,2010,1268755.604
1416,TUR,2011,1454111.872
1417,TUR,2012,1550688.484
1418,TUR,2013,1703669.602
1419,TUR,2014,1860470.92
1420,TUR,2015,2022397.778
1421,TUR,2016,2116398.303
1422,TUR,2017,2264269.34
1423,TUR,2018,2302309.895
1424,TUR,2019,2313136.166
1425,TUR,2020,2332378.811
1426,TUR,2021,2580935.413
1427,GBR,1960,114500.834
1428,GBR,1961,118722.123
1429,GBR,1962,122368.019
1430,GBR,1963,129722.616
1431,GBR,1964,138405.51
1432,GBR,1965,146426.639
1433,GBR,1966,154889.273
1434,GBR,1967,163586.747
1435,GBR,1968,180450.377
1436,GBR,1969,194511.307
1437,GBR,1970,202617.129
1438,GBR,1971,220349.258
1439,GBR,1972,239808.815
1440,GBR,1973,269452.147
1441,GBR,1974,286402.642
1442,GBR,1975,308319.504
1443,GBR,1976,334754.234
1444,GBR,1977,364292.386
1445,GBR,1978,406309.18
1446,GBR,1979,456515.238
1447,GBR,1980,487641.412
1448,GBR,1981,529577.918
1449,GBR,1982,573513.861
1450,GBR,1983,621138.484
1451,GBR,1984,658150.082
1452,GBR,1985,707123.171
1453,GBR,1986,744089.361
1454,GBR,1987,803608.323
1455,GBR,1988,879646.067
1456,GBR,1989,937693.935
1457,GBR,1990,979932.836
1458,GBR,1991,1001896.423
1459,GBR,1992,1028838.746
1460,GBR,1993,1079449.258
1461,GBR,1994,1144902.342
1462,GBR,1995,1196698.018
1463,GBR,1996,1278340.997
1464,GBR,1997,1346138.211
1465,GBR,1998,1386642.418
1466,GBR,1999,1438582.071
1467,GBR,2000,1562979.306
1468,GBR,2001,1648959.732
1469,GBR,2002,1727142.294
1470,GBR,2003,1810273.348
1471,GBR,2004,1924035.177
1472,GBR,2005,1977961.259
1473,GBR,2006,2114356.983
1474,GBR,2007,2179750.931
1475,GBR,2008,2272705.028
1476,GBR,2009,2185640.294
1477,GBR,2010,2296011.231
1478,GBR,2011,2357065.652
1479,GBR,2012,2441787.874
1480,GBR,2013,2563540.009
1481,GBR,2014,2667111.912
1482,GBR,2015,2773799.776
1483,GBR,2016,2903649.696
1484,GBR,2017,3045581.584
1485,GBR,2018,3137072.362
1486,GBR,2019,3294261.829
1487,GBR,2020,3076855.061
1488,GBR,2021,3351727.941
1489,USA,1970,1073303.0
1490,USA,1971,1164850.0
1491,USA,1972,1279110.0
1492,USA,1973,1425376.0
1493,USA,1974,1545243.0
1494,USA,1975,1684904.0
1495,USA,1976,1873412.0
1496,USA,1977,2081826.0
1497,USA,1978,2351599.0
1498,USA,1979,2627333.0
1499,USA,1980,2857307.0
1500,USA,1981,3207041.0
1501,USA,1982,3343789.0
1502,USA,1983,3634038.0
1503,USA,1984,4037613.0
1504,USA,1985,4338979.0
1505,USA,1986,4579631.0
1506,USA,1987,4855215.0
1507,USA,1988,5236438.0
1508,USA,1989,5641580.0
1509,USA,1990,5963144.0
1510,USA,1991,6158129.0
1511,USA,1992,6520327.0
1512,USA,1993,6858559.0
1513,USA,1994,7287236.0
1514,USA,1995,7639749.0
1515,USA,1996,8073122.0
1516,USA,1997,8577552.0
1517,USA,1998,9062817.0
1518,USA,1999,9631172.0
1519,USA,2000,10250952.0
1520,USA,2001,10581929.0
1521,USA,2002,10929108.0
1522,USA,2003,11456450.0
1523,USA,2004,12217196.0
1524,USA,2005,13039197.0
1525,USA,2006,13815583.0
1526,USA,2007,14474228.0
1527,USA,2008,14769862.0
1528,USA,2009,14478067.0
1529,USA,2010,15048970.0
1530,USA,2011,15599731.0
1531,USA,2012,16253970.0
1532,USA,2013,16843196.0
1533,USA,2014,17550687.0
1534,USA,2015,18206023.0
1535,USA,2016,18695106.0
1536,USA,2017,19477337.0
1537,USA,2018,20533058.0
1538,USA,2019,21380976.0
1539,USA,2020,21060474.0
1540,USA,2021,23315081.0
1541,CHL,1986,41418.792
1542,CHL,1987,45241.807
1543,CHL,1988,50262.112
1544,CHL,1989,57748.443
1545,CHL,1990,62125.382
1546,CHL,1991,69345.087
1547,CHL,1992,79633.636
1548,CHL,1993,87216.511
1549,CHL,1994,94163.687
1550,CHL,1995,106355.368
1551,CHL,1996,116331.728
1552,CHL,1997,127084.969
1553,CHL,1998,133888.462
1554,CHL,1999,135403.709
1555,CHL,2000,145355.727
1556,CHL,2001,153318.303
1557,CHL,2002,160694.75
1558,CHL,2003,171606.235
1559,CHL,2004,187973.653
1560,CHL,2005,205184.273
1561,CHL,2006,256070.317
1562,CHL,2007,278373.993
1563,CHL,2008,275754.672
1564,CHL,2009,271327.848
1565,CHL,2010,307855.679
1566,CHL,2011,349147.753
1567,CHL,2012,374316.588
1568,CHL,2013,392670.383
1569,CHL,2014,402902.197
1570,CHL,2015,405499.672
1571,CHL,2016,424831.696
1572,CHL,2017,450891.85
1573,CHL,2018,478093.911
1574,CHL,2019,487574.002
1575,CHL,2020,478810.02
1576,CHL,2021,553061.394
1577,CHN,1970,85438.304
1578,CHN,1971,96121.086
1579,CHN,1972,104113.203
1580,CHN,1973,118354.979
1581,CHN,1974,132018.289
1582,CHN,1975,156802.363
1583,CHN,1976,162850.677
1584,CHN,1977,186073.132
1585,CHN,1978,222390.403
1586,CHN,1979,259127.527
1587,CHN,1980,304664.757
1588,CHN,1981,350540.055
1589,CHN,1982,405764.455
1590,CHN,1983,467064.854
1591,CHN,1984,557434.947
1592,CHN,1985,652298.419
1593,CHN,1986,724984.616
1594,CHN,1987,829519.043
1595,CHN,1988,955150.422
1596,CHN,1989,1034355.175
1597,CHN,1990,1114094.203
1598,CHN,1991,1258452.518
1599,CHN,1992,1470220.157
1600,CHN,1993,1714029.613
1601,CHN,1994,1978861.544
1602,CHN,1995,2241663.241
1603,CHN,1996,2509208.921
1604,CHN,1997,2788244.919
1605,CHN,1998,3040855.6
1606,CHN,1999,3319972.484
1607,CHN,2000,3683440.252
1608,CHN,2001,4080386.422
1609,CHN,2002,4522476.428
1610,CHN,2003,5074658.797
1611,CHN,2004,5737895.201
1612,CHN,2005,6592135.857
1613,CHN,2006,7660000.527
1614,CHN,2007,8986556.087
1615,CHN,2008,10042809.899
1616,CHN,2009,11057124.917
1617,CHN,2010,12380166.279
1618,CHN,2011,13844365.747
1619,CHN,2012,15124539.502
1620,CHN,2013,16185062.522
1621,CHN,2014,17121277.096
1622,CHN,2015,17796747.039
1623,CHN,2016,18712097.153
1624,CHN,2017,19887035.113
1625,CHN,2018,21736534.82
1626,CHN,2019,23441904.021
1627,CHN,2020,24255795.538
1628,CHN,2021,27312555.458
1629,COL,1975,33205.665
1630,COL,1976,36659.912
1631,COL,1977,40569.6
1632,COL,1978,47117.338
1633,COL,1979,53797.652
1634,COL,1980,61095.046
1635,COL,1981,68528.285
1636,COL,1982,73582.395
1637,COL,1983,77772.817
1638,COL,1984,83008.015
1639,COL,1985,88220.892
1640,COL,1986,95189.785
1641,COL,1987,103009.869
1642,COL,1988,111458.759
1643,COL,1989,119941.139
1644,COL,1990,165518.19
1645,COL,1991,175888.407
1646,COL,1992,187674.793
1647,COL,1993,203125.828
1648,COL,1994,219097.574
1649,COL,1995,235604.405
1650,COL,1996,243728.279
1651,COL,1997,255851.335
1652,COL,1998,260294.469
1653,COL,1999,250260.312
1654,COL,2000,262505.613
1655,COL,2001,272923.486
1656,COL,2002,284117.115
1657,COL,2003,301077.682
1658,COL,2004,325646.983
1659,COL,2005,351665.953
1660,COL,2006,386866.635
1661,COL,2007,424094.282
1662,COL,2008,446420.184
1663,COL,2009,454401.715
1664,COL,2010,480532.035
1665,COL,2011,524596.546
1666,COL,2012,548251.361
1667,COL,2013,585888.316
1668,COL,2014,618792.732
1669,COL,2015,624119.465
1670,COL,2016,665398.39
1671,COL,2017,693117.075
1672,COL,2018,747103.675
1673,COL,2019,796589.974
1674,COL,2020,770955.965
1675,COL,2021,870825.314
1676,EST,1993,8683.76
1677,EST,1994,8723.526
1678,EST,1995,9309.616
1679,EST,1996,9756.071
1680,EST,1997,11167.652
1681,EST,1998,11714.359
1682,EST,1999,11694.818
1683,EST,2000,13163.211
1684,EST,2001,14319.636
1685,EST,2002,16087.747
1686,EST,2003,18001.851
1687,EST,2004,19806.6
1688,EST,2005,22536.556
1689,EST,2006,26050.67
1690,EST,2007,29759.97
1691,EST,2008,30488.762
1692,EST,2009,27329.495
1693,EST,2010,28785.368
1694,EST,2011,32598.245
1695,EST,2012,34384.891
1696,EST,2013,36198.154
1697,EST,2014,38050.086
1698,EST,2015,38378.235
1699,EST,2016,41201.029
1700,EST,2017,44556.482
1701,EST,2018,48133.366
1702,EST,2019,51758.311
1703,EST,2020,52433.724
1704,EST,2021,57850.071
1705,IND,1970,152694.934
1706,IND,1971,163071.097
1707,IND,1972,169179.026
1708,IND,1973,184330.693
1709,IND,1974,203299.58
1710,IND,1975,242455.185
1711,IND,1976,260052.606
1712,IND,1977,296249.08
1713,IND,1978,335200.411
1714,IND,1979,343995.471
1715,IND,1980,400332.653
1716,IND,1981,464532.833
1717,IND,1982,510376.099
1718,IND,1983,569024.261
1719,IND,1984,612078.335
1720,IND,1985,664612.438
1721,IND,1986,710382.004
1722,IND,1987,756811.769
1723,IND,1988,858942.254
1724,IND,1989,945702.666
1725,IND,1990,1034252.539
1726,IND,1991,1080528.438
1727,IND,1992,1165741.56
1728,IND,1993,1250068.106
1729,IND,1994,1361780.991
1730,IND,1995,1495647.088
1731,IND,1996,1638013.035
1732,IND,1997,1733739.966
1733,IND,1998,1861682.288
1734,IND,1999,2054918.312
1735,IND,2000,2182190.876
1736,IND,2001,2338994.39
1737,IND,2002,2465809.82
1738,IND,2003,2712122.354
1739,IND,2004,3005573.457
1740,IND,2005,3343217.019
1741,IND,2006,3696921.384
1742,IND,2007,4122654.665
1743,IND,2008,4344051.884
1744,IND,2009,4699354.982
1745,IND,2010,5170609.612
1746,IND,2011,5618380.736
1747,IND,2012,6153155.414
1748,IND,2013,6477517.562
1749,IND,2014,6781021.981
1750,IND,2015,7159798.323
1751,IND,2016,7735001.686
1752,IND,2017,8276934.252
1753,IND,2018,9015546.032
1754,IND,2019,9657283.711
1755,IDN,1993,881284.412
1756,IDN,1994,967970.864
1757,IDN,1995,1069504.256
1758,IDN,1996,1174233.357
1759,IDN,1997,1250620.625
1760,IDN,1998,1098684.085
1761,IDN,1999,1122981.686
1762,IDN,2000,1096681.028
1763,IDN,2001,1162246.151
1764,IDN,2002,1233470.135
1765,IDN,2003,1317942.04
1766,IDN,2004,1421404.855
1767,IDN,2005,1549429.431
1768,IDN,2006,1685101.674
1769,IDN,2007,1840451.613
1770,IDN,2008,1988552.302
1771,IDN,2009,2051977.559
1772,IDN,2010,2057206.51
1773,IDN,2011,2229511.719
1774,IDN,2012,2413435.226
1775,IDN,2013,2535041.373
1776,IDN,2014,2622251.601
1777,IDN,2015,2647706.549
1778,IDN,2016,2744896.64
1779,IDN,2017,2894125.53
1780,IDN,2018,3116594.552
1781,IDN,2019,3331570.511
1782,IDN,2020,3302097.493
1783,IDN,2021,3566265.112
1784,ISR,1977,23171.725
1785,ISR,1978,26179.689
1786,ISR,1979,30112.479
1787,ISR,1980,33381.67
1788,ISR,1981,38491.269
1789,ISR,1982,41720.56
1790,ISR,1983,44810.881
1791,ISR,1984,46860.816
1792,ISR,1985,50294.337
1793,ISR,1986,53457.063
1794,ISR,1987,58690.016
1795,ISR,1988,62528.392
1796,ISR,1989,65353.191
1797,ISR,1990,72759.25
1798,ISR,1991,81031.364
1799,ISR,1992,89308.721
1800,ISR,1993,95189.411
1801,ISR,1994,104443.617
1802,ISR,1995,113674.637
1803,ISR,1996,122619.828
1804,ISR,1997,129461.853
1805,ISR,1998,136307.545
1806,ISR,1999,142834.532
1807,ISR,2000,161552.004
1808,ISR,2001,165744.603
1809,ISR,2002,171113.643
1810,ISR,2003,164889.278
1811,ISR,2004,177417.341
1812,ISR,2005,177584.13
1813,ISR,2006,185769.275
1814,ISR,2007,202300.844
1815,ISR,2008,204609.025
1816,ISR,2009,208871.517
1817,ISR,2010,223363.617
1818,ISR,2011,241995.627
1819,ISR,2012,255688.728
1820,ISR,2013,279990.229
1821,ISR,2014,285416.076
1822,ISR,2015,300546.18
1823,ISR,2016,326528.81
1824,ISR,2017,343723.666
1825,ISR,2018,357372.009
1826,ISR,2019,370643.976
1827,ISR,2020,370629.452
1828,ISR,2021,412730.299
1829,RUS,1995,893649.805
1830,RUS,1996,877181.595
1831,RUS,1997,904631.52
1832,RUS,1998,865918.063
1833,RUS,1999,934209.415
1834,RUS,2000,1073593.408
1835,RUS,2001,1152998.495
1836,RUS,2002,1253122.777
1837,RUS,2003,1437840.922
1838,RUS,2004,1582506.988
1839,RUS,2005,1822444.794
1840,RUS,2006,2291243.855
1841,RUS,2007,2553606.502
1842,RUS,2008,3091455.591
1843,RUS,2009,2973733.08
1844,RUS,2010,3143873.887
1845,RUS,2011,3259319.17
1846,RUS,2012,3480301.72
1847,RUS,2013,3741783.371
1848,RUS,2014,3763536.922
1849,RUS,2015,3526234.314
1850,RUS,2016,3538975.3
1851,RUS,2017,3807099.411
1852,RUS,2018,4231840.387
1853,RUS,2019,4398115.281
1854,RUS,2020,4367291.715
1855,SVN,1990,24738.069
1856,SVN,1991,23298.481
1857,SVN,1992,22527.465
1858,SVN,1993,23717.175
1859,SVN,1994,25514.148
1860,SVN,1995,27119.035
1861,SVN,1996,28454.546
1862,SVN,1997,30351.561
1863,SVN,1998,31818.592
1864,SVN,1999,33876.846
1865,SVN,2000,35807.983
1866,SVN,2001,37751.874
1867,SVN,2002,40372.33
1868,SVN,2003,42136.481
1869,SVN,2004,45454.121
1870,SVN,2005,47716.594
1871,SVN,2006,51609.997
1872,SVN,2007,55646.062
1873,SVN,2008,59839.586
1874,SVN,2009,56170.892
1875,SVN,2010,57004.87
1876,SVN,2011,59391.555
1877,SVN,2012,59745.667
1878,SVN,2013,61744.434
1879,SVN,2014,63653.392
1880,SVN,2015,65265.909
1881,SVN,2016,70079.359
1882,SVN,2017,75438.709
1883,SVN,2018,80823.475
1884,SVN,2019,87897.053
1885,SVN,2020,85921.398
1886,SVN,2021,92677.671
1887,ZAF,1970,49712.479
1888,ZAF,1971,54467.478
1889,ZAF,1972,57762.274
1890,ZAF,1973,63713.187
1891,ZAF,1974,73690.498
1892,ZAF,1975,81881.237
1893,ZAF,1976,88331.087
1894,ZAF,1977,93731.257
1895,ZAF,1978,103348.43
1896,ZAF,1979,116165.264
1897,ZAF,1980,135044.052
1898,ZAF,1981,155746.565
1899,ZAF,1982,164734.906
1900,ZAF,1983,168026.171
1901,ZAF,1984,182965.033
1902,ZAF,1985,186464.437
1903,ZAF,1986,190253.613
1904,ZAF,1987,199053.155
1905,ZAF,1988,214729.967
1906,ZAF,1989,228492.038
1907,ZAF,1990,237550.944
1908,ZAF,1991,243078.229
1909,ZAF,1992,242994.047
1910,ZAF,1993,251822.456
1911,ZAF,1994,264823.306
1912,ZAF,1995,277186.565
1913,ZAF,1996,294081.759
1914,ZAF,1997,306504.818
1915,ZAF,1998,310672.153
1916,ZAF,1999,323031.939
1917,ZAF,2000,343008.492
1918,ZAF,2001,359676.173
1919,ZAF,2002,377678.895
1920,ZAF,2003,394246.523
1921,ZAF,2004,425203.19
1922,ZAF,2005,461031.989
1923,ZAF,2006,502791.945
1924,ZAF,2007,547094.42
1925,ZAF,2008,580614.765
1926,ZAF,2009,569214.497
1927,ZAF,2010,594810.811
1928,ZAF,2011,633011.149
1929,ZAF,2012,637033.795
1930,ZAF,2013,668457.699
1931,ZAF,2014,682954.739
1932,ZAF,2015,695228.551
1933,ZAF,2016,707743.902
1934,ZAF,2017,724100.729
1935,ZAF,2018,746947.775
1936,ZAF,2019,757983.881
1937,ZAF,2020,713818.72
1938,DEW,1970,276730.633
1939,DEW,1971,299905.269
1940,DEW,1972,326366.453
1941,DEW,1973,360571.134
1942,DEW,1974,396464.788
1943,DEW,1975,429433.161
1944,DEW,1976,475429.982
1945,DEW,1977,521828.014
1946,DEW,1978,575265.783
1947,DEW,1979,648588.426
1948,DEW,1980,717053.748
1949,DEW,1981,788133.178
1950,DEW,1982,833736.023
1951,DEW,1983,880268.751
1952,DEW,1984,937246.114
1953,DEW,1985,989736.455
1954,DEW,1986,1032794.151
1955,DEW,1987,1074006.333
1956,DEW,1988,1152817.388
1957,DEW,1989,1244310.092
1958,DEW,1990,1358156.873
1959,DEW,1991,1475016.799
1960,OECD,1970,3239319.476
1961,OECD,1971,3532329.187
1962,OECD,1972,3888283.781
1963,OECD,1973,4357721.678
1964,OECD,1974,4802268.102
1965,OECD,1975,5269509.4
1966,OECD,1976,5831625.56
1967,OECD,1977,6421012.032
1968,OECD,1978,7180633.577
1969,OECD,1979,8079437.354
1970,OECD,1980,8925904.864
1971,OECD,1981,9993892.772
1972,OECD,1982,10624647.137
1973,OECD,1983,11370383.931
1974,OECD,1984,12339316.714
1975,OECD,1985,13204130.006
1976,OECD,1986,13871258.258
1977,OECD,1987,14739859.703
1978,OECD,1988,15953624.244
1979,OECD,1989,17205274.364
1980,OECD,1990,18391666.088
1981,OECD,1991,19304062.33
1982,OECD,1992,20197366.147
1983,OECD,1993,20977017.411
1984,OECD,1994,22078694.517
1985,OECD,1995,23115992.684
1986,OECD,1996,24317038.003
1987,OECD,1997,25613982.117
1988,OECD,1998,26491042.904
1989,OECD,1999,27722607.35
1990,OECD,2000,29639067.221
1991,OECD,2001,30792033.277
1992,OECD,2002,31978007.767
1993,OECD,2003,33179408.633
1994,OECD,2004,35192509.177
1995,OECD,2005,37114348.424
1996,OECD,2006,39871060.022
1997,OECD,2007,42132115.118
1998,OECD,2008,43560071.425
1999,OECD,2009,42647898.279
2000,OECD,2010,44614086.949
2001,OECD,2011,46678422.555
2002,OECD,2012,48204879.812
2003,OECD,2013,50238467.897
2004,OECD,2014,52013279.332
2005,OECD,2015,53833593.972
2006,OECD,2016,56062623.717
2007,OECD,2017,58543510.642
2008,OECD,2018,61182250.474
2009,OECD,2019,63587134.635
2010,OECD,2020,62080031.294
2011,OECD,2021,67210885.196
2012,OECDE,1994,9003318.371
2013,OECDE,1995,9458633.478
2014,OECDE,1996,9872747.453
2015,OECDE,1997,10347862.819
2016,OECDE,1998,10628440.609
2017,OECDE,1999,11035925.953
2018,OECDE,2000,11834654.687
2019,OECDE,2001,12385545.326
2020,OECDE,2002,12928891.46
2021,OECDE,2003,13292211.015
2022,OECDE,2004,14034147.778
2023,OECDE,2005,14634515.839
2024,OECDE,2006,15956891.489
2025,OECDE,2007,16989688.192
2026,OECDE,2008,17844115.582
2027,OECDE,2009,17448728.341
2028,OECDE,2010,18211502.486
2029,OECDE,2011,19165416.318
2030,OECDE,2012,19595472.367
2031,OECDE,2013,20430740.301
2032,OECDE,2014,21168495.898
2033,OECDE,2015,21956110.3
2034,OECDE,2016,23208984.117
2035,OECDE,2017,24434979.993
2036,OECDE,2018,25477586.724
2037,OECDE,2019,26861754.02
2038,OECDE,2020,25936364.717
2039,OECDE,2021,27868161.817
2040,LVA,1994,14835.391
2041,LVA,1995,13712.399
2042,LVA,1996,14274.143
2043,LVA,1997,15783.347
2044,LVA,1998,17035.302
2045,LVA,1999,17703.515
2046,LVA,2000,19036.49
2047,LVA,2001,21141.928
2048,LVA,2002,23289.29
2049,LVA,2003,25308.173
2050,LVA,2004,27788.249
2051,LVA,2005,31150.315
2052,LVA,2006,35176.485
2053,LVA,2007,40130.888
2054,LVA,2008,42617.048
2055,LVA,2009,36461.114
2056,LVA,2010,37140.929
2057,LVA,2011,39646.372
2058,LVA,2012,43311.605
2059,LVA,2013,45564.445
2060,LVA,2014,47483.528
2061,LVA,2015,49384.341
2062,LVA,2016,52362.25
2063,LVA,2017,55691.224
2064,LVA,2018,59505.492
2065,LVA,2019,63017.7
2066,LVA,2020,62744.115
2067,LVA,2021,66188.009
2068,BRA,1995,1309440.382
2069,BRA,1996,1362869.158
2070,BRA,1997,1433436.058
2071,BRA,1998,1454470.82
2072,BRA,1999,1481869.627
2073,BRA,2000,1581938.975
2074,BRA,2001,1640061.943
2075,BRA,2002,1716481.967
2076,BRA,2003,1770327.052
2077,BRA,2004,1922557.353
2078,BRA,2005,2046338.703
2079,BRA,2006,2193057.5
2080,BRA,2007,2389038.767
2081,BRA,2008,2558895.378
2082,BRA,2009,2572056.669
2083,BRA,2010,2798924.733
2084,BRA,2011,2970630.763
2085,BRA,2012,2998534.425
2086,BRA,2013,3133893.65
2087,BRA,2014,3187155.079
2088,BRA,2015,3014754.849
2089,BRA,2016,2939094.21
2090,BRA,2017,3018705.989
2091,BRA,2018,3145953.19
2092,BRA,2019,3241317.4
2093,LTU,1995,21523.635
2094,LTU,1996,22998.859
2095,LTU,1997,25275.086
2096,LTU,1998,27553.142
2097,LTU,1999,27562.02
2098,LTU,2000,29560.652
2099,LTU,2001,32755.919
2100,LTU,2002,36085.771
2101,LTU,2003,41215.623
2102,LTU,2004,44005.046
2103,LTU,2005,48211.86
2104,LTU,2006,53892.771
2105,LTU,2007,61707.148
2106,LTU,2008,66270.635
2107,LTU,2009,57304.636
2108,LTU,2010,62244.934
2109,LTU,2011,69298.245
2110,LTU,2012,73809.042
2111,LTU,2013,79034.188
2112,LTU,2014,82647.295
2113,LTU,2015,83761.504
2114,LTU,2016,88700.479
2115,LTU,2017,95492.278
2116,LTU,2018,101910.429
2117,LTU,2019,111627.898
2118,LTU,2020,112143.289
2119,LTU,2021,122692.544
2120,SAU,1970,54232.043
2121,SAU,1971,68344.741
2122,SAU,1972,88049.976
2123,SAU,1973,116667.456
2124,SAU,1974,162127.277
2125,SAU,1975,186404.749
2126,SAU,1976,221676.57
2127,SAU,1977,251940.24
2128,SAU,1978,267033.13
2129,SAU,1979,317602.118
2130,SAU,1980,368866.715
2131,SAU,1981,422710.092
2132,SAU,1982,399014.603
2133,SAU,1983,380573.704
2134,SAU,1984,382126.332
2135,SAU,1985,377164.537
2136,SAU,1986,404345.685
2137,SAU,1987,397836.551
2138,SAU,1988,445742.19
2139,SAU,1989,463506.168
2140,SAU,1990,520331.755
2141,SAU,1991,618659.747
2142,SAU,1992,657989.091
2143,SAU,1993,664400.612
2144,SAU,1994,682378.694
2145,SAU,1995,698165.665
2146,SAU,1996,729699.479
2147,SAU,1997,750476.099
2148,SAU,1998,780880.809
2149,SAU,1999,762085.071
2150,SAU,2000,823191.702
2151,SAU,2001,831546.819
2152,SAU,2002,820698.401
2153,SAU,2003,930980.027
2154,SAU,2004,1032051.752
2155,SAU,2005,1123743.981
2156,SAU,2006,1190719.394
2157,SAU,2007,1245487.434
2158,SAU,2008,1348708.101
2159,SAU,2009,1329401.44
2160,SAU,2010,1413178.186
2161,SAU,2011,1586748.761
2162,SAU,2012,1672470.749
2163,SAU,2013,1680157.97
2164,SAU,2014,1722861.782
2165,SAU,2015,1541831.733
2166,SAU,2016,1475672.107
2167,SAU,2017,1565891.582
2168,SAU,2018,1643610.545
2169,SAU,2019,1678594.247
2170,SAU,2020,1628533.458
2171,SAU,2021,1751177.858
2172,EA19,1995,6484710.808
2173,EA19,1996,6700628.129
2174,EA19,1997,6983683.553
2175,EA19,1998,7332449.346
2176,EA19,1999,7632235.921
2177,EA19,2000,8131923.536
2178,EA19,2001,8543841.024
2179,EA19,2002,8920888.895
2180,EA19,2003,9116388.844
2181,EA19,2004,9524901.492
2182,EA19,2005,9903083.567
2183,EA19,2006,10760408.206
2184,EA19,2007,11445915.289
2185,EA19,2008,11933269.728
2186,EA19,2009,11663572.585
2187,EA19,2010,12023196.718
2188,EA19,2011,12553985.384
2189,EA19,2012,12707300.052
2190,EA19,2013,13151205.465
2191,EA19,2014,13522902.012
2192,EA19,2015,13933564.76
2193,EA19,2016,14824003.857
2194,EA19,2017,15565737.664
2195,EA19,2018,16259655.284
2196,EA19,2019,17236455.23
2197,EA19,2020,16544946.691
2198,EA19,2021,17603984.874
2199,ARG,2004,470302.946
2200,ARG,2005,527985.869
2201,ARG,2006,588076.13
2202,ARG,2007,658372.467
2203,ARG,2008,698223.628
2204,ARG,2009,661109.513
2205,ARG,2010,736799.121
2206,ARG,2011,797263.882
2207,ARG,2012,819697.902
2208,ARG,2013,849616.0
2209,ARG,2014,839896.688
2210,ARG,2015,867176.759
2211,ARG,2016,885227.529
2212,ARG,2017,1039330.592
2213,ARG,2018,1036307.018
2214,ARG,2019,1033473.165
2215,ARG,2020,942431.46
2216,ARG,2021,1082341.328
2217,CRI,1991,17045.94
2218,CRI,1992,19038.56
2219,CRI,1993,20873.069
2220,CRI,1994,22282.201
2221,CRI,1995,23694.437
2222,CRI,1996,24454.118
2223,CRI,1997,26238.045
2224,CRI,1998,28431.912
2225,CRI,1999,30047.819
2226,CRI,2000,31917.39
2227,CRI,2001,33775.851
2228,CRI,2002,35474.31
2229,CRI,2003,37736.191
2230,CRI,2004,40463.66
2231,CRI,2005,43392.076
2232,CRI,2006,48008.272
2233,CRI,2007,53356.257
2234,CRI,2008,56956.205
2235,CRI,2009,56820.586
2236,CRI,2010,60585.846
2237,CRI,2011,64567.752
2238,CRI,2012,69073.803
2239,CRI,2013,73210.057
2240,CRI,2014,79269.13
2241,CRI,2015,85240.084
2242,CRI,2016,93454.856
2243,CRI,2017,100716.907
2244,CRI,2018,106583.345
2245,CRI,2019,114948.091
2246,CRI,2020,111177.771
2247,CRI,2021,117157.151
2248,BGR,1995,65092.001
2249,BGR,1996,57276.776
2250,BGR,1997,47798.854
2251,BGR,1998,51010.118
2252,BGR,1999,47685.653
2253,BGR,2000,52475.709
2254,BGR,2001,55744.337
2255,BGR,2002,61023.358
2256,BGR,2003,65448.101
2257,BGR,2004,71006.946
2258,BGR,2005,78822.024
2259,BGR,2006,86700.397
2260,BGR,2007,96677.227
2261,BGR,2008,107410.952
2262,BGR,2009,105576.224
2263,BGR,2010,110611.259
2264,BGR,2011,115714.883
2265,BGR,2012,119289.705
2266,BGR,2013,120942.775
2267,BGR,2014,127262.827
2268,BGR,2015,132016.884
2269,BGR,2016,143086.483
2270,BGR,2017,151919.87
2271,BGR,2018,161687.529
2272,BGR,2019,175579.25
2273,BGR,2020,174510.474
2274,BGR,2021,184588.811
2275,HRV,1995,37211.971
2276,HRV,1996,40122.18
2277,HRV,1997,43237.325
2278,HRV,1998,44811.559
2279,HRV,1999,44855.041
2280,HRV,2000,47674.298
2281,HRV,2001,50092.732
2282,HRV,2002,54959.264
2283,HRV,2003,58945.143
2284,HRV,2004,63253.511
2285,HRV,2005,66614.055
2286,HRV,2006,75927.612
2287,HRV,2007,84167.582
2288,HRV,2008,90410.796
2289,HRV,2009,87082.208
2290,HRV,2010,86116.247
2291,HRV,2011,90295.751
2292,HRV,2012,91597.876
2293,HRV,2013,94198.785
2294,HRV,2014,94773.754
2295,HRV,2015,98104.634
2296,HRV,2016,105445.408
2297,HRV,2017,112215.476
2298,HRV,2018,118176.489
2299,HRV,2019,128412.794
2300,HRV,2020,120163.984
2301,HRV,2021,134651.558
2302,CYP,1995,11127.968
2303,CYP,1996,11454.061
2304,CYP,1997,11926.814
2305,CYP,1998,12738.553
2306,CYP,1999,13502.013
2307,CYP,2000,14776.774
2308,CYP,2001,16041.185
2309,CYP,2002,16716.202
2310,CYP,2003,17441.165
2311,CYP,2004,18887.345
2312,CYP,2005,20504.268
2313,CYP,2006,22537.131
2314,CYP,2007,25227.215
2315,CYP,2008,27398.547
2316,CYP,2009,27381.554
2317,CYP,2010,27722.797
2318,CYP,2011,28345.89
2319,CYP,2012,27503.368
2320,CYP,2013,26181.601
2321,CYP,2014,25643.442
2322,CYP,2015,26968.719
2323,CYP,2016,30417.001
2324,CYP,2017,32909.265
2325,CYP,2018,35289.18
2326,CYP,2019,38561.465
2327,CYP,2020,36480.943
2328,CYP,2021,39001.275
2329,MLT,1995,5280.792
2330,MLT,1996,5570.024
2331,MLT,1997,5930.053
2332,MLT,1998,6249.812
2333,MLT,1999,6564.667
2334,MLT,2000,7161.221
2335,MLT,2001,7276.343
2336,MLT,2002,7760.932
2337,MLT,2003,8342.514
2338,MLT,2004,8645.518
2339,MLT,2005,9008.194
2340,MLT,2006,9450.759
2341,MLT,2007,10193.326
2342,MLT,2008,10858.15
2343,MLT,2009,10992.903
2344,MLT,2010,11905.695
2345,MLT,2011,12060.668
2346,MLT,2012,12703.272
2347,MLT,2013,13757.007
2348,MLT,2014,14924.391
2349,MLT,2015,16669.533
2350,MLT,2016,18080.342
2351,MLT,2017,20362.315
2352,MLT,2018,22080.012
2353,MLT,2019,24566.963
2354,MLT,2020,22961.327
2355,MLT,2021,25359.372
2356,ROU,1995,123162.557
2357,ROU,1996,129961.017
2358,ROU,1997,125494.583
2359,ROU,1998,124793.648
2360,ROU,1999,125763.734
2361,ROU,2000,131266.35
2362,ROU,2001,144294.072
2363,ROU,2002,155641.018
2364,ROU,2003,163108.708
2365,ROU,2004,192859.101
2366,ROU,2005,204714.62
2367,ROU,2006,244891.715
2368,ROU,2007,286131.809
2369,ROU,2008,344669.395
2370,ROU,2009,338766.406
2371,ROU,2010,343713.627
2372,ROU,2011,360567.227
2373,ROU,2012,378486.681
2374,ROU,2013,395317.278
2375,ROU,2014,411271.547
2376,ROU,2015,428134.235
2377,ROU,2016,478203.117
2378,ROU,2017,531673.299
2379,ROU,2018,571405.832
2380,ROU,2019,637650.488
2381,ROU,2020,637436.537
2382,ROU,2021,690237.569
2383,MKD,2000,12467.434
2384,MKD,2001,12312.833
2385,MKD,2002,12919.276
2386,MKD,2003,13368.156
2387,MKD,2004,14577.486
2388,MKD,2005,15987.118
2389,MKD,2006,17727.332
2390,MKD,2007,19111.372
2391,MKD,2008,21537.175
2392,MKD,2009,22579.031
2393,MKD,2010,23346.758
2394,MKD,2011,24064.243
2395,MKD,2012,24558.756
2396,MKD,2013,26269.669
2397,MKD,2014,27775.93
2398,MKD,2015,28751.905
2399,MKD,2016,31373.363
2400,MKD,2017,32583.005
2401,MKD,2018,34872.76
2402,MKD,2019,37395.328
2403,MKD,2020,35186.555
2404,MKD,2021,38021.445
2405,ZMB,2006,28842.396
2406,ZMB,2007,32096.058
2407,ZMB,2008,35254.59
2408,ZMB,2009,38751.964
2409,ZMB,2010,43256.427
2410,ZMB,2011,46613.602
2411,ZMB,2012,49509.495
2412,ZMB,2013,53419.843
2413,ZMB,2014,54506.588
2414,ZMB,2015,54472.595
2415,ZMB,2016,55712.209
2416,ZMB,2017,58735.191
2417,ZMB,2018,62564.66
2418,ZMB,2019,64601.642
2419,HKG,1990,104107.737
2420,HKG,1991,113765.31
2421,HKG,1992,123612.599
2422,HKG,1993,134389.677
2423,HKG,1994,145544.459
2424,HKG,1995,152123.793
2425,HKG,1996,161506.046
2426,HKG,1997,172669.634
2427,HKG,1998,164341.216
2428,HKG,1999,170834.978
2429,HKG,2000,188093.782
2430,HKG,2001,193410.223
2431,HKG,2002,199678.485
2432,HKG,2003,209842.63
2433,HKG,2004,234222.14
2434,HKG,2005,259414.244
2435,HKG,2006,286225.276
2436,HKG,2007,312964.485
2437,HKG,2008,325754.169
2438,HKG,2009,319779.941
2439,HKG,2010,345524.753
2440,HKG,2011,369685.332
2441,HKG,2012,373482.559
2442,HKG,2013,385448.332
2443,HKG,2014,396043.918
2444,HKG,2015,411294.477
2445,HKG,2016,419837.595
2446,HKG,2017,442425.449
2447,HKG,2018,465891.503
2448,HKG,2019,466266.217
2449,HKG,2020,441294.444
2450,HKG,2021,490438.997
2451,MDG,2007,30579.05
2452,MDG,2008,33364.839
2453,MDG,2009,32219.617
2454,MDG,2010,32812.667
2455,MDG,2011,34048.44
2456,MDG,2012,34613.437
2457,MDG,2013,35664.458
2458,MDG,2014,37112.146
2459,MDG,2015,37860.94
2460,MDG,2016,40431.499
2461,MDG,2017,40952.508
2462,MDG,2018,43633.375
2463,MDG,2019,45634.03
2464,MDG,2020,42655.075
2465,MAR,2007,174689.135
2466,MAR,2008,188585.333
2467,MAR,2009,197848.48
2468,MAR,2010,207866.274
2469,MAR,2011,223315.73
2470,MAR,2012,226123.984
2471,MAR,2013,236669.86
2472,MAR,2014,229401.964
2473,MAR,2015,247207.18
2474,MAR,2016,253685.437
2475,MAR,2017,264212.938
2476,MAR,2018,279042.501
2477,MAR,2019,291441.196
2478,MAR,2020,276391.56
2479,SGP,1990,72561.281
2480,SGP,1991,80032.441
2481,SGP,1992,87291.409
2482,SGP,1993,99600.914
2483,SGP,1994,113015.218
2484,SGP,1995,123664.374
2485,SGP,1996,135337.249
2486,SGP,1997,149120.059
2487,SGP,1998,147494.438
2488,SGP,1999,158126.117
2489,SGP,2000,176324.268
2490,SGP,2001,178366.039
2491,SGP,2002,188252.938
2492,SGP,2003,200699.505
2493,SGP,2004,226572.121
2494,SGP,2005,250890.427
2495,SGP,2006,281926.226
2496,SGP,2007,315666.748
2497,SGP,2008,327716.243
2498,SGP,2009,330238.767
2499,SGP,2010,382733.648
2500,SGP,2011,414966.621
2501,SGP,2012,435964.936
2502,SGP,2013,448140.098
2503,SGP,2014,461771.556
2504,SGP,2015,481405.402
2505,SGP,2016,501388.381
2506,SGP,2017,535130.769
2507,SGP,2018,566206.118
2508,SGP,2019,582533.634
2509,SGP,2020,558073.358
2510,EU27_2020,1995,7567554.622
2511,EU27_2020,1996,7832107.698
2512,EU27_2020,1997,8150543.039
2513,EU27_2020,1998,8546800.685
2514,EU27_2020,1999,8893418.459
2515,EU27_2020,2000,9475038.403
2516,EU27_2020,2001,9957950.761
2517,EU27_2020,2002,10418107.521
2518,EU27_2020,2003,10680325.99
2519,EU27_2020,2004,11222067.918
2520,EU27_2020,2005,11675872.903
2521,EU27_2020,2006,12721179.722
2522,EU27_2020,2007,13603372.253
2523,EU27_2020,2008,14287383.626
2524,EU27_2020,2009,14023755.42
2525,EU27_2020,2010,14509947.109
2526,EU27_2020,2011,15204175.101
2527,EU27_2020,2012,15434693.191
2528,EU27_2020,2013,15958633.288
2529,EU27_2020,2014,16441422.93
2530,EU27_2020,2015,16992246.856
2531,EU27_2020,2016,18066710.601
2532,EU27_2020,2017,19036893.416
2533,EU27_2020,2018,19958432.341
2534,EU27_2020,2019,21247301.273
2535,EU27_2020,2020,20548038.2
2536,EU27_2020,2021,21902892.568
2537,ALB,1997,8556.079
2538,ALB,1998,9451.895
2539,ALB,1999,10792.583
2540,ALB,2000,11927.776
2541,ALB,2001,13159.431
2542,ALB,2002,14221.925
2543,ALB,2003,15199.009
2544,ALB,2004,16429.452
2545,ALB,2005,17663.32
2546,ALB,2006,19647.843
2547,ALB,2007,21634.141
2548,ALB,2008,24251.46
2549,ALB,2009,25801.628
2550,ALB,2010,28048.431
2551,ALB,2011,29655.579
2552,ALB,2012,30530.397
2553,ALB,2013,30603.995
2554,ALB,2014,32529.046
2555,ALB,2015,33585.806
2556,ALB,2016,34740.019
2557,ALB,2017,36696.774
2558,ALB,2018,38690.695
2559,ALB,2019,41121.413
2560,ALB,2020,39826.28
2561,SRB,2000,45247.811
2562,SRB,2001,48644.884
2563,SRB,2002,54159.251
2564,SRB,2003,57197.759
2565,SRB,2004,63344.407
2566,SRB,2005,68319.08
2567,SRB,2006,75654.761
2568,SRB,2007,82950.661
2569,SRB,2008,92848.287
2570,SRB,2009,91763.439
2571,SRB,2010,93316.964
2572,SRB,2011,99446.681
2573,SRB,2012,100310.888
2574,SRB,2013,104804.573
2575,SRB,2014,104530.725
2576,SRB,2015,105922.988
2577,SRB,2016,111931.491
2578,SRB,2017,116623.419
2579,SRB,2018,123717.018
2580,SRB,2019,134771.47
2581,SRB,2020,134862.222
2582,SRB,2021,147874.29
2583,GEO,2010,28645.899
2584,GEO,2011,31404.993
2585,GEO,2012,36640.15
2586,GEO,2013,39450.982
2587,GEO,2014,43054.384
2588,GEO,2015,45035.513
2589,GEO,2016,47930.085
2590,GEO,2017,50662.562
2591,GEO,2018,54384.905
2592,GEO,2019,58115.885
2593,GEO,2020,54840.076
2594,CMR,1993,21094.528
2595,CMR,1994,21201.219
2596,CMR,1995,22620.476
2597,CMR,1996,24005.577
2598,CMR,1997,25525.086
2599,CMR,1998,27032.152
2600,CMR,1999,29608.125
2601,CMR,2000,31439.326
2602,CMR,2001,33537.786
2603,CMR,2002,35585.38
2604,CMR,2003,38266.517
2605,CMR,2004,42063.508
2606,CMR,2005,44349.226
2607,CMR,2006,47459.311
2608,CMR,2007,50851.261
2609,CMR,2008,53302.407
2610,CMR,2009,55027.667
2611,CMR,2010,57303.422
2612,CMR,2011,60470.66
2613,CMR,2012,63568.301
2614,CMR,2013,69098.828
2615,CMR,2014,75134.547
2616,CMR,2015,79112.64
2617,CMR,2016,84392.895
2618,CMR,2017,90037.542
2619,CMR,2018,95835.08
2620,CMR,2019,100939.193
2621,CMR,2020,102658.266
2622,SEN,1999,18530.338
2623,SEN,2000,19677.172
2624,SEN,2001,20973.417
2625,SEN,2002,21305.032
2626,SEN,2003,22948.596
2627,SEN,2004,24679.79
2628,SEN,2005,26547.082
2629,SEN,2006,27950.486
2630,SEN,2007,29437.139
2631,SEN,2008,31087.211
2632,SEN,2009,32147.503
2633,SEN,2010,33637.035
2634,SEN,2011,34793.989
2635,SEN,2012,36713.666
2636,SEN,2013,37797.219
2637,SEN,2014,40124.398
2638,SEN,2015,43317.631
2639,SEN,2016,46119.11
2640,SEN,2017,49402.166
2641,SEN,2018,53722.712
2642,SEN,2019,57219.726
2643,SEN,2020,58676.63
