,LOCATION,TIME,HOUSESPEND
0,AUS,1970,30476.5102571076
1,AUS,1971,32799.8440165411
2,AUS,1972,35590.1835647659
3,AUS,1973,41114.4566235354
4,AUS,1974,48461.8518724997
5,AUS,1975,52423.9613999894
6,AUS,1976,56900.9851313886
7,AUS,1977,61232.6799417557
8,AUS,1978,66856.7770247782
9,AUS,1979,74341.2277685107
10,AUS,1980,84610.8201737215
11,AUS,1981,97471.7261185984
12,AUS,1982,105755.748305925
13,AUS,1983,109590.118116318
14,AUS,1984,113898.977822034
15,AUS,1985,124529.775229599
16,AUS,1986,130248.949812747
17,AUS,1987,137662.806790215
18,AUS,1988,149366.901166335
19,AUS,1989,162749.855492224
20,AUS,1990,169853.76564642
21,AUS,1991,177805.033538701
22,AUS,1992,185891.95380911
23,AUS,1993,194157.359581188
24,AUS,1994,207909.459783654
25,AUS,1995,219388.82541227
26,AUS,1996,229298.957507831
27,AUS,1997,245206.343554388
28,AUS,1998,259904.750782677
29,AUS,1999,276904.420279827
30,AUS,2000,296144.255306775
31,AUS,2001,308322.302540843
32,AUS,2002,325842.256252559
33,AUS,2003,340377.571222691
34,AUS,2004,365384.965378243
35,AUS,2005,382676.631346896
36,AUS,2006,407588.979330053
37,AUS,2007,438388.987210112
38,AUS,2008,444942.230314535
39,AUS,2009,465988.600277404
40,AUS,2010,491893.346534284
41,AUS,2011,526988.163578016
42,AUS,2012,543065.524426951
43,AUS,2013,577621.55310936
44,AUS,2014,595208.682962021
45,AUS,2015,611257.658170229
46,AUS,2016,637321.742774304
47,AUS,2017,650660.331483639
48,AUS,2018,673616.626363316
49,AUS,2019,651797.857468435
50,AUS,2020,669369.661745665
51,AUS,2021,721316.817302946
52,AUT,1970,14480.355037322
53,AUT,1971,16109.470772665
54,AUT,1972,17672.0623869961
55,AUT,1973,19624.0302539781
56,AUT,1974,22315.2567246911
57,AUT,1975,24960.4775715368
58,AUT,1976,27526.2329330566
59,AUT,1977,31201.6756412255
60,AUT,1978,32803.5014767542
61,AUT,1979,37413.3075098295
62,AUT,1980,42486.5525955992
63,AUT,1981,46883.1571722605
64,AUT,1982,50439.0135543324
65,AUT,1983,55442.1354210357
66,AUT,1984,56311.9346598961
67,AUT,1985,59331.7396982867
68,AUT,1986,61952.0421489552
69,AUT,1987,65406.114137045
70,AUT,1988,69598.5980298832
71,AUT,1989,75244.2056452979
72,AUT,1990,81874.1135639773
73,AUT,1991,87145.5843481003
74,AUT,1992,92581.4802072081
75,AUT,1993,94988.0407459733
76,AUT,1994,98951.2539275735
77,AUT,1995,101895.906955206
78,AUT,1996,107059.764401245
79,AUT,1997,109367.168233355
80,AUT,1998,114393.72078242
81,AUT,1999,117824.550921006
82,AUT,2000,126631.90754313
83,AUT,2001,128934.784786164
84,AUT,2002,133123.6969383
85,AUT,2003,139411.253943334
86,AUT,2004,146063.783397967
87,AUT,2005,154029.882967281
88,AUT,2006,162335.389313513
89,AUT,2007,168215.896038238
90,AUT,2008,174583.583309088
91,AUT,2009,178341.142429808
92,AUT,2010,184797.838966308
93,AUT,2011,194567.048510333
94,AUT,2012,199057.684931164
95,AUT,2013,205604.388327587
96,AUT,2014,210370.528936849
97,AUT,2015,213261.769245235
98,AUT,2016,224616.247193907
99,AUT,2017,231585.925691891
100,AUT,2018,241762.643747646
101,AUT,2019,250649.592713211
102,AUT,2020,235682.174841826
103,AUT,2021,249626.463432142
104,BEL,1970,17870.4898716368
105,BEL,1971,19545.8850316602
106,BEL,1972,21409.2990350371
107,BEL,1973,24400.8661562313
108,BEL,1974,27696.6215083824
109,BEL,1975,30262.1469405194
110,BEL,1976,33545.1489237133
111,BEL,1977,36667.1333833614
112,BEL,1978,40197.4461778092
113,BEL,1979,46014.6888272179
114,BEL,1980,50555.602952024
115,BEL,1981,55314.8837129993
116,BEL,1982,59811.1813145227
117,BEL,1983,62261.7383871896
118,BEL,1984,64851.6776791297
119,BEL,1985,68931.8300696676
120,BEL,1986,72346.5338687321
121,BEL,1987,75871.1648777113
122,BEL,1988,81451.9733681545
123,BEL,1989,87820.6974286221
124,BEL,1990,94586.6924902681
125,BEL,1991,100701.401414585
126,BEL,1992,105358.542348948
127,BEL,1993,107498.720378881
128,BEL,1994,112370.121635901
129,BEL,1995,116544.355878779
130,BEL,1996,120033.782071376
131,BEL,1997,123455.461384913
132,BEL,1998,126597.613636032
133,BEL,1999,130953.821839877
134,BEL,2000,145011.11512461
135,BEL,2001,149756.922782565
136,BEL,2002,154595.415438556
137,BEL,2003,155342.919959013
138,BEL,2004,161816.595792588
139,BEL,2005,168463.132583311
140,BEL,2006,176459.047487155
141,BEL,2007,184296.19909058
142,BEL,2008,194581.594589707
143,BEL,2009,197019.418936561
144,BEL,2010,208903.984576077
145,BEL,2011,220029.938669796
146,BEL,2012,227142.109252114
147,BEL,2013,236572.936466063
148,BEL,2014,242820.828952902
149,BEL,2015,247220.120938205
150,BEL,2016,258303.999159179
151,BEL,2017,267251.809930942
152,BEL,2018,281506.127952642
153,BEL,2019,296378.488856273
154,BEL,2020,276223.455008936
155,BEL,2021,296767.045455136
156,CAN,1970,50424.7989499984
157,CAN,1971,55600.4013126028
158,CAN,1972,61441.0616286602
159,CAN,1973,69108.3472940573
160,CAN,1974,80115.4847420417
161,CAN,1975,90108.421545297
162,CAN,1976,99925.5509528
163,CAN,1977,109382.826249893
164,CAN,1978,120484.005155217
165,CAN,1979,134190.697560765
166,CAN,1980,151179.167266741
167,CAN,1981,166694.840009359
168,CAN,1982,171441.165660722
169,CAN,1983,183195.754930612
170,CAN,1984,197412.000875839
171,CAN,1985,214310.180936306
172,CAN,1986,226466.740392412
173,CAN,1987,242496.143344272
174,CAN,1988,262364.757605734
175,CAN,1989,283161.507609277
176,CAN,1990,299646.311513836
177,CAN,1991,306215.049749978
178,CAN,1992,319227.996610176
179,CAN,1993,333258.488403064
180,CAN,1994,350047.706518008
181,CAN,1995,365439.398507176
182,CAN,1996,384337.104068328
183,CAN,1997,410142.816179805
184,CAN,1998,424721.951675095
185,CAN,1999,447870.18896543
186,CAN,2000,474922.804799333
187,CAN,2001,496094.988298039
188,CAN,2002,519495.273337598
189,CAN,2003,543755.480068231
190,CAN,2004,574310.431354598
191,CAN,2005,612701.648832915
192,CAN,2006,632991.918286656
193,CAN,2007,677883.833221379
194,CAN,2008,693187.076349211
195,CAN,2009,695027.155733998
196,CAN,2010,732843.023724582
197,CAN,2011,772039.729143443
198,CAN,2012,797099.329246715
199,CAN,2013,816927.583380066
200,CAN,2014,848851.881804076
201,CAN,2015,858520.398058886
202,CAN,2016,910727.610048363
203,CAN,2017,955798.708603899
204,CAN,2018,1005492.25755454
205,CAN,2019,1006629.33825752
206,CAN,2020,958567.815913383
207,CAN,2021,1029332.16462732
240,DNK,1970,10899.8194099004
241,DNK,1971,11458.0461473944
242,DNK,1972,11855.0624514897
243,DNK,1973,13438.7390452411
244,DNK,1974,14501.331508033
245,DNK,1975,16203.8054051125
246,DNK,1976,18396.1917794196
247,DNK,1977,19981.4409490655
248,DNK,1978,21741.2748144177
249,DNK,1979,23917.1163603058
250,DNK,1980,25899.9102801134
251,DNK,1981,27865.7144960355
252,DNK,1982,29827.733428697
253,DNK,1983,31691.2791358554
254,DNK,1984,34044.9383697245
255,DNK,1985,36814.2699350075
256,DNK,1986,40297.0824654105
257,DNK,1987,40748.7048407027
258,DNK,1988,41565.1527525494
259,DNK,1989,43518.2314114136
260,DNK,1990,45792.6946462652
261,DNK,1991,48091.5902915474
262,DNK,1992,50640.1880533501
263,DNK,1993,51454.7914820896
264,DNK,1994,56025.9466717647
265,DNK,1995,58165.948177082
266,DNK,1996,60770.8400288301
267,DNK,1997,64117.0278558403
268,DNK,1998,67226.4322454758
269,DNK,1999,67515.8466450659
270,DNK,2000,70097.188038355
271,DNK,2001,70031.8010194734
272,DNK,2002,72884.9863277885
273,DNK,2003,73889.3613171172
274,DNK,2004,80046.9431426344
275,DNK,2005,83602.9452699058
276,DNK,2006,90022.4118221109
277,DNK,2007,95375.5026806661
278,DNK,2008,99905.1445809765
279,DNK,2009,98742.2429449325
280,DNK,2010,102849.929910408
281,DNK,2011,105845.161621776
282,DNK,2012,108274.656494427
283,DNK,2013,111400.438527017
284,DNK,2014,112810.638015563
285,DNK,2015,115716.205962065
286,DNK,2016,119997.923647227
287,DNK,2017,127318.234066048
288,DNK,2018,136117.668922864
289,DNK,2019,140431.846775082
290,DNK,2020,139161.221882375
291,DNK,2021,146594.10255115
292,FIN,1970,7030.23347494137
293,FIN,1971,7456.12748149322
294,FIN,1972,8352.97062814437
295,FIN,1973,9322.07497865483
296,FIN,1974,10472.5084073661
297,FIN,1975,11696.2670061814
298,FIN,1976,12570.6325006075
299,FIN,1977,13309.7459814362
300,FIN,1978,14567.5592203582
301,FIN,1979,16785.2175141225
302,FIN,1980,19060.5547548539
303,FIN,1981,21072.3631233214
304,FIN,1982,23385.4767202321
305,FIN,1983,25137.9731480214
306,FIN,1984,26947.8044274882
307,FIN,1985,29025.3139730501
308,FIN,1986,30880.3675776844
309,FIN,1987,33326.9192235051
310,FIN,1988,36553.4828435305
311,FIN,1989,39932.0048775816
312,FIN,1990,41562.7705046119
313,FIN,1991,41653.4369989981
314,FIN,1992,40974.1279402999
315,FIN,1993,40875.7828586202
316,FIN,1994,42814.031744047
317,FIN,1995,45869.1187669092
318,FIN,1996,48409.1365681579
319,FIN,1997,51275.6252105458
320,FIN,1998,54543.1561884158
321,FIN,1999,57386.7536162956
322,FIN,2000,60855.1354678424
323,FIN,2001,62815.1318983918
324,FIN,2002,65694.608110707
325,FIN,2003,68781.3111334535
326,FIN,2004,73717.2169174263
327,FIN,2005,76540.4648457503
328,FIN,2006,82475.8331632609
329,FIN,2007,89884.1105767304
330,FIN,2008,96563.11763604
331,FIN,2009,96195.8357815068
332,FIN,2010,101165.664356762
333,FIN,2011,108080.914905294
334,FIN,2012,109700.352495116
335,FIN,2013,112653.809889666
336,FIN,2014,115286.889938061
337,FIN,2015,117573.052804421
338,FIN,2016,124395.068835941
339,FIN,2017,128193.184291024
340,FIN,2018,133594.975799266
341,FIN,2019,138380.257337274
342,FIN,2020,132769.205788218
343,FIN,2021,138181.99282487
344,FRA,1970,99481.1404863764
345,FRA,1971,109500.710351297
346,FRA,1972,118962.78129529
347,FRA,1973,132427.749240663
348,FRA,1974,150248.466238182
349,FRA,1975,165951.695100938
350,FRA,1976,184599.126090228
351,FRA,1977,201633.635059143
352,FRA,1978,224038.58183611
353,FRA,1979,252214.104643038
354,FRA,1980,282701.728871834
355,FRA,1981,314114.700502445
356,FRA,1982,342370.435756095
357,FRA,1983,359893.14586228
358,FRA,1984,375911.17853735
359,FRA,1985,396281.575741138
360,FRA,1986,419718.972482131
361,FRA,1987,446836.620646452
362,FRA,1988,479719.336342566
363,FRA,1989,516598.909139446
364,FRA,1990,553300.913894013
365,FRA,1991,575535.226493709
366,FRA,1992,597521.68505826
367,FRA,1993,612048.683117825
368,FRA,1994,635286.756851327
369,FRA,1995,659833.828985249
370,FRA,1996,688501.496213761
371,FRA,1997,708466.872884558
372,FRA,1998,743612.745359167
373,FRA,1999,777483.143811686
374,FRA,2000,851214.536509416
375,FRA,2001,913437.376064625
376,FRA,2002,946390.015565624
377,FRA,2003,941655.329798442
378,FRA,2004,976629.737999056
379,FRA,2005,1033830.04051413
380,FRA,2006,1080612.60083592
381,FRA,2007,1134402.83882315
382,FRA,2008,1172903.7808501
383,FRA,2009,1180054.76842626
384,FRA,2010,1230847.25295425
385,FRA,2011,1282183.90742742
386,FRA,2012,1289329.16162096
387,FRA,2013,1343342.46673186
388,FRA,2014,1358427.67619988
389,FRA,2015,1362675.1061653
390,FRA,2016,1431052.38723192
391,FRA,2017,1462726.08529153
392,FRA,2018,1514654.58352484
393,FRA,2019,1596799.25960683
394,FRA,2020,1503215.00075333
395,FRA,2021,1605984.900708
396,DEU,1970,166045.351536171
397,DEU,1971,182586.89593581
398,DEU,1972,198987.121006693
399,DEU,1973,215722.7524717
400,DEU,1974,237747.824932988
401,DEU,1975,267171.243243563
402,DEU,1976,293911.498147857
403,DEU,1977,326338.893094925
404,DEU,1978,361565.676763949
405,DEU,1979,406530.779225753
406,DEU,1980,457107.052642751
407,DEU,1981,496201.775227332
408,DEU,1982,518495.716004108
409,DEU,1983,548155.655628798
410,DEU,1984,579965.202153285
411,DEU,1985,611313.951565999
412,DEU,1986,648489.236400218
413,DEU,1987,692297.091359857
414,DEU,1988,738469.257175667
415,DEU,1989,794124.27988972
416,DEU,1990,863974.278393589
417,DEU,1991,931809.914430646
418,DEU,1992,984667.456900564
419,DEU,1993,1009943.03283431
420,DEU,1994,1045547.64484576
421,DEU,1995,1084089.68609123
422,DEU,1996,1120579.55202048
423,DEU,1997,1143265.2512045
424,DEU,1998,1164861.64662511
425,DEU,1999,1222552.23297799
426,DEU,2000,1260022.61595652
427,DEU,2001,1311215.64844525
428,DEU,2002,1315861.55733986
429,DEU,2003,1345290.43631032
430,DEU,2004,1397654.27627114
431,DEU,2005,1424914.19758787
432,DEU,2006,1479250.27003733
433,DEU,2007,1515650.2674941
434,DEU,2008,1575509.22681636
435,DEU,2009,1595864.24232511
436,DEU,2010,1657995.56994272
437,DEU,2011,1763719.47208286
438,DEU,2012,1814060.41417159
439,DEU,2013,1854903.88691303
440,DEU,2014,1908128.62484275
441,DEU,2015,1924533.67104066
442,DEU,2016,2049246.21753106
443,DEU,2017,2130270.76092795
444,DEU,2018,2246100.18567069
445,DEU,2019,2337883.21059122
446,DEU,2020,2209000.30020448
447,DEU,2021,2248593.14646152
448,GRC,1970,12958.1822993441
449,GRC,1971,14239.2663876924
450,GRC,1972,15609.650588816
451,GRC,1973,17453.2738798153
452,GRC,1974,19076.8078793021
453,GRC,1975,22211.2301144374
454,GRC,1976,24766.9293402424
455,GRC,1977,28700.5975164869
456,GRC,1978,33126.1209227984
457,GRC,1979,38137.5200740819
458,GRC,1980,42436.6037804619
459,GRC,1981,45922.0921093515
460,GRC,1982,50115.8950622263
461,GRC,1983,53343.3046431704
462,GRC,1984,55569.418849155
463,GRC,1985,57801.8327747169
464,GRC,1986,58184.6676761438
465,GRC,1987,61576.9516864266
466,GRC,1988,67858.4251386523
467,GRC,1989,75273.0561305653
468,GRC,1990,80635.8419275938
469,GRC,1991,85739.9013169979
470,GRC,1992,90026.0942465032
471,GRC,1993,91562.5715450861
472,GRC,1994,95291.1597499298
473,GRC,1995,99752.4795940242
474,GRC,1996,104791.634235579
475,GRC,1997,110128.432585099
476,GRC,1998,116324.654740414
477,GRC,1999,120707.724884675
478,GRC,2000,127883.624601734
479,GRC,2001,139156.403234367
480,GRC,2002,151911.377930525
481,GRC,2003,158043.582494988
482,GRC,2004,166666.285482063
483,GRC,2005,173859.351938517
484,GRC,2006,184835.040560005
485,GRC,2007,193509.60697135
486,GRC,2008,212304.61657492
487,GRC,2009,209919.378476106
488,GRC,2010,192316.903697378
489,GRC,2011,183431.397300365
490,GRC,2012,173569.25836383
491,GRC,2013,174407.343293838
492,GRC,2014,178479.008209895
493,GRC,2015,175483.618310942
494,GRC,2016,179609.332283225
495,GRC,2017,187224.618073621
496,GRC,2018,194024.112299994
497,GRC,2019,202154.880190533
498,GRC,2020,180321.088705116
499,GRC,2021,192014.587168378
531,ISL,1970,422.784288676806
532,ISL,1971,516.356474014532
533,ISL,1972,572.785260177297
534,ISL,1973,635.803920312432
535,ISL,1974,773.989100315088
536,ISL,1975,757.950990356384
537,ISL,1976,842.878660033256
538,ISL,1977,1013.61163037808
539,ISL,1978,1181.3137169941
540,ISL,1979,1322.60353359019
541,ISL,1980,1514.58019991821
542,ISL,1981,1752.37642121088
543,ISL,1982,1941.16389586002
544,ISL,1983,1909.14626122437
545,ISL,1984,2054.87089341213
546,ISL,1985,2215.80323083696
547,ISL,1986,2420.45933635748
548,ISL,1987,2898.85535064411
549,ISL,1988,2897.91253511515
550,ISL,1989,2895.1945393465
551,ISL,1990,2907.54576081427
552,ISL,1991,3096.14305176795
553,ISL,1992,3075.94315598708
554,ISL,1993,3005.74902126927
555,ISL,1994,3156.78736922438
556,ISL,1995,3295.52507987513
557,ISL,1996,3472.68582109324
558,ISL,1997,3786.41145635147
559,ISL,1998,4116.36063219438
560,ISL,1999,4556.9840562568
561,ISL,2000,4610.84628425095
562,ISL,2001,4581.23749573537
563,ISL,2002,4624.33002010895
564,ISL,2003,4913.41261233344
565,ISL,2004,5409.76638183606
566,ISL,2005,6117.35388378087
567,ISL,2006,6610.51273853776
568,ISL,2007,7176.54651911854
569,ISL,2008,6910.45451095843
570,ISL,2009,6154.80288061973
571,ISL,2010,6116.37821924962
572,ISL,2011,6474.5556377727
573,ISL,2012,6795.88755768999
574,ISL,2013,6977.36771507707
575,ISL,2014,7266.85414769809
576,ISL,2015,7407.37442673606
577,ISL,2016,7742.63061388468
578,ISL,2017,8402.92182816017
579,ISL,2018,8994.6754296854
580,ISL,2019,9481.04890090788
581,ISL,2020,9396.12843057152
582,ISL,2021,10044.1182594102
583,IRL,1970,4495.24737677334
584,IRL,1971,4837.88406884856
585,IRL,1972,5260.53773250336
586,IRL,1973,5941.7389098007
587,IRL,1974,6668.03084879423
588,IRL,1975,7283.41556684882
589,IRL,1976,7900.38251173367
590,IRL,1977,8983.86209734952
591,IRL,1978,10484.4566445762
592,IRL,1979,11922.1028885217
593,IRL,1980,13262.6021880835
594,IRL,1981,14696.2156708125
595,IRL,1982,14417.6881797488
596,IRL,1983,15159.023718797
597,IRL,1984,16047.6760457726
598,IRL,1985,17369.998685946
599,IRL,1986,18105.1308224285
600,IRL,1987,19283.8201184579
601,IRL,1988,20936.1655308891
602,IRL,1989,23274.740843172
603,IRL,1990,24640.0435534294
604,IRL,1991,25923.4464442673
605,IRL,1992,27382.7710285927
606,IRL,1993,28880.3645793051
607,IRL,1994,30769.6465105949
608,IRL,1995,32500.3688007451
609,IRL,1996,35599.056552445
610,IRL,1997,37648.9185467574
611,IRL,1998,41747.5264901416
612,IRL,1999,45262.3041017313
613,IRL,2000,50624.0986690711
614,IRL,2001,53924.2573100371
615,IRL,2002,56471.4308186021
616,IRL,2003,60005.2627869561
617,IRL,2004,64100.6886599917
618,IRL,2005,69586.8974346064
619,IRL,2006,76218.7231214844
620,IRL,2007,83549.2285489759
621,IRL,2008,84496.8042402751
622,IRL,2009,78734.752540185
623,IRL,2010,82189.5462842382
624,IRL,2011,82381.4839226035
625,IRL,2012,82260.9558025231
626,IRL,2013,83523.4088459234
627,IRL,2014,84509.0717656141
628,IRL,2015,86756.1775627872
629,IRL,2016,93588.2168655688
630,IRL,2017,95976.4950674999
631,IRL,2018,101028.03540486
632,IRL,2019,106095.409169121
633,IRL,2020,90022.7561562144
634,IRL,2021,95768.720085291
635,ITA,1970,103578.767777584
636,ITA,1971,112056.630573698
637,ITA,1972,119715.710277826
638,ITA,1973,133471.824211365
639,ITA,1974,152003.456846061
640,ITA,1975,165183.974172729
641,ITA,1976,182055.957820432
642,ITA,1977,199678.396390601
643,ITA,1978,219173.852305316
644,ITA,1979,254777.599643687
645,ITA,1980,299122.766388845
646,ITA,1981,331161.284662756
647,ITA,1982,352972.522326795
648,ITA,1983,367327.223624106
649,ITA,1984,392450.719968661
650,ITA,1985,417785.787567439
651,ITA,1986,444224.238836364
652,ITA,1987,474592.490506541
653,ITA,1988,513300.185545157
654,ITA,1989,556980.248902057
655,ITA,1990,593322.461919659
656,ITA,1991,629583.433743105
657,ITA,1992,657517.64432666
658,ITA,1993,653408.656106939
659,ITA,1994,677257.371160749
660,ITA,1995,702076.793213476
661,ITA,1996,721675.5495192
662,ITA,1997,765181.57151139
663,ITA,1998,803312.040918558
664,ITA,1999,840524.965158934
665,ITA,2000,884932.359386186
666,ITA,2001,898822.584834317
667,ITA,2002,909509.534621498
668,ITA,2003,941651.68921396
669,ITA,2004,962352.434846302
670,ITA,2005,993980.493795931
671,ITA,2006,1047171.14667896
672,ITA,2007,1088809.19535049
673,ITA,2008,1149026.1523913
674,ITA,2009,1140419.26731797
675,ITA,2010,1195235.97756156
676,ITA,2011,1229599.47097834
677,ITA,2012,1200875.38139286
678,ITA,2013,1198436.61933781
679,ITA,2014,1195019.76101168
680,ITA,2015,1214057.06363477
681,ITA,2016,1296751.76813114
682,ITA,2017,1345518.38301343
683,ITA,2018,1398646.99580237
684,ITA,2019,1465744.76703876
685,ITA,2020,1310019.18835919
686,ITA,2021,1398279.79594137
687,JPN,1970,156407.342202126
688,JPN,1971,171985.36277404
689,JPN,1972,193800.709071502
690,JPN,1973,222196.804323574
691,JPN,1974,245115.784011928
692,JPN,1975,277224.531208972
693,JPN,1976,300929.623397638
694,JPN,1977,333457.365547467
695,JPN,1978,375386.835869209
696,JPN,1979,435262.112805242
697,JPN,1980,487281.186651499
698,JPN,1981,544323.817692259
699,JPN,1982,601342.18030335
700,JPN,1983,648099.223128084
701,JPN,1984,693758.143817594
702,JPN,1985,747397.72480104
703,JPN,1986,791735.541828062
704,JPN,1987,851851.319748371
705,JPN,1988,930686.980157967
706,JPN,1989,1019159.26124686
707,JPN,1990,1114623.35778266
708,JPN,1991,1177458.24413434
709,JPN,1992,1236348.83689082
710,JPN,1993,1280794.6285264
711,JPN,1994,1337391.19776178
712,JPN,1995,1399173.33333443
713,JPN,1996,1457080.28973864
714,JPN,1997,1490657.21854714
715,JPN,1998,1492799.68202075
716,JPN,1999,1530723.49579835
717,JPN,2000,1625386.64355236
718,JPN,2001,1691974.75620001
719,JPN,2002,1770913.03216879
720,JPN,2003,1850703.57933905
721,JPN,2004,1921707.37362659
722,JPN,2005,2041670.74298661
723,JPN,2006,2143188.05066475
724,JPN,2007,2214781.25042573
725,JPN,2008,2280590.98450456
726,JPN,2009,2280375.24860215
727,JPN,2010,2375310.49485501
728,JPN,2011,2451616.43023151
729,JPN,2012,2562204.35688796
730,JPN,2013,2774646.76036937
731,JPN,2014,2738546.02340323
732,JPN,2015,2753828.98129429
733,JPN,2016,2590953.38977301
734,JPN,2017,2604282.94587485
735,JPN,2018,2667117.89154333
736,JPN,2019,2596065.09101058
737,JPN,2020,2473046.49334019
738,JPN,2021,2491051.41873648
739,KOR,1970,14595.9893429133
740,KOR,1971,16674.9766785586
741,KOR,1972,18212.5431828591
742,KOR,1973,20934.4332904545
743,KOR,1974,24846.5948589577
744,KOR,1975,28457.2236056887
745,KOR,1976,32542.8249541638
746,KOR,1977,36584.3102274751
747,KOR,1978,42467.8054381437
748,KOR,1979,50278.9176511347
749,KOR,1980,55691.376359311
750,KOR,1981,63968.377157514
751,KOR,1982,72612.3286425786
752,KOR,1983,82707.3970310125
753,KOR,1984,92444.3126968222
754,KOR,1985,102657.822603672
755,KOR,1986,114687.424914618
756,KOR,1987,128380.805875528
757,KOR,1988,145913.056376866
758,KOR,1989,168757.137220815
759,KOR,1990,193876.977349464
760,KOR,1991,218507.464801257
761,KOR,1992,239970.118942446
762,KOR,1993,263034.896853782
763,KOR,1994,293239.332143405
764,KOR,1995,331524.027902811
765,KOR,1996,364834.795811064
766,KOR,1997,386854.345528243
767,KOR,1998,343443.670874183
768,KOR,1999,390426.753063446
769,KOR,2000,430696.990018255
770,KOR,2001,464783.029935409
771,KOR,2002,505053.336992833
772,KOR,2003,513942.806959747
773,KOR,2004,528803.68007977
774,KOR,2005,569627.655949036
775,KOR,2006,611440.787655302
776,KOR,2007,660265.793750084
777,KOR,2008,687407.686663204
778,KOR,2009,691069.937860981
779,KOR,2010,734337.908981659
780,KOR,2011,779717.236047428
781,KOR,2012,806957.100361546
782,KOR,2013,776381.144025086
783,KOR,2014,784575.074732955
784,KOR,2015,838625.548298597
785,KOR,2016,863190.932298729
786,KOR,2017,879764.075931436
787,KOR,2018,929837.843738371
788,KOR,2019,940665.998751057
789,KOR,2020,916764.252800209
790,KOR,2021,960309.079946199
791,LUX,1970,879.016840601616
792,LUX,1971,967.842888883356
793,LUX,1972,1049.34943123205
794,LUX,1973,1169.50185717988
795,LUX,1974,1349.35155807017
796,LUX,1975,1538.93001090259
797,LUX,1976,1674.31603414412
798,LUX,1977,1823.97607556799
799,LUX,1978,2008.43491551905
800,LUX,1979,2264.10649090636
801,LUX,1980,2578.44962723935
802,LUX,1981,2858.30557244122
803,LUX,1982,3028.96114413004
804,LUX,1983,3173.35272148299
805,LUX,1984,3340.81105788269
806,LUX,1985,3550.67774650317
807,LUX,1986,3746.41758253125
808,LUX,1987,4038.87481708235
809,LUX,1988,4447.43406191168
810,LUX,1989,4865.9923180168
811,LUX,1990,5271.52568834983
812,LUX,1991,5830.42717334785
813,LUX,1992,5846.40043540428
814,LUX,1993,6115.11909471154
815,LUX,1994,6495.16230974644
816,LUX,1995,6756.54807658601
817,LUX,1996,7113.12748113312
818,LUX,1997,7554.33365549821
819,LUX,1998,8169.01360957564
820,LUX,1999,8925.25799739911
821,LUX,2000,9747.79053906485
822,LUX,2001,10175.6975382102
823,LUX,2002,11004.6847509194
824,LUX,2003,11531.794138845
825,LUX,2004,11698.4460108289
826,LUX,2005,12052.7619597859
827,LUX,2006,13070.0809259606
828,LUX,2007,13351.3540976743
829,LUX,2008,14261.4563235549
830,LUX,2009,14295.8114884128
831,LUX,2010,14911.9515166475
832,LUX,2011,15742.980934693
833,LUX,2012,16378.8086811326
834,LUX,2013,16931.794295135
835,LUX,2014,17412.7441809443
836,LUX,2015,18029.270637263
837,LUX,2016,19035.9132340132
838,LUX,2017,19985.870857485
839,LUX,2018,21549.4156657188
840,LUX,2019,22049.0508149692
841,LUX,2020,19813.2041800094
842,LUX,2021,21896.9456803511
843,MEX,1970,62391.0306050812
844,MEX,1971,68441.2201425511
845,MEX,1972,75553.3445687519
846,MEX,1973,84900.7902268561
847,MEX,1974,98574.9632777698
848,MEX,1975,112892.610015846
849,MEX,1976,124490.627031778
850,MEX,1977,135294.796868247
851,MEX,1978,156500.876233181
852,MEX,1979,185475.251083371
853,MEX,1980,220939.980439673
854,MEX,1981,258481.492626969
855,MEX,1982,266095.056753792
856,MEX,1983,262547.005458661
857,MEX,1984,281337.100860586
858,MEX,1985,301519.481147073
859,MEX,1986,299348.992592641
860,MEX,1987,308162.516803625
861,MEX,1988,326012.926134064
862,MEX,1989,365030.485005029
863,MEX,1990,405552.80297027
864,MEX,1991,438721.148696536
865,MEX,1992,471490.392145025
866,MEX,1993,450724.129938236
867,MEX,1994,484525.489144714
868,MEX,1995,465648.06070278
869,MEX,1996,497164.513861988
870,MEX,1997,543658.916409171
871,MEX,1998,583127.56738073
872,MEX,1999,620220.940809428
873,MEX,2000,673625.806480314
874,MEX,2001,704353.983906616
875,MEX,2002,717590.328006746
876,MEX,2003,752444.123139739
877,MEX,2004,807914.08600354
878,MEX,2005,858050.260069896
879,MEX,2006,923827.005160216
880,MEX,2007,971309.497073352
881,MEX,2008,1013502.73381897
882,MEX,2009,949412.789192873
883,MEX,2010,1001125.78440906
884,MEX,2011,1063092.80228766
885,MEX,2012,1109991.28961648
886,MEX,2013,1178453.14149593
887,MEX,2014,1231101.26282605
888,MEX,2015,1287779.30099069
889,MEX,2016,1394196.43736604
890,MEX,2017,1411418.05730612
891,MEX,2018,1472095.78086797
892,MEX,2019,1453229.25161411
893,MEX,2020,1283972.15681944
894,MEX,2021,1423051.96364838
895,NLD,1970,30708.9131961306
896,NLD,1971,33023.1464289416
897,NLD,1972,35037.5239799529
898,NLD,1973,38628.1474420478
899,NLD,1974,44012.3355685575
900,NLD,1975,49114.4912036831
901,NLD,1976,54670.2784720936
902,NLD,1977,60627.3548940609
903,NLD,1978,67834.7065832288
904,NLD,1979,74803.8876079883
905,NLD,1980,82790.5433659651
906,NLD,1981,88055.3621751616
907,NLD,1982,91602.5986664955
908,NLD,1983,96701.5588257448
909,NLD,1984,100960.949647607
910,NLD,1985,105934.888655858
911,NLD,1986,110802.658140739
912,NLD,1987,116590.235528996
913,NLD,1988,123025.861370446
914,NLD,1989,132449.840430906
915,NLD,1990,143850.132468197
916,NLD,1991,152685.145359941
917,NLD,1992,157876.890444642
918,NLD,1993,163121.648479089
919,NLD,1994,169774.480654433
920,NLD,1995,177968.007825093
921,NLD,1996,190606.402079854
922,NLD,1997,202180.653742191
923,NLD,1998,217446.63053577
924,NLD,1999,233735.093621381
925,NLD,2000,255691.344033262
926,NLD,2001,264959.42008122
927,NLD,2002,278092.462712946
928,NLD,2003,274762.308254673
929,NLD,2004,287280.325689472
930,NLD,2005,297382.089871624
931,NLD,2006,310098.451517899
932,NLD,2007,327502.95711872
933,NLD,2008,340300.09035064
934,NLD,2009,327091.000404523
935,NLD,2010,329747.796766127
936,NLD,2011,337779.689555203
937,NLD,2012,336653.582457657
938,NLD,2013,344237.375688817
939,NLD,2014,345072.314406015
940,NLD,2015,349850.597959906
941,NLD,2016,362029.159365614
942,NLD,2017,380104.619812463
943,NLD,2018,404756.273958362
944,NLD,2019,418553.138348479
945,NLD,2020,398834.068771595
946,NLD,2021,423057.773201073
947,NZL,1970,6924.52808685455
948,NZL,1971,7249.18092237188
949,NZL,1972,8010.00551902073
950,NZL,1973,9150.84191175078
951,NZL,1974,10516.653314623
952,NZL,1975,11307.3669812021
953,NZL,1976,11553.7899517847
954,NZL,1977,11898.5022225958
955,NZL,1978,12959.1759973086
956,NZL,1979,14049.7877862337
957,NZL,1980,15532.4936130776
958,NZL,1981,17303.2986957169
959,NZL,1982,17999.7915217093
960,NZL,1983,19313.5323358432
961,NZL,1984,20799.4010513181
962,NZL,1985,21791.5438289247
963,NZL,1986,23178.3789822234
964,NZL,1987,24526.5972677176
965,NZL,1988,26548.0863794768
966,NZL,1989,28069.8894478324
967,NZL,1990,29279.9855721966
968,NZL,1991,29448.4136547862
969,NZL,1992,30292.827239401
970,NZL,1993,32149.8796476851
971,NZL,1994,35028.0756806641
972,NZL,1995,37297.5866621448
973,NZL,1996,39901.2461454766
974,NZL,1997,41720.1993025635
975,NZL,1998,43241.1946373586
976,NZL,1999,45192.151556157
977,NZL,2000,45997.1181750477
978,NZL,2001,48198.1019889408
979,NZL,2002,49868.1745326116
980,NZL,2003,52347.7592578541
981,NZL,2004,56696.8018840498
982,NZL,2005,59198.2496234328
983,NZL,2006,63158.0790624213
984,NZL,2007,67293.1045761286
985,NZL,2008,69636.9465435132
986,NZL,2009,70470.1800091051
987,NZL,2010,73706.8051618129
988,NZL,2011,78161.323294939
989,NZL,2012,80628.9483405229
990,NZL,2013,83211.4301627064
991,NZL,2014,87060.5088295912
992,NZL,2015,89790.3385356631
993,NZL,2016,99173.4385207184
994,NZL,2017,105684.137103386
995,NZL,2018,108779.285023083
996,NZL,2019,118160.191387581
997,NZL,2020,120423.281903615
998,NZL,2021,127770.996538672
999,NOR,1970,7346.12843853714
1000,NOR,1971,8081.03665248745
1001,NOR,1972,8584.31262384548
1002,NOR,1973,9369.21882298416
1003,NOR,1974,10652.4622773811
1004,NOR,1975,12151.01693201
1005,NOR,1976,13580.8216238641
1006,NOR,1977,15371.5686861832
1007,NOR,1978,16179.6592592781
1008,NOR,1979,18357.0581353105
1009,NOR,1980,20754.8015741212
1010,NOR,1981,22682.4752446504
1011,NOR,1982,24210.8900737112
1012,NOR,1983,25740.636061606
1013,NOR,1984,27565.3729869493
1014,NOR,1985,31158.6603337199
1015,NOR,1986,33444.12189201
1016,NOR,1987,34262.3845496729
1017,NOR,1988,34849.6633457393
1018,NOR,1989,36149.220623009
1019,NOR,1990,37997.6629591516
1020,NOR,1991,40086.5481831142
1021,NOR,1992,42128.103045547
1022,NOR,1993,44157.903951331
1023,NOR,1994,46609.6572024604
1024,NOR,1995,49310.081073741
1025,NOR,1996,54148.4811110953
1026,NOR,1997,56169.6819193987
1027,NOR,1998,58220.9492014622
1028,NOR,1999,60955.7215837235
1029,NOR,2000,64877.4500716077
1030,NOR,2001,66819.5322370177
1031,NOR,2002,70507.9229584835
1032,NOR,2003,73528.7710925253
1033,NOR,2004,79386.6085079862
1034,NOR,2005,83861.7661971705
1035,NOR,2006,91058.5605806473
1036,NOR,2007,100071.394440102
1037,NOR,2008,103999.267426141
1038,NOR,2009,106044.638791005
1039,NOR,2010,111355.379388503
1040,NOR,2011,115045.026464178
1041,NOR,2012,120063.118764359
1042,NOR,2013,126399.332626335
1043,NOR,2014,130791.118315616
1044,NOR,2015,127773.200736444
1045,NOR,2016,132075.55798271
1046,NOR,2017,141727.689071648
1047,NOR,2018,148064.505884084
1048,NOR,2019,153577.850263842
1049,NOR,2020,141661.227808798
1050,NOR,2021,150103.698048131
1083,PRT,1970,11285.6850524894
1084,PRT,1971,13256.9745518842
1085,PRT,1972,14261.4213095864
1086,PRT,1973,16836.2661504865
1087,PRT,1974,20399.362189532
1088,PRT,1975,21904.2808842149
1089,PRT,1976,23914.5053565912
1090,PRT,1977,25622.791812639
1091,PRT,1978,26847.0646996288
1092,PRT,1979,29265.5553132035
1093,PRT,1980,33722.1303270346
1094,PRT,1981,37756.7337920108
1095,PRT,1982,40769.1061036927
1096,PRT,1983,41978.1874714653
1097,PRT,1984,42256.865278
1098,PRT,1985,44011.2283279721
1099,PRT,1986,47503.840723131
1100,PRT,1987,51556.9620860378
1101,PRT,1988,57228.6249760736
1102,PRT,1989,61485.5949422011
1103,PRT,1990,68317.8433782894
1104,PRT,1991,73588.0524672461
1105,PRT,1992,79128.1932071336
1106,PRT,1993,81992.7369082137
1107,PRT,1994,84561.8985672307
1108,PRT,1995,86857.0372695192
1109,PRT,1996,91360.3028419664
1110,PRT,1997,95627.5281314419
1111,PRT,1998,99250.1158193415
1112,PRT,1999,107836.120996356
1113,PRT,2000,116358.061283554
1114,PRT,2001,120659.072873645
1115,PRT,2002,123851.876148291
1116,PRT,2003,129284.921258884
1117,PRT,2004,135453.980275266
1118,PRT,2005,145064.58926365
1119,PRT,2006,153923.83487357
1120,PRT,2007,158579.335642186
1121,PRT,2008,165897.120389142
1122,PRT,2009,160853.698014198
1123,PRT,2010,169160.096396503
1124,PRT,2011,167200.472204386
1125,PRT,2012,162214.241252633
1126,PRT,2013,167774.230818225
1127,PRT,2014,171514.213516318
1128,PRT,2015,175043.564858156
1129,PRT,2016,185442.574438638
1130,PRT,2017,189680.129657049
1131,PRT,2018,202692.414890144
1132,PRT,2019,216632.172000097
1133,PRT,2020,196163.718515426
1134,PRT,2021,207307.838879249
1164,ESP,1970,54544.4274104473
1165,ESP,1971,59761.1304758003
1166,ESP,1972,66929.7086538598
1167,ESP,1973,76034.9666485128
1168,ESP,1974,88231.7486720274
1169,ESP,1975,97307.4022349497
1170,ESP,1976,108393.436380296
1171,ESP,1977,117175.332678173
1172,ESP,1978,126456.766369034
1173,ESP,1979,139481.29966955
1174,ESP,1980,157693.280838223
1175,ESP,1981,170103.677731639
1176,ESP,1982,179624.235226208
1177,ESP,1983,187993.136661787
1178,ESP,1984,194704.815561798
1179,ESP,1985,206098.2711129
1180,ESP,1986,217747.909964306
1181,ESP,1987,237821.737902296
1182,ESP,1988,259203.011016782
1183,ESP,1989,285202.178071314
1184,ESP,1990,308175.358188151
1185,ESP,1991,327672.561317013
1186,ESP,1992,343719.100740346
1187,ESP,1993,345577.949652202
1188,ESP,1994,356614.917497869
1189,ESP,1995,370362.929869037
1190,ESP,1996,384055.651491316
1191,ESP,1997,407465.685851218
1192,ESP,1998,432276.756187383
1193,ESP,1999,458807.649622692
1194,ESP,2000,502405.818479385
1195,ESP,2001,543710.388701538
1196,ESP,2002,582851.515315088
1197,ESP,2003,602280.844748033
1198,ESP,2004,634839.009434792
1199,ESP,2005,678267.663878391
1200,ESP,2006,733421.397812903
1201,ESP,2007,766988.726796635
1202,ESP,2008,794746.721651697
1203,ESP,2009,759698.524473725
1204,ESP,2010,778181.222445953
1205,ESP,2011,785812.633762926
1206,ESP,2012,781009.881524194
1207,ESP,2013,793384.244832196
1208,ESP,2014,823284.094281393
1209,ESP,2015,853744.535467359
1210,ESP,2016,902385.659545704
1211,ESP,2017,954227.590849766
1212,ESP,2018,983538.603454291
1213,ESP,2019,1032176.19977441
1214,ESP,2020,883914.934517953
1215,ESP,2021,951611.374417683
1216,SWE,1970,19875.8923459248
1217,SWE,1971,20740.748570588
1218,SWE,1972,22177.7284981259
1219,SWE,1973,23979.5259204104
1220,SWE,1974,27376.0516059427
1221,SWE,1975,30488.5329983564
1222,SWE,1976,33511.7796367293
1223,SWE,1977,35334.5947678795
1224,SWE,1978,37528.6393361852
1225,SWE,1979,41843.5097335358
1226,SWE,1980,45978.7121316942
1227,SWE,1981,50788.1849042939
1228,SWE,1982,54096.2433765881
1229,SWE,1983,55135.1244566648
1230,SWE,1984,58245.359062001
1231,SWE,1985,61859.7503967801
1232,SWE,1986,66231.0027684786
1233,SWE,1987,71691.2322264091
1234,SWE,1988,76620.188780597
1235,SWE,1989,80831.3033973702
1236,SWE,1990,83821.9434192563
1237,SWE,1991,86818.7827695171
1238,SWE,1992,87759.4412814115
1239,SWE,1993,87342.1793295209
1240,SWE,1994,90766.581433955
1241,SWE,1995,93551.2439256042
1242,SWE,1996,97346.7861392281
1243,SWE,1997,101411.941026192
1244,SWE,1998,105154.197745458
1245,SWE,1999,112424.396577909
1246,SWE,2000,122676.622802324
1247,SWE,2001,123784.508834495
1248,SWE,2002,127878.862921808
1249,SWE,2003,130334.314299277
1250,SWE,2004,137656.436904085
1251,SWE,2005,143171.829858373
1252,SWE,2006,152637.367767499
1253,SWE,2007,164836.770081497
1254,SWE,2008,172627.925984627
1255,SWE,2009,174981.903636358
1256,SWE,2010,183220.2584869
1257,SWE,2011,191961.806796529
1258,SWE,2012,195843.707034588
1259,SWE,2013,198665.663739994
1260,SWE,2014,204886.689414893
1261,SWE,2015,210901.799882469
1262,SWE,2016,217134.651488393
1263,SWE,2017,222957.918644033
1264,SWE,2018,232981.005294391
1265,SWE,2019,241170.787359097
1266,SWE,2020,233069.124974004
1267,SWE,2021,248436.499278312
1268,CHE,1970,23198.3796504402
1269,CHE,1971,25335.0047565075
1270,CHE,1972,27624.0852526285
1271,CHE,1973,29915.1371428447
1272,CHE,1974,32868.8143239299
1273,CHE,1975,34567.825809484
1274,CHE,1976,36852.8786978875
1275,CHE,1977,40439.229585198
1276,CHE,1978,44213.2173077123
1277,CHE,1979,48754.7050654968
1278,CHE,1980,55423.7860866528
1279,CHE,1981,60970.5208368959
1280,CHE,1982,64519.4366112971
1281,CHE,1983,68110.4064746975
1282,CHE,1984,71827.6038155584
1283,CHE,1985,75920.9241623129
1284,CHE,1986,79745.9303208537
1285,CHE,1987,84665.3297778375
1286,CHE,1988,89851.7679583843
1287,CHE,1989,96145.8430074413
1288,CHE,1990,101961.953825431
1289,CHE,1991,107289.186524625
1290,CHE,1992,110665.764806905
1291,CHE,1993,113000.873416171
1292,CHE,1994,116765.570758589
1293,CHE,1995,120276.34671698
1294,CHE,1996,125150.723303727
1295,CHE,1997,131151.160200442
1296,CHE,1998,134385.23576559
1297,CHE,1999,137278.163272532
1298,CHE,2000,141502.509674822
1299,CHE,2001,147616.051450555
1300,CHE,2002,151509.231702538
1301,CHE,2003,153827.615479888
1302,CHE,2004,160054.310719659
1303,CHE,2005,164408.477521111
1304,CHE,2006,174143.828783739
1305,CHE,2007,188001.636523195
1306,CHE,2008,199934.778923887
1307,CHE,2009,205675.891488592
1308,CHE,2010,210414.480116466
1309,CHE,2011,218712.35619903
1310,CHE,2012,226145.159694521
1311,CHE,2013,238671.875353286
1312,CHE,2014,243917.574060178
1313,CHE,2015,249909.753679989
1314,CHE,2016,259270.936313205
1315,CHE,2017,265933.593327864
1316,CHE,2018,274827.650528191
1317,CHE,2019,283732.832915691
1318,CHE,2020,268977.451644088
1319,CHE,2021,276370.818731266
1320,TUR,1970,29094.2316332048
1321,TUR,1971,33219.04135103
1322,TUR,1972,36638.7167651343
1323,TUR,1973,39111.728733583
1324,TUR,1974,39762.9178699318
1325,TUR,1975,46824.6282323551
1326,TUR,1976,53876.6600164142
1327,TUR,1977,68853.9757374598
1328,TUR,1978,75064.8755193516
1329,TUR,1979,80708.3659047758
1330,TUR,1980,94648.7282382519
1331,TUR,1981,95281.8433383131
1332,TUR,1982,107495.764542042
1333,TUR,1983,119586.60081088
1334,TUR,1984,134165.584334777
1335,TUR,1985,138015.498478237
1336,TUR,1986,149242.832983084
1337,TUR,1987,153359.80184387
1338,TUR,1988,161291.630646256
1339,TUR,1989,166595.030912671
1340,TUR,1990,196705.392584805
1341,TUR,1991,208779.311372328
1342,TUR,1992,221259.512206656
1343,TUR,1993,246246.198396826
1344,TUR,1994,237851.31138794
1345,TUR,1995,254620.18756463
1346,TUR,1996,282005.345856337
1347,TUR,1997,311122.177629195
1348,TUR,1998,316504.021956252
1349,TUR,1999,320731.054014939
1350,TUR,2000,349389.727562384
1351,TUR,2001,343212.216158271
1352,TUR,2002,351507.74305437
1353,TUR,2003,366278.801208691
1354,TUR,2004,413121.441541783
1355,TUR,2005,446117.968265415
1356,TUR,2006,482641.708782687
1357,TUR,2007,522055.218085649
1358,TUR,2008,578951.781032775
1359,TUR,2009,570781.353741389
1360,TUR,2010,656637.428020341
1361,TUR,2011,767306.344743272
1362,TUR,2012,795713.164201835
1363,TUR,2013,861620.962973983
1364,TUR,2014,905905.327496098
1365,TUR,2015,976059.713134445
1366,TUR,2016,1003370.80766148
1367,TUR,2017,1075432.79408932
1368,TUR,2018,1093550.10174886
1369,TUR,2019,1132134.17956323
1370,TUR,2020,1090328.46298861
1371,TUR,2021,1272822.20611141
1372,GBR,1970,102124.385999733
1373,GBR,1971,109853.629941177
1374,GBR,1972,120828.363876305
1375,GBR,1973,134385.907251835
1376,GBR,1974,145967.254166376
1377,GBR,1975,157924.03707635
1378,GBR,1976,167407.551574181
1379,GBR,1977,177587.582737465
1380,GBR,1978,200110.494310275
1381,GBR,1979,227402.535138525
1382,GBR,1980,251678.022703954
1383,GBR,1981,274671.01562641
1384,GBR,1982,293093.949910758
1385,GBR,1983,318384.015892109
1386,GBR,1984,338057.898225668
1387,GBR,1985,363444.260289047
1388,GBR,1986,395354.291058494
1389,GBR,1987,429973.048104223
1390,GBR,1988,481432.80928657
1391,GBR,1989,519992.728714266
1392,GBR,1990,548115.000872049
1393,GBR,1991,554753.828986638
1394,GBR,1992,578519.861773863
1395,GBR,1993,618638.146787475
1396,GBR,1994,653772.618457088
1397,GBR,1995,681982.531066502
1398,GBR,1996,739477.370713647
1399,GBR,1997,793466.60390934
1400,GBR,1998,818065.187910535
1401,GBR,1999,859394.255762719
1402,GBR,2000,937624.837071056
1403,GBR,2001,1004511.71028124
1404,GBR,2002,1028963.41732785
1405,GBR,2003,1083903.56315339
1406,GBR,2004,1162337.99362421
1407,GBR,2005,1185777.9177971
1408,GBR,2006,1253886.85239036
1409,GBR,2007,1298703.5185679
1410,GBR,2008,1334701.59143166
1411,GBR,2009,1275603.50057769
1412,GBR,2010,1324894.85651537
1413,GBR,2011,1372948.64223921
1414,GBR,2012,1403035.42028263
1415,GBR,2013,1459841.12808988
1416,GBR,2014,1506799.47953519
1417,GBR,2015,1534839.82861527
1418,GBR,2016,1645081.62740196
1419,GBR,2017,1709142.9191726
1420,GBR,2018,1794303.81196835
1421,GBR,2019,1880451.25502327
1422,GBR,2020,1615352.94881796
1423,GBR,2021,1790165.49608004
1424,USA,1970,646724.0
1425,USA,1971,699937.0
1426,USA,1972,768153.0
1427,USA,1973,849575.0
1428,USA,1974,930161.0
1429,USA,1975,1030547.0
1430,USA,1976,1147666.0
1431,USA,1977,1273975.0
1432,USA,1978,1422252.0
1433,USA,1979,1585420.0
1434,USA,1980,1750667.0
1435,USA,1981,1933951.0
1436,USA,1982,2071256.0
1437,USA,1983,2281605.0
1438,USA,1984,2492340.0
1439,USA,1985,2712830.0
1440,USA,1986,2886278.0
1441,USA,1987,3076279.0
1442,USA,1988,3330012.0
1443,USA,1989,3576758.0
1444,USA,1990,3808994.0
1445,USA,1991,3943449.0
1446,USA,1992,4197559.0
1447,USA,1993,4451984.0
1448,USA,1994,4720965.0
1449,USA,1995,4962590.0
1450,USA,1996,5244596.0
1451,USA,1997,5536790.0
1452,USA,1998,5877248.0
1453,USA,1999,6283758.0
1454,USA,2000,6767179.0
1455,USA,2001,7073801.0
1456,USA,2002,7348941.0
1457,USA,2003,7740749.0
1458,USA,2004,8231960.0
1459,USA,2005,8769066.0
1460,USA,2006,9277236.0
1461,USA,2007,9746594.0
1462,USA,2008,10050083.0
1463,USA,2009,9891218.0
1464,USA,2010,10260256.0
1465,USA,2011,10698857.0
1466,USA,2012,11047363.0
1467,USA,2013,11363528.0
1468,USA,2014,11847725.0
1469,USA,2015,12263476.0
1470,USA,2016,12693266.0
1471,USA,2017,13233609.0
1472,USA,2018,13904979.0
1473,USA,2019,14392721.0
1474,USA,2020,14116166.0
1475,USA,2021,15902575.0
