LOCATION,MEASURE,TIME,Value
AUS,MLN_USD,1960,25071.833
AUS,MLN_USD,1961,25363.455
AUS,MLN_USD,1962,27953.904
AUS,MLN_USD,1963,30431.547
AUS,MLN_USD,1964,32742.466
AUS,MLN_USD,1965,34538.087
AUS,MLN_USD,1966,38340.322
AUS,MLN_USD,1967,41063.061
AUS,MLN_USD,1968,46555.241
AUS,MLN_USD,1969,52208.329
AUS,MLN_USD,1970,58911.123
AUS,MLN_USD,1971,64192.384
AUS,MLN_USD,1972,69871.924
AUS,MLN_USD,1973,78914.75
AUS,MLN_USD,1974,86394.431
AUS,MLN_USD,1975,96933.513
AUS,MLN_USD,1976,104370.768
AUS,MLN_USD,1977,110361.996
AUS,MLN_USD,1978,123440.344
AUS,MLN_USD,1979,138091.009
AUS,MLN_USD,1980,155157.89
AUS,MLN_USD,1981,178430.317
AUS,MLN_USD,1982,182041.004
AUS,MLN_USD,1983,196746.258
AUS,MLN_USD,1984,212020.678
AUS,MLN_USD,1985,229153.081
AUS,MLN_USD,1986,240014.679
AUS,MLN_USD,1987,261085.322
AUS,MLN_USD,1988,283190.956
AUS,MLN_USD,1989,299886.891
AUS,MLN_USD,1990,304408.929
AUS,MLN_USD,1991,314181.011
AUS,MLN_USD,1992,334849.617
AUS,MLN_USD,1993,355957.486
AUS,MLN_USD,1994,381621.283
AUS,MLN_USD,1995,404071.671
AUS,MLN_USD,1996,424444.69
AUS,MLN_USD,1997,450947.394
AUS,MLN_USD,1998,478369.09
AUS,MLN_USD,1999,510551.679
AUS,MLN_USD,2000,538759.74
AUS,MLN_USD,2001,569498.285
AUS,MLN_USD,2002,600598.648
AUS,MLN_USD,2003,638782.783
AUS,MLN_USD,2004,677715.264
AUS,MLN_USD,2005,719487.043
AUS,MLN_USD,2006,775886.237
AUS,MLN_USD,2007,826594.305
AUS,MLN_USD,2008,852737.657
AUS,MLN_USD,2009,903956.56
AUS,MLN_USD,2010,943323.0
AUS,MLN_USD,2011,992802.546
AUS,MLN_USD,2012,997651.363
AUS,MLN_USD,2013,1104672.434
AUS,MLN_USD,2014,1117601.897
AUS,MLN_USD,2015,1124752.51
AUS,MLN_USD,2016,1212854.276
AUS,MLN_USD,2017,1247085.553
AUS,MLN_USD,2018,1323863.624
AUS,MLN_USD,2019,1337588.806
AUS,MLN_USD,2020,1430866.404
AUS,MLN_USD,2021,1595112.956
AUT,MLN_USD,1970,28594.177
AUT,MLN_USD,1971,31579.835
AUT,MLN_USD,1972,34990.129
AUT,MLN_USD,1973,38711.33
AUT,MLN_USD,1974,43858.904
AUT,MLN_USD,1975,47747.762
AUT,MLN_USD,1976,52681.195
AUT,MLN_USD,1977,58796.949
AUT,MLN_USD,1978,62800.056
AUT,MLN_USD,1979,71653.406
AUT,MLN_USD,1980,79478.652
AUT,MLN_USD,1981,86873.502
AUT,MLN_USD,1982,94095.976
AUT,MLN_USD,1983,100688.645
AUT,MLN_USD,1984,104374.685
AUT,MLN_USD,1985,110365.942
AUT,MLN_USD,1986,115179.71
AUT,MLN_USD,1987,119629.722
AUT,MLN_USD,1988,127931.5
AUT,MLN_USD,1989,138114.602
AUT,MLN_USD,1990,149511.327
AUT,MLN_USD,1991,159887.079
AUT,MLN_USD,1992,166954.321
AUT,MLN_USD,1993,171812.082
AUT,MLN_USD,1994,179696.263
AUT,MLN_USD,1995,188359.111
AUT,MLN_USD,1996,195478.33
AUT,MLN_USD,1997,202600.685
AUT,MLN_USD,1998,212786.029
AUT,MLN_USD,1999,220639.939
AUT,MLN_USD,2000,235393.211
AUT,MLN_USD,2001,238924.377
AUT,MLN_USD,2002,251984.784
AUT,MLN_USD,2003,261070.253
AUT,MLN_USD,2004,276000.045
AUT,MLN_USD,2005,288086.722
AUT,MLN_USD,2006,311394.8
AUT,MLN_USD,2007,327137.69
AUT,MLN_USD,2008,343812.976
AUT,MLN_USD,2009,341396.516
AUT,MLN_USD,2010,351323.808
AUT,MLN_USD,2011,373031.477
AUT,MLN_USD,2012,391635.176
AUT,MLN_USD,2013,406370.245
AUT,MLN_USD,2014,417059.519
AUT,MLN_USD,2015,430975.924
AUT,MLN_USD,2016,460282.647
AUT,MLN_USD,2017,476590.588
AUT,MLN_USD,2018,503361.417
AUT,MLN_USD,2019,530169.037
AUT,MLN_USD,2020,510568.008
AUT,MLN_USD,2021,537014.574
AUT,MLN_USD,2022,622665.496
BEL,MLN_USD,1970,37310.383
BEL,MLN_USD,1971,40672.958
BEL,MLN_USD,1972,44661.179
BEL,MLN_USD,1973,49992.7
BEL,MLN_USD,1974,56779.829
BEL,MLN_USD,1975,61215.864
BEL,MLN_USD,1976,68235.627
BEL,MLN_USD,1977,72929.153
BEL,MLN_USD,1978,80277.228
BEL,MLN_USD,1979,88972.734
BEL,MLN_USD,1980,101355.26
BEL,MLN_USD,1981,110635.789
BEL,MLN_USD,1982,118170.101
BEL,MLN_USD,1983,123181.509
BEL,MLN_USD,1984,130773.268
BEL,MLN_USD,1985,137137.32
BEL,MLN_USD,1986,142449.159
BEL,MLN_USD,1987,149338.723
BEL,MLN_USD,1988,161908.919
BEL,MLN_USD,1989,174093.405
BEL,MLN_USD,1990,186276.766
BEL,MLN_USD,1991,196106.266
BEL,MLN_USD,1992,203645.471
BEL,MLN_USD,1993,206467.318
BEL,MLN_USD,1994,217681.188
BEL,MLN_USD,1995,227545.765
BEL,MLN_USD,1996,231009.739
BEL,MLN_USD,1997,241623.533
BEL,MLN_USD,1998,248642.021
BEL,MLN_USD,1999,260168.781
BEL,MLN_USD,2000,284881.505
BEL,MLN_USD,2001,296187.433
BEL,MLN_USD,2002,312900.475
BEL,MLN_USD,2003,320979.727
BEL,MLN_USD,2004,334135.685
BEL,MLN_USD,2005,347658.439
BEL,MLN_USD,2006,371888.473
BEL,MLN_USD,2007,390981.666
BEL,MLN_USD,2008,405729.43
BEL,MLN_USD,2009,407566.641
BEL,MLN_USD,2010,434058.868
BEL,MLN_USD,2011,451932.625
BEL,MLN_USD,2012,469720.336
BEL,MLN_USD,2013,487343.796
BEL,MLN_USD,2014,503619.623
BEL,MLN_USD,2015,520877.807
BEL,MLN_USD,2016,550677.566
BEL,MLN_USD,2017,573788.528
BEL,MLN_USD,2018,600269.926
BEL,MLN_USD,2019,641098.699
BEL,MLN_USD,2020,629659.269
BEL,MLN_USD,2021,681853.013
BEL,MLN_USD,2022,773801.715
CAN,MLN_USD,1961,44299.933
CAN,MLN_USD,1962,48574.474
CAN,MLN_USD,1963,51906.612
CAN,MLN_USD,1964,56381.698
CAN,MLN_USD,1965,61782.956
CAN,MLN_USD,1966,68222.013
CAN,MLN_USD,1967,72368.942
CAN,MLN_USD,1968,80018.55
CAN,MLN_USD,1969,88693.465
CAN,MLN_USD,1970,99264.297
CAN,MLN_USD,1971,108487.491
CAN,MLN_USD,1972,119424.079
CAN,MLN_USD,1973,134444.357
CAN,MLN_USD,1974,151463.161
CAN,MLN_USD,1975,168050.057
CAN,MLN_USD,1976,187740.084
CAN,MLN_USD,1977,206453.435
CAN,MLN_USD,1978,229230.414
CAN,MLN_USD,1979,257496.378
CAN,MLN_USD,1980,286868.679
CAN,MLN_USD,1981,324813.802
CAN,MLN_USD,1982,333889.388
CAN,MLN_USD,1983,355992.913
CAN,MLN_USD,1984,390628.604
CAN,MLN_USD,1985,422072.898
CAN,MLN_USD,1986,439808.702
CAN,MLN_USD,1987,469040.522
CAN,MLN_USD,1988,507000.423
CAN,MLN_USD,1989,539084.222
CAN,MLN_USD,1990,560184.877
CAN,MLN_USD,1991,567047.864
CAN,MLN_USD,1992,585191.62
CAN,MLN_USD,1993,615002.847
CAN,MLN_USD,1994,656367.112
CAN,MLN_USD,1995,688183.628
CAN,MLN_USD,1996,712130.958
CAN,MLN_USD,1997,755416.033
CAN,MLN_USD,1998,793682.05
CAN,MLN_USD,1999,846421.343
CAN,MLN_USD,2000,901003.29
CAN,MLN_USD,2001,937793.044
CAN,MLN_USD,2002,971009.088
CAN,MLN_USD,2003,1023686.549
CAN,MLN_USD,2004,1083615.23
CAN,MLN_USD,2005,1171340.162
CAN,MLN_USD,2006,1241618.911
CAN,MLN_USD,2007,1301593.852
CAN,MLN_USD,2008,1342396.613
CAN,MLN_USD,2009,1307000.658
CAN,MLN_USD,2010,1363578.975
CAN,MLN_USD,2011,1430807.125
CAN,MLN_USD,2012,1468094.965
CAN,MLN_USD,2013,1554122.745
CAN,MLN_USD,2014,1621396.709
CAN,MLN_USD,2015,1594850.842
CAN,MLN_USD,2016,1678093.396
CAN,MLN_USD,2017,1765763.154
CAN,MLN_USD,2018,1852987.755
CAN,MLN_USD,2019,1873760.081
CAN,MLN_USD,2020,1794940.001
CAN,MLN_USD,2021,2026899.115
CAN,MLN_USD,2022,2221280.61
CZE,MLN_USD,1990,131494.049
CZE,MLN_USD,1991,120151.413
CZE,MLN_USD,1992,122267.069
CZE,MLN_USD,1993,125242.696
CZE,MLN_USD,1994,131638.664
CZE,MLN_USD,1995,143136.024
CZE,MLN_USD,1996,151528.229
CZE,MLN_USD,1997,152754.882
CZE,MLN_USD,1998,154189.841
CZE,MLN_USD,1999,158333.514
CZE,MLN_USD,2000,166527.993
CZE,MLN_USD,2001,180061.911
CZE,MLN_USD,2002,186119.946
CZE,MLN_USD,2003,199181.111
CZE,MLN_USD,2004,213447.732
CZE,MLN_USD,2005,225620.781
CZE,MLN_USD,2006,244936.694
CZE,MLN_USD,2007,270711.922
CZE,MLN_USD,2008,290503.947
CZE,MLN_USD,2009,289942.416
CZE,MLN_USD,2010,292032.224
CZE,MLN_USD,2011,304400.914
CZE,MLN_USD,2012,307490.199
CZE,MLN_USD,2013,324029.978
CZE,MLN_USD,2014,342099.837
CZE,MLN_USD,2015,357503.881
CZE,MLN_USD,2016,381420.335
CZE,MLN_USD,2017,411327.86
CZE,MLN_USD,2018,437355.916
CZE,MLN_USD,2019,471832.671
CZE,MLN_USD,2020,458157.819
CZE,MLN_USD,2021,479378.76
CZE,MLN_USD,2022,533088.781
DNK,MLN_USD,1966,16625.045
DNK,MLN_USD,1967,17777.523
DNK,MLN_USD,1968,19448.084
DNK,MLN_USD,1969,21893.14
DNK,MLN_USD,1970,20979.2
DNK,MLN_USD,1971,22705.053
DNK,MLN_USD,1972,24617.271
DNK,MLN_USD,1973,27029.053
DNK,MLN_USD,1974,29130.643
DNK,MLN_USD,1975,31365.268
DNK,MLN_USD,1976,35051.956
DNK,MLN_USD,1977,37926.17
DNK,MLN_USD,1978,41497.576
DNK,MLN_USD,1979,46679.243
DNK,MLN_USD,1980,50649.995
DNK,MLN_USD,1981,55073.254
DNK,MLN_USD,1982,60630.411
DNK,MLN_USD,1983,64640.834
DNK,MLN_USD,1984,69763.067
DNK,MLN_USD,1985,74850.76
DNK,MLN_USD,1986,80102.922
DNK,MLN_USD,1987,82292.426
DNK,MLN_USD,1988,85183.638
DNK,MLN_USD,1989,89094.274
DNK,MLN_USD,1990,93792.925
DNK,MLN_USD,1991,98316.111
DNK,MLN_USD,1992,102524.55
DNK,MLN_USD,1993,104965.945
DNK,MLN_USD,1994,112924.21
DNK,MLN_USD,1995,118782.686
DNK,MLN_USD,1996,124952.605
DNK,MLN_USD,1997,131746.08
DNK,MLN_USD,1998,136926.594
DNK,MLN_USD,1999,141846.299
DNK,MLN_USD,2000,153052.899
DNK,MLN_USD,2001,157778.439
DNK,MLN_USD,2002,164720.391
DNK,MLN_USD,2003,166147.966
DNK,MLN_USD,2004,178018.944
DNK,MLN_USD,2005,185074.466
DNK,MLN_USD,2006,202984.122
DNK,MLN_USD,2007,213056.909
DNK,MLN_USD,2008,226767.494
DNK,MLN_USD,2009,222756.489
DNK,MLN_USD,2010,238555.117
DNK,MLN_USD,2011,247352.237
DNK,MLN_USD,2012,250524.599
DNK,MLN_USD,2013,262368.12
DNK,MLN_USD,2014,270330.607
DNK,MLN_USD,2015,278748.365
DNK,MLN_USD,2016,297719.06
DNK,MLN_USD,2017,319130.165
DNK,MLN_USD,2018,333035.355
DNK,MLN_USD,2019,348345.911
DNK,MLN_USD,2020,354736.865
DNK,MLN_USD,2021,380007.666
DNK,MLN_USD,2022,441729.033
FIN,MLN_USD,1970,15583.603
FIN,MLN_USD,1971,16759.474
FIN,MLN_USD,1972,18836.412
FIN,MLN_USD,1973,21256.216
FIN,MLN_USD,1974,23918.871
FIN,MLN_USD,1975,26606.08
FIN,MLN_USD,1976,28166.986
FIN,MLN_USD,1977,29988.759
FIN,MLN_USD,1978,33035.288
FIN,MLN_USD,1979,38324.027
FIN,MLN_USD,1980,44037.726
FIN,MLN_USD,1981,48838.954
FIN,MLN_USD,1982,53468.096
FIN,MLN_USD,1983,57293.972
FIN,MLN_USD,1984,61282.895
FIN,MLN_USD,1985,65464.579
FIN,MLN_USD,1986,68623.265
FIN,MLN_USD,1987,72834.012
FIN,MLN_USD,1988,79337.073
FIN,MLN_USD,1989,86641.577
FIN,MLN_USD,1990,90487.334
FIN,MLN_USD,1991,88040.893
FIN,MLN_USD,1992,87080.514
FIN,MLN_USD,1993,88554.483
FIN,MLN_USD,1994,94029.899
FIN,MLN_USD,1995,100049.872
FIN,MLN_USD,1996,102941.742
FIN,MLN_USD,1997,112019.85
FIN,MLN_USD,1998,121506.579
FIN,MLN_USD,1999,127934.786
FIN,MLN_USD,2000,138670.013
FIN,MLN_USD,2001,144231.927
FIN,MLN_USD,2002,148763.802
FIN,MLN_USD,2003,151453.508
FIN,MLN_USD,2004,163129.043
FIN,MLN_USD,2005,168146.753
FIN,MLN_USD,2006,181438.129
FIN,MLN_USD,2007,200141.702
FIN,MLN_USD,2008,212980.742
FIN,MLN_USD,2009,202731.154
FIN,MLN_USD,2010,208926.59
FIN,MLN_USD,2011,220471.171
FIN,MLN_USD,2012,221285.636
FIN,MLN_USD,2013,225679.983
FIN,MLN_USD,2014,228058.636
FIN,MLN_USD,2015,232867.602
FIN,MLN_USD,2016,246928.493
FIN,MLN_USD,2017,262026.563
FIN,MLN_USD,2018,273455.993
FIN,MLN_USD,2019,286082.927
FIN,MLN_USD,2020,289224.32
FIN,MLN_USD,2021,303129.453
FIN,MLN_USD,2022,332318.393
FRA,MLN_USD,1960,84286.645
FRA,MLN_USD,1961,89236.064
FRA,MLN_USD,1962,97734.662
FRA,MLN_USD,1963,104468.637
FRA,MLN_USD,1964,113249.46
FRA,MLN_USD,1965,122389.747
FRA,MLN_USD,1966,133414.117
FRA,MLN_USD,1967,143803.056
FRA,MLN_USD,1968,157794.703
FRA,MLN_USD,1969,179129.265
FRA,MLN_USD,1970,191865.978
FRA,MLN_USD,1971,212310.054
FRA,MLN_USD,1972,231479.83
FRA,MLN_USD,1973,259655.879
FRA,MLN_USD,1974,295194.035
FRA,MLN_USD,1975,319440.726
FRA,MLN_USD,1976,351703.97
FRA,MLN_USD,1977,386497.804
FRA,MLN_USD,1978,430141.979
FRA,MLN_USD,1979,482365.835
FRA,MLN_USD,1980,534241.543
FRA,MLN_USD,1981,591043.785
FRA,MLN_USD,1982,643282.923
FRA,MLN_USD,1983,676773.863
FRA,MLN_USD,1984,711803.936
FRA,MLN_USD,1985,746230.664
FRA,MLN_USD,1986,779051.739
FRA,MLN_USD,1987,818768.276
FRA,MLN_USD,1988,887854.916
FRA,MLN_USD,1989,962741.065
FRA,MLN_USD,1990,1027983.31
FRA,MLN_USD,1991,1073886.708
FRA,MLN_USD,1992,1115926.173
FRA,MLN_USD,1993,1135195.648
FRA,MLN_USD,1994,1186780.386
FRA,MLN_USD,1995,1237192.1
FRA,MLN_USD,1996,1276252.375
FRA,MLN_USD,1997,1333839.225
FRA,MLN_USD,1998,1405950.617
FRA,MLN_USD,1999,1470523.886
FRA,MLN_USD,2000,1589552.173
FRA,MLN_USD,2001,1687041.876
FRA,MLN_USD,2002,1762925.935
FRA,MLN_USD,2003,1753693.725
FRA,MLN_USD,2004,1822243.671
FRA,MLN_USD,2005,1926880.385
FRA,MLN_USD,2006,2065560.669
FRA,MLN_USD,2007,2184595.05
FRA,MLN_USD,2008,2259255.844
FRA,MLN_USD,2009,2243937.742
FRA,MLN_USD,2010,2334557.742
FRA,MLN_USD,2011,2446474.544
FRA,MLN_USD,2012,2474005.287
FRA,MLN_USD,2013,2608523.504
FRA,MLN_USD,2014,2662032.873
FRA,MLN_USD,2015,2718495.127
FRA,MLN_USD,2016,2864105.631
FRA,MLN_USD,2017,2983010.673
FRA,MLN_USD,2018,3125379.86
FRA,MLN_USD,2019,3403158.941
FRA,MLN_USD,2020,3252531.255
FRA,MLN_USD,2021,3479874.481
FRA,MLN_USD,2022,3814783.882
DEU,MLN_USD,1970,314357.232
DEU,MLN_USD,1971,340639.604
DEU,MLN_USD,1972,370646.49
DEU,MLN_USD,1973,409635.425
DEU,MLN_USD,1974,450471.407
DEU,MLN_USD,1975,487930.749
DEU,MLN_USD,1976,540261.434
DEU,MLN_USD,1977,593037.207
DEU,MLN_USD,1978,653846.841
DEU,MLN_USD,1979,737482.094
DEU,MLN_USD,1980,815427.796
DEU,MLN_USD,1981,897308.681
DEU,MLN_USD,1982,948984.967
DEU,MLN_USD,1983,1001661.075
DEU,MLN_USD,1984,1067094.551
DEU,MLN_USD,1985,1126467.722
DEU,MLN_USD,1986,1175438.702
DEU,MLN_USD,1987,1221394.065
DEU,MLN_USD,1988,1311354.951
DEU,MLN_USD,1989,1415865.451
DEU,MLN_USD,1990,1546054.953
DEU,MLN_USD,1991,1679986.161
DEU,MLN_USD,1992,1751315.246
DEU,MLN_USD,1993,1775314.126
DEU,MLN_USD,1994,1856594.986
DEU,MLN_USD,1995,1924795.611
DEU,MLN_USD,1996,1972389.653
DEU,MLN_USD,1997,2015809.715
DEU,MLN_USD,1998,2079540.241
DEU,MLN_USD,1999,2158515.841
DEU,MLN_USD,2000,2236504.797
DEU,MLN_USD,2001,2336594.757
DEU,MLN_USD,2002,2406900.908
DEU,MLN_USD,2003,2468569.147
DEU,MLN_USD,2004,2585566.23
DEU,MLN_USD,2005,2622039.802
DEU,MLN_USD,2006,2813824.86
DEU,MLN_USD,2007,2985617.276
DEU,MLN_USD,2008,3103958.247
DEU,MLN_USD,2009,3015332.321
DEU,MLN_USD,2010,3185267.891
DEU,MLN_USD,2011,3415019.966
DEU,MLN_USD,2012,3487234.448
DEU,MLN_USD,2013,3628559.337
DEU,MLN_USD,2014,3807114.521
DEU,MLN_USD,2015,3889081.896
DEU,MLN_USD,2016,4165169.905
DEU,MLN_USD,2017,4386729.188
DEU,MLN_USD,2018,4576056.532
DEU,MLN_USD,2019,4769328.306
DEU,MLN_USD,2020,4697130.976
DEU,MLN_USD,2021,4891842.639
DEU,MLN_USD,2022,5371318.279
GRC,MLN_USD,1960,6847.866
GRC,MLN_USD,1961,10059.651
GRC,MLN_USD,1962,10327.582
GRC,MLN_USD,1963,11720.06
GRC,MLN_USD,1964,13052.841
GRC,MLN_USD,1965,14862.216
GRC,MLN_USD,1966,16379.735
GRC,MLN_USD,1967,17805.334
GRC,MLN_USD,1968,20016.157
GRC,MLN_USD,1969,23485.907
GRC,MLN_USD,1970,27532.565
GRC,MLN_USD,1971,31196.56
GRC,MLN_USD,1972,35851.744
GRC,MLN_USD,1973,40876.627
GRC,MLN_USD,1974,41686.417
GRC,MLN_USD,1975,48447.603
GRC,MLN_USD,1976,54616.132
GRC,MLN_USD,1977,59715.694
GRC,MLN_USD,1978,68547.906
GRC,MLN_USD,1979,76671.484
GRC,MLN_USD,1980,84163.339
GRC,MLN_USD,1981,90695.598
GRC,MLN_USD,1982,95208.283
GRC,MLN_USD,1983,97870.229
GRC,MLN_USD,1984,103439.843
GRC,MLN_USD,1985,109389.048
GRC,MLN_USD,1986,112169.707
GRC,MLN_USD,1987,112347.034
GRC,MLN_USD,1988,121297.2
GRC,MLN_USD,1989,130842.463
GRC,MLN_USD,1990,135740.328
GRC,MLN_USD,1991,144680.998
GRC,MLN_USD,1992,149013.996
GRC,MLN_USD,1993,150105.395
GRC,MLN_USD,1994,156376.997
GRC,MLN_USD,1995,163008.397
GRC,MLN_USD,1996,171331.14
GRC,MLN_USD,1997,182903.324
GRC,MLN_USD,1998,193336.035
GRC,MLN_USD,1999,198711.939
GRC,MLN_USD,2000,210928.9
GRC,MLN_USD,2001,227657.332
GRC,MLN_USD,2002,246559.281
GRC,MLN_USD,2003,261156.845
GRC,MLN_USD,2004,278924.6
GRC,MLN_USD,2005,281028.396
GRC,MLN_USD,2006,314601.571
GRC,MLN_USD,2007,323985.185
GRC,MLN_USD,2008,341817.829
GRC,MLN_USD,2009,337203.102
GRC,MLN_USD,2010,310415.31
GRC,MLN_USD,2011,285079.561
GRC,MLN_USD,2012,275143.683
GRC,MLN_USD,2013,284949.076
GRC,MLN_USD,2014,290011.379
GRC,MLN_USD,2015,289570.644
GRC,MLN_USD,2016,296466.614
GRC,MLN_USD,2017,307636.013
GRC,MLN_USD,2018,317881.481
GRC,MLN_USD,2019,334040.54
GRC,MLN_USD,2020,304016.729
GRC,MLN_USD,2021,333014.632
GRC,MLN_USD,2022,393631.536
HUN,MLN_USD,1991,86364.427
HUN,MLN_USD,1992,85625.931
HUN,MLN_USD,1993,87150.562
HUN,MLN_USD,1994,91634.907
HUN,MLN_USD,1995,94949.945
HUN,MLN_USD,1996,96433.633
HUN,MLN_USD,1997,101102.156
HUN,MLN_USD,1998,106755.322
HUN,MLN_USD,1999,111315.201
HUN,MLN_USD,2000,121055.806
HUN,MLN_USD,2001,134582.542
HUN,MLN_USD,2002,147567.884
HUN,MLN_USD,2003,156795.607
HUN,MLN_USD,2004,164432.54
HUN,MLN_USD,2005,172572.944
HUN,MLN_USD,2006,185137.549
HUN,MLN_USD,2007,192032.269
HUN,MLN_USD,2008,208006.337
HUN,MLN_USD,2009,207698.243
HUN,MLN_USD,2010,217415.959
HUN,MLN_USD,2011,229643.36
HUN,MLN_USD,2012,230821.511
HUN,MLN_USD,2013,242855.184
HUN,MLN_USD,2014,253484.632
HUN,MLN_USD,2015,263781.873
HUN,MLN_USD,2016,274222.712
HUN,MLN_USD,2017,288707.448
HUN,MLN_USD,2018,311925.167
HUN,MLN_USD,2019,338460.936
HUN,MLN_USD,2020,333066.376
HUN,MLN_USD,2021,356227.581
HUN,MLN_USD,2022,411726.009
ISL,MLN_USD,1970,787.224
ISL,MLN_USD,1971,935.162
ISL,MLN_USD,1972,1035.848
ISL,MLN_USD,1973,1166.976
ISL,MLN_USD,1974,1344.572
ISL,MLN_USD,1975,1478.609
ISL,MLN_USD,1976,1652.945
ISL,MLN_USD,1977,1910.536
ISL,MLN_USD,1978,2167.959
ISL,MLN_USD,1979,2461.942
ISL,MLN_USD,1980,2838.625
ISL,MLN_USD,1981,3239.743
ISL,MLN_USD,1982,3514.018
ISL,MLN_USD,1983,3573.101
ISL,MLN_USD,1984,3854.869
ISL,MLN_USD,1985,4107.726
ISL,MLN_USD,1986,4453.215
ISL,MLN_USD,1987,4953.315
ISL,MLN_USD,1988,5123.438
ISL,MLN_USD,1989,5338.054
ISL,MLN_USD,1990,5602.634
ISL,MLN_USD,1991,5779.155
ISL,MLN_USD,1992,5711.43
ISL,MLN_USD,1993,5923.605
ISL,MLN_USD,1994,6268.439
ISL,MLN_USD,1995,6407.343
ISL,MLN_USD,1996,6662.593
ISL,MLN_USD,1997,7286.027
ISL,MLN_USD,1998,7871.118
ISL,MLN_USD,1999,8198.7
ISL,MLN_USD,2000,8375.645
ISL,MLN_USD,2001,9085.392
ISL,MLN_USD,2002,9375.293
ISL,MLN_USD,2003,9467.595
ISL,MLN_USD,2004,10402.625
ISL,MLN_USD,2005,11074.926
ISL,MLN_USD,2006,12059.466
ISL,MLN_USD,2007,12920.229
ISL,MLN_USD,2008,13879.916
ISL,MLN_USD,2009,13333.839
ISL,MLN_USD,2010,12649.529
ISL,MLN_USD,2011,13059.434
ISL,MLN_USD,2012,13471.498
ISL,MLN_USD,2013,14378.252
ISL,MLN_USD,2014,15058.764
ISL,MLN_USD,2015,16276.45
ISL,MLN_USD,2016,17939.411
ISL,MLN_USD,2017,19106.258
ISL,MLN_USD,2018,20177.371
ISL,MLN_USD,2019,21634.027
ISL,MLN_USD,2020,20031.108
ISL,MLN_USD,2021,21721.17
IRL,MLN_USD,1970,7253.122
IRL,MLN_USD,1971,7885.228
IRL,MLN_USD,1972,8759.944
IRL,MLN_USD,1973,9676.237
IRL,MLN_USD,1974,10996.298
IRL,MLN_USD,1975,12694.479
IRL,MLN_USD,1976,13579.913
IRL,MLN_USD,1977,15608.055
IRL,MLN_USD,1978,17906.508
IRL,MLN_USD,1979,19988.058
IRL,MLN_USD,1980,22464.692
IRL,MLN_USD,1981,25408.015
IRL,MLN_USD,1982,27593.819
IRL,MLN_USD,1983,28604.558
IRL,MLN_USD,1984,30927.011
IRL,MLN_USD,1985,32889.528
IRL,MLN_USD,1986,33408.178
IRL,MLN_USD,1987,35830.675
IRL,MLN_USD,1988,39029.952
IRL,MLN_USD,1989,42918.191
IRL,MLN_USD,1990,48294.461
IRL,MLN_USD,1991,50891.089
IRL,MLN_USD,1992,53791.054
IRL,MLN_USD,1993,56548.798
IRL,MLN_USD,1994,61080.711
IRL,MLN_USD,1995,68369.684
IRL,MLN_USD,1996,74500.238
IRL,MLN_USD,1997,83169.309
IRL,MLN_USD,1998,93163.071
IRL,MLN_USD,1999,101534.479
IRL,MLN_USD,2000,114959.9
IRL,MLN_USD,2001,125937.229
IRL,MLN_USD,2002,138490.842
IRL,MLN_USD,2003,145013.085
IRL,MLN_USD,2004,157656.138
IRL,MLN_USD,2005,168336.081
IRL,MLN_USD,2006,189018.885
IRL,MLN_USD,2007,205779.814
IRL,MLN_USD,2008,198299.13
IRL,MLN_USD,2009,188088.826
IRL,MLN_USD,2010,197036.295
IRL,MLN_USD,2011,206494.885
IRL,MLN_USD,2012,213365.684
IRL,MLN_USD,2013,221217.164
IRL,MLN_USD,2014,238187.305
IRL,MLN_USD,2015,324787.369
IRL,MLN_USD,2016,340185.299
IRL,MLN_USD,2017,374825.508
IRL,MLN_USD,2018,412301.576
IRL,MLN_USD,2019,442690.205
IRL,MLN_USD,2020,468339.713
IRL,MLN_USD,2021,536386.735
IRL,MLN_USD,2022,656439.507
ITA,MLN_USD,1970,195496.331
ITA,MLN_USD,1971,209140.871
ITA,MLN_USD,1972,226233.452
ITA,MLN_USD,1973,255635.288
ITA,MLN_USD,1974,293964.68
ITA,MLN_USD,1975,314480.025
ITA,MLN_USD,1976,355428.177
ITA,MLN_USD,1977,387178.447
ITA,MLN_USD,1978,427839.436
ITA,MLN_USD,1979,490946.264
ITA,MLN_USD,1980,553654.486
ITA,MLN_USD,1981,611158.452
ITA,MLN_USD,1982,651601.276
ITA,MLN_USD,1983,685040.065
ITA,MLN_USD,1984,732649.916
ITA,MLN_USD,1985,776968.042
ITA,MLN_USD,1986,815283.989
ITA,MLN_USD,1987,862111.475
ITA,MLN_USD,1988,929957.502
ITA,MLN_USD,1989,999160.918
ITA,MLN_USD,1990,1057146.623
ITA,MLN_USD,1991,1109710.443
ITA,MLN_USD,1992,1144468.782
ITA,MLN_USD,1993,1161605.125
ITA,MLN_USD,1994,1211930.284
ITA,MLN_USD,1995,1273063.339
ITA,MLN_USD,1996,1311139.817
ITA,MLN_USD,1997,1358302.153
ITA,MLN_USD,1998,1423901.289
ITA,MLN_USD,1999,1457193.11
ITA,MLN_USD,2000,1541858.123
ITA,MLN_USD,2001,1597502.924
ITA,MLN_USD,2002,1639680.501
ITA,MLN_USD,2003,1673454.381
ITA,MLN_USD,2004,1704882.532
ITA,MLN_USD,2005,1746658.11
ITA,MLN_USD,2006,1886859.551
ITA,MLN_USD,2007,1995406.894
ITA,MLN_USD,2008,2089717.307
ITA,MLN_USD,2009,2044893.204
ITA,MLN_USD,2010,2083996.379
ITA,MLN_USD,2011,2173169.961
ITA,MLN_USD,2012,2172383.108
ITA,MLN_USD,2013,2187376.607
ITA,MLN_USD,2014,2200256.409
ITA,MLN_USD,2015,2240922.483
ITA,MLN_USD,2016,2420672.141
ITA,MLN_USD,2017,2517184.468
ITA,MLN_USD,2018,2600326.872
ITA,MLN_USD,2019,2735577.365
ITA,MLN_USD,2020,2564455.924
ITA,MLN_USD,2021,2760717.633
ITA,MLN_USD,2022,3092145.9
JPN,MLN_USD,1970,348114.148
JPN,MLN_USD,1971,382947.706
JPN,MLN_USD,1972,433113.832
JPN,MLN_USD,1973,493544.739
JPN,MLN_USD,1974,531366.049
JPN,MLN_USD,1975,598533.619
JPN,MLN_USD,1976,656574.202
JPN,MLN_USD,1977,727986.461
JPN,MLN_USD,1978,820270.312
JPN,MLN_USD,1979,937040.621
JPN,MLN_USD,1980,1050471.09
JPN,MLN_USD,1981,1198859.753
JPN,MLN_USD,1982,1314677.302
JPN,MLN_USD,1983,1415765.104
JPN,MLN_USD,1984,1531542.366
JPN,MLN_USD,1985,1661500.325
JPN,MLN_USD,1986,1750794.139
JPN,MLN_USD,1987,1877492.604
JPN,MLN_USD,1988,2073203.225
JPN,MLN_USD,1989,2260605.047
JPN,MLN_USD,1990,2458757.721
JPN,MLN_USD,1991,2631467.512
JPN,MLN_USD,1992,2715675.011
JPN,MLN_USD,1993,2767279.211
JPN,MLN_USD,1994,2856992.794
JPN,MLN_USD,1995,2993644.743
JPN,MLN_USD,1996,3143992.145
JPN,MLN_USD,1997,3229588.927
JPN,MLN_USD,1998,3224451.313
JPN,MLN_USD,1999,3258971.755
JPN,MLN_USD,2000,3461199.211
JPN,MLN_USD,2001,3552841.441
JPN,MLN_USD,2002,3647933.242
JPN,MLN_USD,2003,3753919.246
JPN,MLN_USD,2004,3938955.766
JPN,MLN_USD,2005,4110440.486
JPN,MLN_USD,2006,4300322.188
JPN,MLN_USD,2007,4482081.29
JPN,MLN_USD,2008,4517267.524
JPN,MLN_USD,2009,4295628.986
JPN,MLN_USD,2010,4525401.306
JPN,MLN_USD,2011,4629400.467
JPN,MLN_USD,2012,4799612.88
JPN,MLN_USD,2013,5021591.104
JPN,MLN_USD,2014,5034454.619
JPN,MLN_USD,2015,5199915.223
JPN,MLN_USD,2016,5158900.414
JPN,MLN_USD,2017,5262254.967
JPN,MLN_USD,2018,5344060.937
JPN,MLN_USD,2019,5352898.847
JPN,MLN_USD,2020,5263052.866
JPN,MLN_USD,2021,5383426.681
KOR,MLN_USD,1970,19360.946
KOR,MLN_USD,1971,22487.595
KOR,MLN_USD,1972,25152.141
KOR,MLN_USD,1973,30483.038
KOR,MLN_USD,1974,36386.53
KOR,MLN_USD,1975,42873.785
KOR,MLN_USD,1976,51213.792
KOR,MLN_USD,1977,61106.159
KOR,MLN_USD,1978,72567.984
KOR,MLN_USD,1979,85403.228
KOR,MLN_USD,1980,91585.339
KOR,MLN_USD,1981,107515.66
KOR,MLN_USD,1982,123676.871
KOR,MLN_USD,1983,145712.222
KOR,MLN_USD,1984,166898.807
KOR,MLN_USD,1985,185673.604
KOR,MLN_USD,1986,210868.183
KOR,MLN_USD,1987,243576.231
KOR,MLN_USD,1988,282397.397
KOR,MLN_USD,1989,314225.056
KOR,MLN_USD,1990,358187.125
KOR,MLN_USD,1991,410211.322
KOR,MLN_USD,1992,445566.679
KOR,MLN_USD,1993,487498.211
KOR,MLN_USD,1994,544057.83
KOR,MLN_USD,1995,608871.842
KOR,MLN_USD,1996,668944.044
KOR,MLN_USD,1997,722468.659
KOR,MLN_USD,1998,693124.625
KOR,MLN_USD,1999,783492.526
KOR,MLN_USD,2000,871475.638
KOR,MLN_USD,2001,934349.292
KOR,MLN_USD,2002,1019446.686
KOR,MLN_USD,2003,1058222.737
KOR,MLN_USD,2004,1143105.568
KOR,MLN_USD,2005,1213618.157
KOR,MLN_USD,2006,1302227.991
KOR,MLN_USD,2007,1414985.951
KOR,MLN_USD,2008,1468996.086
KOR,MLN_USD,2009,1454994.406
KOR,MLN_USD,2010,1572680.44
KOR,MLN_USD,2011,1625275.456
KOR,MLN_USD,2012,1684562.928
KOR,MLN_USD,2013,1726902.753
KOR,MLN_USD,2014,1792600.237
KOR,MLN_USD,2015,1933588.947
KOR,MLN_USD,2016,2026967.822
KOR,MLN_USD,2017,2103651.26
KOR,MLN_USD,2018,2220442.286
KOR,MLN_USD,2019,2247126.568
KOR,MLN_USD,2020,2316806.899
KOR,MLN_USD,2021,2425556.12
LUX,MLN_USD,1970,1860.187
LUX,MLN_USD,1971,2006.614
LUX,MLN_USD,1972,2231.479
LUX,MLN_USD,1973,2549.422
LUX,MLN_USD,1974,2895.894
LUX,MLN_USD,1975,2956.203
LUX,MLN_USD,1976,3197.937
LUX,MLN_USD,1977,3449.956
LUX,MLN_USD,1978,3843.093
LUX,MLN_USD,1979,4259.561
LUX,MLN_USD,1980,4683.383
LUX,MLN_USD,1981,5098.287
LUX,MLN_USD,1982,5474.513
LUX,MLN_USD,1983,5858.985
LUX,MLN_USD,1984,6445.929
LUX,MLN_USD,1985,6835.421
LUX,MLN_USD,1986,7669.267
LUX,MLN_USD,1987,8169.417
LUX,MLN_USD,1988,9173.377
LUX,MLN_USD,1989,10467.055
LUX,MLN_USD,1990,11436.556
LUX,MLN_USD,1991,12845.342
LUX,MLN_USD,1992,13377.144
LUX,MLN_USD,1993,14269.473
LUX,MLN_USD,1994,15131.056
LUX,MLN_USD,1995,15669.59
LUX,MLN_USD,1996,16453.574
LUX,MLN_USD,1997,17820.545
LUX,MLN_USD,1998,18800.83
LUX,MLN_USD,1999,21456.896
LUX,MLN_USD,2000,24052.309
LUX,MLN_USD,2001,24785.439
LUX,MLN_USD,2002,26135.007
LUX,MLN_USD,2003,27187.931
LUX,MLN_USD,2004,29635.51
LUX,MLN_USD,2005,31997.214
LUX,MLN_USD,2006,37278.487
LUX,MLN_USD,2007,40857.327
LUX,MLN_USD,2008,44452.835
LUX,MLN_USD,2009,43245.758
LUX,MLN_USD,2010,45806.816
LUX,MLN_USD,2011,48970.83
LUX,MLN_USD,2012,51308.749
LUX,MLN_USD,2013,54838.627
LUX,MLN_USD,2014,58578.312
LUX,MLN_USD,2015,61437.294
LUX,MLN_USD,2016,65980.114
LUX,MLN_USD,2017,68570.173
LUX,MLN_USD,2018,70825.278
LUX,MLN_USD,2019,74115.971
LUX,MLN_USD,2020,75656.711
LUX,MLN_USD,2021,84175.446
LUX,MLN_USD,2022,93962.589
MEX,MLN_USD,1970,94115.627
MEX,MLN_USD,1971,103008.445
MEX,MLN_USD,1972,116581.758
MEX,MLN_USD,1973,133312.675
MEX,MLN_USD,1974,154188.025
MEX,MLN_USD,1975,177927.73
MEX,MLN_USD,1976,195675.708
MEX,MLN_USD,1977,214986.945
MEX,MLN_USD,1978,249093.53
MEX,MLN_USD,1979,294455.119
MEX,MLN_USD,1980,347776.417
MEX,MLN_USD,1981,414159.161
MEX,MLN_USD,1982,436639.425
MEX,MLN_USD,1983,434249.765
MEX,MLN_USD,1984,466111.234
MEX,MLN_USD,1985,494181.871
MEX,MLN_USD,1986,485209.517
MEX,MLN_USD,1987,506434.857
MEX,MLN_USD,1988,530828.672
MEX,MLN_USD,1989,574798.441
MEX,MLN_USD,1990,626538.133
MEX,MLN_USD,1991,675074.828
MEX,MLN_USD,1992,715513.58
MEX,MLN_USD,1993,758505.079
MEX,MLN_USD,1994,812981.04
MEX,MLN_USD,1995,777809.434
MEX,MLN_USD,1996,845698.562
MEX,MLN_USD,1997,919184.017
MEX,MLN_USD,1998,977530.109
MEX,MLN_USD,1999,1018601.794
MEX,MLN_USD,2000,1096748.815
MEX,MLN_USD,2001,1116922.396
MEX,MLN_USD,2002,1137595.967
MEX,MLN_USD,2003,1184225.321
MEX,MLN_USD,2004,1263689.079
MEX,MLN_USD,2005,1341775.456
MEX,MLN_USD,2006,1485717.873
MEX,MLN_USD,2007,1560834.849
MEX,MLN_USD,2008,1653898.19
MEX,MLN_USD,2009,1636084.571
MEX,MLN_USD,2010,1740490.338
MEX,MLN_USD,2011,1911319.096
MEX,MLN_USD,2012,2012767.781
MEX,MLN_USD,2013,2064490.947
MEX,MLN_USD,2014,2173227.412
MEX,MLN_USD,2015,2230188.94
MEX,MLN_USD,2016,2383253.082
MEX,MLN_USD,2017,2460766.096
MEX,MLN_USD,2018,2535949.668
MEX,MLN_USD,2019,2529761.704
MEX,MLN_USD,2020,2333740.769
MEX,MLN_USD,2021,2480684.356
NLD,MLN_USD,1969,52607.563
NLD,MLN_USD,1970,57592.655
NLD,MLN_USD,1971,63132.77
NLD,MLN_USD,1972,67512.689
NLD,MLN_USD,1973,75331.416
NLD,MLN_USD,1974,85604.81
NLD,MLN_USD,1975,93649.115
NLD,MLN_USD,1976,103533.332
NLD,MLN_USD,1977,112078.996
NLD,MLN_USD,1978,122758.463
NLD,MLN_USD,1979,135631.195
NLD,MLN_USD,1980,152690.542
NLD,MLN_USD,1981,165828.625
NLD,MLN_USD,1982,173889.313
NLD,MLN_USD,1983,184440.602
NLD,MLN_USD,1984,196945.381
NLD,MLN_USD,1985,208415.922
NLD,MLN_USD,1986,218538.692
NLD,MLN_USD,1987,228267.63
NLD,MLN_USD,1988,244451.864
NLD,MLN_USD,1989,265264.226
NLD,MLN_USD,1990,286705.653
NLD,MLN_USD,1991,303630.695
NLD,MLN_USD,1992,315848.395
NLD,MLN_USD,1993,327401.387
NLD,MLN_USD,1994,344294.449
NLD,MLN_USD,1995,362467.06
NLD,MLN_USD,1996,380738.473
NLD,MLN_USD,1997,406142.052
NLD,MLN_USD,1998,435240.558
NLD,MLN_USD,1999,462796.455
NLD,MLN_USD,2000,507657.002
NLD,MLN_USD,2001,532517.225
NLD,MLN_USD,2002,556285.465
NLD,MLN_USD,2003,554115.941
NLD,MLN_USD,2004,583050.276
NLD,MLN_USD,2005,614044.12
NLD,MLN_USD,2006,670372.239
NLD,MLN_USD,2007,719889.129
NLD,MLN_USD,2008,763407.575
NLD,MLN_USD,2009,736551.017
NLD,MLN_USD,2010,748383.899
NLD,MLN_USD,2011,777880.907
NLD,MLN_USD,2012,792041.828
NLD,MLN_USD,2013,827475.788
NLD,MLN_USD,2014,830318.43
NLD,MLN_USD,2015,851884.697
NLD,MLN_USD,2016,890488.555
NLD,MLN_USD,2017,943739.619
NLD,MLN_USD,2018,996447.288
NLD,MLN_USD,2019,1044307.685
NLD,MLN_USD,2020,1043402.526
NLD,MLN_USD,2021,1112202.232
NLD,MLN_USD,2022,1258574.635
NZL,MLN_USD,1970,11021.804
NZL,MLN_USD,1971,12280.693
NZL,MLN_USD,1972,13685.945
NZL,MLN_USD,1973,15035.732
NZL,MLN_USD,1974,17148.923
NZL,MLN_USD,1975,19346.954
NZL,MLN_USD,1976,20305.662
NZL,MLN_USD,1977,20155.193
NZL,MLN_USD,1978,22585.27
NZL,MLN_USD,1979,23957.925
NZL,MLN_USD,1980,26451.295
NZL,MLN_USD,1981,29689.563
NZL,MLN_USD,1982,33109.296
NZL,MLN_USD,1983,36024.773
NZL,MLN_USD,1984,39907.864
NZL,MLN_USD,1985,41205.127
NZL,MLN_USD,1986,43314.634
NZL,MLN_USD,1987,44120.03
NZL,MLN_USD,1988,45884.324
NZL,MLN_USD,1989,48086.185
NZL,MLN_USD,1990,49428.003
NZL,MLN_USD,1991,50782.561
NZL,MLN_USD,1992,52611.963
NZL,MLN_USD,1993,56815.367
NZL,MLN_USD,1994,61710.405
NZL,MLN_USD,1995,65673.261
NZL,MLN_USD,1996,68806.617
NZL,MLN_USD,1997,72317.629
NZL,MLN_USD,1998,73702.347
NZL,MLN_USD,1999,78923.926
NZL,MLN_USD,2000,82948.279
NZL,MLN_USD,2001,87413.804
NZL,MLN_USD,2002,92024.858
NZL,MLN_USD,2003,96612.844
NZL,MLN_USD,2004,102609.792
NZL,MLN_USD,2005,106147.849
NZL,MLN_USD,2006,116050.482
NZL,MLN_USD,2007,123894.65
NZL,MLN_USD,2008,127057.687
NZL,MLN_USD,2009,131998.908
NZL,MLN_USD,2010,135849.502
NZL,MLN_USD,2011,143362.869
NZL,MLN_USD,2012,145417.047
NZL,MLN_USD,2013,160992.629
NZL,MLN_USD,2014,168435.427
NZL,MLN_USD,2015,172758.809
NZL,MLN_USD,2016,188250.858
NZL,MLN_USD,2017,203223.123
NZL,MLN_USD,2018,208377.269
NZL,MLN_USD,2019,228675.405
NZL,MLN_USD,2020,231495.346
NZL,MLN_USD,2021,242673.983
NOR,MLN_USD,1970,13042.381
NOR,MLN_USD,1971,14481.006
NOR,MLN_USD,1972,15912.278
NOR,MLN_USD,1973,17545.071
NOR,MLN_USD,1974,19873.972
NOR,MLN_USD,1975,22790.161
NOR,MLN_USD,1976,25445.106
NOR,MLN_USD,1977,28150.583
NOR,MLN_USD,1978,31296.508
NOR,MLN_USD,1979,35375.017
NOR,MLN_USD,1980,40330.919
NOR,MLN_USD,1981,44852.712
NOR,MLN_USD,1982,47735.901
NOR,MLN_USD,1983,51576.45
NOR,MLN_USD,1984,56671.398
NOR,MLN_USD,1985,61710.32
NOR,MLN_USD,1986,65497.74
NOR,MLN_USD,1987,68294.277
NOR,MLN_USD,1988,70522.92
NOR,MLN_USD,1989,74048.574
NOR,MLN_USD,1990,78304.852
NOR,MLN_USD,1991,83449.879
NOR,MLN_USD,1992,88402.486
NOR,MLN_USD,1993,93072.757
NOR,MLN_USD,1994,99865.812
NOR,MLN_USD,1995,106196.986
NOR,MLN_USD,1996,117532.392
NOR,MLN_USD,1997,126025.32
NOR,MLN_USD,1998,124964.108
NOR,MLN_USD,1999,136417.339
NOR,MLN_USD,2000,166116.067
NOR,MLN_USD,2001,170753.203
NOR,MLN_USD,2002,172705.278
NOR,MLN_USD,2003,176589.245
NOR,MLN_USD,2004,195945.827
NOR,MLN_USD,2005,221764.78
NOR,MLN_USD,2006,253382.384
NOR,MLN_USD,2007,264539.753
NOR,MLN_USD,2008,295976.05
NOR,MLN_USD,2009,268577.776
NOR,MLN_USD,2010,284685.067
NOR,MLN_USD,2011,309370.337
NOR,MLN_USD,2012,330093.373
NOR,MLN_USD,2013,342254.475
NOR,MLN_USD,2014,340765.256
NOR,MLN_USD,2015,315145.02
NOR,MLN_USD,2016,310303.322
NOR,MLN_USD,2017,340837.014
NOR,MLN_USD,2018,373182.531
NOR,MLN_USD,2019,373905.514
NOR,MLN_USD,2020,350366.117
NOR,MLN_USD,2021,442761.845
NOR,MLN_USD,2022,518561.227
POL,MLN_USD,1990,235988.163
POL,MLN_USD,1991,226852.893
POL,MLN_USD,1992,237857.999
POL,MLN_USD,1993,252598.679
POL,MLN_USD,1994,271647.77
POL,MLN_USD,1995,296624.508
POL,MLN_USD,1996,319735.682
POL,MLN_USD,1997,345396.777
POL,MLN_USD,1998,366838.044
POL,MLN_USD,1999,388183.91
POL,MLN_USD,2000,408379.539
POL,MLN_USD,2001,425389.354
POL,MLN_USD,2002,451281.404
POL,MLN_USD,2003,469499.123
POL,MLN_USD,2004,509876.065
POL,MLN_USD,2005,530377.339
POL,MLN_USD,2006,577892.055
POL,MLN_USD,2007,640614.487
POL,MLN_USD,2008,697829.214
POL,MLN_USD,2009,734041.846
POL,MLN_USD,2010,794704.641
POL,MLN_USD,2011,862451.786
POL,MLN_USD,2012,897877.763
POL,MLN_USD,2013,925133.245
POL,MLN_USD,2014,962317.654
POL,MLN_USD,2015,1018896.563
POL,MLN_USD,2016,1069459.06
POL,MLN_USD,2017,1137654.148
POL,MLN_USD,2018,1216240.494
POL,MLN_USD,2019,1327882.052
POL,MLN_USD,2020,1338432.734
POL,MLN_USD,2021,1439480.291
POL,MLN_USD,2022,1643788.812
PRT,MLN_USD,1970,18297.369
PRT,MLN_USD,1971,20499.818
PRT,MLN_USD,1972,23100.215
PRT,MLN_USD,1973,27095.239
PRT,MLN_USD,1974,29870.982
PRT,MLN_USD,1975,31218.843
PRT,MLN_USD,1976,35209.666
PRT,MLN_USD,1977,39492.598
PRT,MLN_USD,1978,43460.755
PRT,MLN_USD,1979,49720.558
PRT,MLN_USD,1980,56699.816
PRT,MLN_USD,1981,63069.11
PRT,MLN_USD,1982,68395.657
PRT,MLN_USD,1983,70951.526
PRT,MLN_USD,1984,72129.252
PRT,MLN_USD,1985,76499.326
PRT,MLN_USD,1986,81271.546
PRT,MLN_USD,1987,88595.742
PRT,MLN_USD,1988,98589.963
PRT,MLN_USD,1989,109053.791
PRT,MLN_USD,1990,117605.499
PRT,MLN_USD,1991,126893.618
PRT,MLN_USD,1992,131199.392
PRT,MLN_USD,1993,131564.952
PRT,MLN_USD,1994,135670.918
PRT,MLN_USD,1995,144448.129
PRT,MLN_USD,1996,150170.881
PRT,MLN_USD,1997,159607.267
PRT,MLN_USD,1998,169547.717
PRT,MLN_USD,1999,181041.019
PRT,MLN_USD,2000,194276.438
PRT,MLN_USD,2001,202369.951
PRT,MLN_USD,2002,212108.896
PRT,MLN_USD,2003,218088.817
PRT,MLN_USD,2004,225171.888
PRT,MLN_USD,2005,238691.186
PRT,MLN_USD,2006,259701.897
PRT,MLN_USD,2007,271337.567
PRT,MLN_USD,2008,281542.549
PRT,MLN_USD,2009,279627.039
PRT,MLN_USD,2010,288228.565
PRT,MLN_USD,2011,282620.91
PRT,MLN_USD,2012,277991.759
PRT,MLN_USD,2013,292135.199
PRT,MLN_USD,2014,298951.673
PRT,MLN_USD,2015,307230.008
PRT,MLN_USD,2016,326364.379
PRT,MLN_USD,2017,340370.325
PRT,MLN_USD,2018,359198.932
PRT,MLN_USD,2019,383670.579
PRT,MLN_USD,2020,359941.428
PRT,MLN_USD,2021,378292.824
PRT,MLN_USD,2022,435430.365
SVK,MLN_USD,1992,38140.54
SVK,MLN_USD,1993,39786.966
SVK,MLN_USD,1994,43158.302
SVK,MLN_USD,1995,46638.124
SVK,MLN_USD,1996,50549.784
SVK,MLN_USD,1997,54296.453
SVK,MLN_USD,1998,57264.863
SVK,MLN_USD,1999,57813.884
SVK,MLN_USD,2000,61316.923
SVK,MLN_USD,2001,66635.32
SVK,MLN_USD,2002,71578.565
SVK,MLN_USD,2003,76204.249
SVK,MLN_USD,2004,81800.574
SVK,MLN_USD,2005,89400.317
SVK,MLN_USD,2006,101619.588
SVK,MLN_USD,2007,114076.705
SVK,MLN_USD,2008,127626.827
SVK,MLN_USD,2009,124322.665
SVK,MLN_USD,2010,136951.599
SVK,MLN_USD,2011,141755.313
SVK,MLN_USD,2012,145972.536
SVK,MLN_USD,2013,151678.246
SVK,MLN_USD,2014,157298.526
SVK,MLN_USD,2015,163007.449
SVK,MLN_USD,2016,161498.697
SVK,MLN_USD,2017,163951.2
SVK,MLN_USD,2018,170864.165
SVK,MLN_USD,2019,182476.832
SVK,MLN_USD,2020,179661.812
SVK,MLN_USD,2021,184710.462
SVK,MLN_USD,2022,201893.756
ESP,MLN_USD,1970,94984.893
ESP,MLN_USD,1971,104439.997
ESP,MLN_USD,1972,117834.219
ESP,MLN_USD,1973,133971.784
ESP,MLN_USD,1974,154232.472
ESP,MLN_USD,1975,169432.131
ESP,MLN_USD,1976,184662.393
ESP,MLN_USD,1977,201703.613
ESP,MLN_USD,1978,219049.594
ESP,MLN_USD,1979,237321.724
ESP,MLN_USD,1980,264474.465
ESP,MLN_USD,1981,289115.928
ESP,MLN_USD,1982,310804.647
ESP,MLN_USD,1983,328695.295
ESP,MLN_USD,1984,346631.469
ESP,MLN_USD,1985,365894.803
ESP,MLN_USD,1986,385407.026
ESP,MLN_USD,1987,416845.071
ESP,MLN_USD,1988,453533.455
ESP,MLN_USD,1989,494063.991
ESP,MLN_USD,1990,531940.286
ESP,MLN_USD,1991,563930.439
ESP,MLN_USD,1992,582141.468
ESP,MLN_USD,1993,589793.115
ESP,MLN_USD,1994,616743.779
ESP,MLN_USD,1995,647039.561
ESP,MLN_USD,1996,677321.47
ESP,MLN_USD,1997,717536.622
ESP,MLN_USD,1998,768150.775
ESP,MLN_USD,1999,805891.27
ESP,MLN_USD,2000,875796.113
ESP,MLN_USD,2001,937663.114
ESP,MLN_USD,2002,1009753.34
ESP,MLN_USD,2003,1056690.246
ESP,MLN_USD,2004,1122140.551
ESP,MLN_USD,2005,1205129.038
ESP,MLN_USD,2006,1363807.168
ESP,MLN_USD,2007,1468679.228
ESP,MLN_USD,2008,1528583.756
ESP,MLN_USD,2009,1487912.773
ESP,MLN_USD,2010,1475606.419
ESP,MLN_USD,2011,1489594.952
ESP,MLN_USD,2012,1483654.097
ESP,MLN_USD,2013,1512561.983
ESP,MLN_USD,2014,1558986.389
ESP,MLN_USD,2015,1621825.009
ESP,MLN_USD,2016,1734116.161
ESP,MLN_USD,2017,1842770.464
ESP,MLN_USD,2018,1905450.021
ESP,MLN_USD,2019,2031924.567
ESP,MLN_USD,2020,1799328.046
ESP,MLN_USD,2021,1928019.184
ESP,MLN_USD,2022,2228929.044
SWE,MLN_USD,1960,18451.39
SWE,MLN_USD,1961,19688.876
SWE,MLN_USD,1962,20997.815
SWE,MLN_USD,1963,22440.234
SWE,MLN_USD,1964,24401.202
SWE,MLN_USD,1965,26041.148
SWE,MLN_USD,1966,27512.88
SWE,MLN_USD,1967,29255.928
SWE,MLN_USD,1968,31794.557
SWE,MLN_USD,1969,35114.337
SWE,MLN_USD,1970,39456.957
SWE,MLN_USD,1971,41848.72
SWE,MLN_USD,1972,44656.945
SWE,MLN_USD,1973,48973.177
SWE,MLN_USD,1974,55087.322
SWE,MLN_USD,1975,61726.412
SWE,MLN_USD,1976,65812.53
SWE,MLN_USD,1977,68785.892
SWE,MLN_USD,1978,74913.736
SWE,MLN_USD,1979,84244.355
SWE,MLN_USD,1980,93415.708
SWE,MLN_USD,1981,102719.925
SWE,MLN_USD,1982,110428.108
SWE,MLN_USD,1983,116934.386
SWE,MLN_USD,1984,126277.246
SWE,MLN_USD,1985,133085.029
SWE,MLN_USD,1986,139419.111
SWE,MLN_USD,1987,147658.205
SWE,MLN_USD,1988,156778.649
SWE,MLN_USD,1989,167250.261
SWE,MLN_USD,1990,174820.432
SWE,MLN_USD,1991,178661.294
SWE,MLN_USD,1992,180615.697
SWE,MLN_USD,1993,181077.641
SWE,MLN_USD,1994,192212.683
SWE,MLN_USD,1995,203965.736
SWE,MLN_USD,1996,211601.427
SWE,MLN_USD,1997,219433.349
SWE,MLN_USD,1998,229137.896
SWE,MLN_USD,1999,243339.592
SWE,MLN_USD,2000,262827.28
SWE,MLN_USD,2001,266285.833
SWE,MLN_USD,2002,276017.772
SWE,MLN_USD,2003,285019.213
SWE,MLN_USD,2004,304510.21
SWE,MLN_USD,2005,309212.867
SWE,MLN_USD,2006,342586.778
SWE,MLN_USD,2007,374251.411
SWE,MLN_USD,2008,388684.19
SWE,MLN_USD,2009,374543.038
SWE,MLN_USD,2010,395960.987
SWE,MLN_USD,2011,421515.998
SWE,MLN_USD,2012,432488.303
SWE,MLN_USD,2013,444616.544
SWE,MLN_USD,2014,457507.758
SWE,MLN_USD,2015,481170.723
SWE,MLN_USD,2016,500423.665
SWE,MLN_USD,2017,522476.825
SWE,MLN_USD,2018,544594.071
SWE,MLN_USD,2019,579773.396
SWE,MLN_USD,2020,581247.942
SWE,MLN_USD,2021,626269.585
SWE,MLN_USD,2022,683843.355
CHE,MLN_USD,1970,46152.786
CHE,MLN_USD,1971,50468.628
CHE,MLN_USD,1972,54335.336
CHE,MLN_USD,1973,59060.837
CHE,MLN_USD,1974,65312.147
CHE,MLN_USD,1975,66164.355
CHE,MLN_USD,1976,68825.79
CHE,MLN_USD,1977,74881.243
CHE,MLN_USD,1978,80476.135
CHE,MLN_USD,1979,89324.311
CHE,MLN_USD,1980,101875.049
CHE,MLN_USD,1981,113300.337
CHE,MLN_USD,1982,118725.101
CHE,MLN_USD,1983,124163.776
CHE,MLN_USD,1984,132513.415
CHE,MLN_USD,1985,141726.037
CHE,MLN_USD,1986,147267.476
CHE,MLN_USD,1987,153301.751
CHE,MLN_USD,1988,163911.2
CHE,MLN_USD,1989,177714.039
CHE,MLN_USD,1990,191141.238
CHE,MLN_USD,1991,195795.479
CHE,MLN_USD,1992,200169.905
CHE,MLN_USD,1993,204656.451
CHE,MLN_USD,1994,211680.867
CHE,MLN_USD,1995,217158.85
CHE,MLN_USD,1996,222825.241
CHE,MLN_USD,1997,232048.157
CHE,MLN_USD,1998,240735.218
CHE,MLN_USD,1999,248201.012
CHE,MLN_USD,2000,263644.954
CHE,MLN_USD,2001,273425.897
CHE,MLN_USD,2002,281956.01
CHE,MLN_USD,2003,284291.816
CHE,MLN_USD,2004,296883.011
CHE,MLN_USD,2005,308825.1
CHE,MLN_USD,2006,346303.02
CHE,MLN_USD,2007,384535.816
CHE,MLN_USD,2008,411512.115
CHE,MLN_USD,2009,410217.657
CHE,MLN_USD,2010,425979.998
CHE,MLN_USD,2011,454911.977
CHE,MLN_USD,2012,475340.888
CHE,MLN_USD,2013,498760.658
CHE,MLN_USD,2014,519299.875
CHE,MLN_USD,2015,540550.996
CHE,MLN_USD,2016,563950.47
CHE,MLN_USD,2017,576360.576
CHE,MLN_USD,2018,601868.008
CHE,MLN_USD,2019,623154.669
CHE,MLN_USD,2020,611675.806
CHE,MLN_USD,2021,661282.472
CHE,MLN_USD,2022,723517.334
TUR,MLN_USD,1970,62644.11
TUR,MLN_USD,1971,69836.391
TUR,MLN_USD,1972,78202.964
TUR,MLN_USD,1973,85347.319
TUR,MLN_USD,1974,98005.97
TUR,MLN_USD,1975,114931.683
TUR,MLN_USD,1976,133622.426
TUR,MLN_USD,1977,146931.775
TUR,MLN_USD,1978,159667.572
TUR,MLN_USD,1979,171656.444
TUR,MLN_USD,1980,182595.06
TUR,MLN_USD,1981,209623.8
TUR,MLN_USD,1982,230464.957
TUR,MLN_USD,1983,251372.587
TUR,MLN_USD,1984,277975.152
TUR,MLN_USD,1985,298924.869
TUR,MLN_USD,1986,326317.165
TUR,MLN_USD,1987,366107.944
TUR,MLN_USD,1988,387049.406
TUR,MLN_USD,1989,403243.723
TUR,MLN_USD,1990,457055.067
TUR,MLN_USD,1991,476889.874
TUR,MLN_USD,1992,516945.834
TUR,MLN_USD,1993,571757.617
TUR,MLN_USD,1994,552107.35
TUR,MLN_USD,1995,604220.505
TUR,MLN_USD,1996,657184.741
TUR,MLN_USD,1997,717485.353
TUR,MLN_USD,1998,558277.47
TUR,MLN_USD,1999,546532.203
TUR,MLN_USD,2000,609051.499
TUR,MLN_USD,2001,595834.125
TUR,MLN_USD,2002,612446.634
TUR,MLN_USD,2003,641094.176
TUR,MLN_USD,2004,735769.103
TUR,MLN_USD,2005,815102.371
TUR,MLN_USD,2006,945237.0
TUR,MLN_USD,2007,1042895.517
TUR,MLN_USD,2008,1139548.435
TUR,MLN_USD,2009,1112482.011
TUR,MLN_USD,2010,1268708.962
TUR,MLN_USD,2011,1454111.872
TUR,MLN_USD,2012,1550688.484
TUR,MLN_USD,2013,1703669.602
TUR,MLN_USD,2014,1860470.92
TUR,MLN_USD,2015,2022397.778
TUR,MLN_USD,2016,2116398.303
TUR,MLN_USD,2017,2264269.34
TUR,MLN_USD,2018,2302309.895
TUR,MLN_USD,2019,2313147.025
TUR,MLN_USD,2020,2332603.593
TUR,MLN_USD,2021,2581588.441
GBR,MLN_USD,1960,114500.834
GBR,MLN_USD,1961,118722.123
GBR,MLN_USD,1962,122368.019
GBR,MLN_USD,1963,129722.616
GBR,MLN_USD,1964,138405.51
GBR,MLN_USD,1965,146426.639
GBR,MLN_USD,1966,154889.273
GBR,MLN_USD,1967,163586.747
GBR,MLN_USD,1968,180450.377
GBR,MLN_USD,1969,194511.307
GBR,MLN_USD,1970,202307.542
GBR,MLN_USD,1971,220012.582
GBR,MLN_USD,1972,239442.398
GBR,MLN_USD,1973,269040.446
GBR,MLN_USD,1974,285965.021
GBR,MLN_USD,1975,307848.387
GBR,MLN_USD,1976,334242.74
GBR,MLN_USD,1977,363735.762
GBR,MLN_USD,1978,405688.347
GBR,MLN_USD,1979,455817.697
GBR,MLN_USD,1980,486896.317
GBR,MLN_USD,1981,528768.733
GBR,MLN_USD,1982,572637.551
GBR,MLN_USD,1983,620189.389
GBR,MLN_USD,1984,657144.448
GBR,MLN_USD,1985,706042.715
GBR,MLN_USD,1986,742952.41
GBR,MLN_USD,1987,802380.434
GBR,MLN_USD,1988,878302.001
GBR,MLN_USD,1989,936261.168
GBR,MLN_USD,1990,978435.538
GBR,MLN_USD,1991,1000365.557
GBR,MLN_USD,1992,1027266.717
GBR,MLN_USD,1993,1077799.889
GBR,MLN_USD,1994,1143152.953
GBR,MLN_USD,1995,1196671.447
GBR,MLN_USD,1996,1278312.623
GBR,MLN_USD,1997,1346108.309
GBR,MLN_USD,1998,1386611.395
GBR,MLN_USD,1999,1438582.071
GBR,MLN_USD,2000,1563066.645
GBR,MLN_USD,2001,1649016.749
GBR,MLN_USD,2002,1727142.294
GBR,MLN_USD,2003,1810286.499
GBR,MLN_USD,2004,1924035.983
GBR,MLN_USD,2005,1977961.259
GBR,MLN_USD,2006,2114528.072
GBR,MLN_USD,2007,2179785.126
GBR,MLN_USD,2008,2272705.028
GBR,MLN_USD,2009,2185545.224
GBR,MLN_USD,2010,2295926.826
GBR,MLN_USD,2011,2357065.652
GBR,MLN_USD,2012,2441787.874
GBR,MLN_USD,2013,2563540.009
GBR,MLN_USD,2014,2667111.912
GBR,MLN_USD,2015,2773799.776
GBR,MLN_USD,2016,2903649.696
GBR,MLN_USD,2017,3045581.584
GBR,MLN_USD,2018,3137072.362
GBR,MLN_USD,2019,3294277.295
GBR,MLN_USD,2020,3077151.591
GBR,MLN_USD,2021,3355086.227
GBR,MLN_USD,2022,3740423.339
USA,MLN_USD,1970,1073303.0
USA,MLN_USD,1971,1164850.0
USA,MLN_USD,1972,1279110.0
USA,MLN_USD,1973,1425376.0
USA,MLN_USD,1974,1545243.0
USA,MLN_USD,1975,1684904.0
USA,MLN_USD,1976,1873412.0
USA,MLN_USD,1977,2081826.0
USA,MLN_USD,1978,2351599.0
USA,MLN_USD,1979,2627333.0
USA,MLN_USD,1980,2857307.0
USA,MLN_USD,1981,3207041.0
USA,MLN_USD,1982,3343789.0
USA,MLN_USD,1983,3634038.0
USA,MLN_USD,1984,4037613.0
USA,MLN_USD,1985,4338979.0
USA,MLN_USD,1986,4579631.0
USA,MLN_USD,1987,4855215.0
USA,MLN_USD,1988,5236438.0
USA,MLN_USD,1989,5641580.0
USA,MLN_USD,1990,5963144.0
USA,MLN_USD,1991,6158129.0
USA,MLN_USD,1992,6520327.0
USA,MLN_USD,1993,6858559.0
USA,MLN_USD,1994,7287236.0
USA,MLN_USD,1995,7639749.0
USA,MLN_USD,1996,8073122.0
USA,MLN_USD,1997,8577552.0
USA,MLN_USD,1998,9062817.0
USA,MLN_USD,1999,9631172.0
USA,MLN_USD,2000,10250952.0
USA,MLN_USD,2001,10581929.0
USA,MLN_USD,2002,10929108.0
USA,MLN_USD,2003,11456450.0
USA,MLN_USD,2004,12217196.0
USA,MLN_USD,2005,13039197.0
USA,MLN_USD,2006,13815583.0
USA,MLN_USD,2007,14474228.0
USA,MLN_USD,2008,14769862.0
USA,MLN_USD,2009,14478067.0
USA,MLN_USD,2010,15048970.0
USA,MLN_USD,2011,15599731.0
USA,MLN_USD,2012,16253970.0
USA,MLN_USD,2013,16843196.0
USA,MLN_USD,2014,17550687.0
USA,MLN_USD,2015,18206023.0
USA,MLN_USD,2016,18695106.0
USA,MLN_USD,2017,19477337.0
USA,MLN_USD,2018,20533058.0
USA,MLN_USD,2019,21380976.0
USA,MLN_USD,2020,21060474.0
USA,MLN_USD,2021,23315081.0
CHL,MLN_USD,1986,41418.792
CHL,MLN_USD,1987,45241.807
CHL,MLN_USD,1988,50262.112
CHL,MLN_USD,1989,57748.443
CHL,MLN_USD,1990,62125.382
CHL,MLN_USD,1991,69345.087
CHL,MLN_USD,1992,79633.636
CHL,MLN_USD,1993,87216.511
CHL,MLN_USD,1994,94163.687
CHL,MLN_USD,1995,106355.368
CHL,MLN_USD,1996,116331.728
CHL,MLN_USD,1997,127084.969
CHL,MLN_USD,1998,133888.462
CHL,MLN_USD,1999,135403.709
CHL,MLN_USD,2000,145355.727
CHL,MLN_USD,2001,153318.303
CHL,MLN_USD,2002,160694.75
CHL,MLN_USD,2003,171606.235
CHL,MLN_USD,2004,187973.653
CHL,MLN_USD,2005,205184.273
CHL,MLN_USD,2006,256070.317
CHL,MLN_USD,2007,278373.993
CHL,MLN_USD,2008,275754.672
CHL,MLN_USD,2009,271327.848
CHL,MLN_USD,2010,307855.679
CHL,MLN_USD,2011,349147.753
CHL,MLN_USD,2012,374316.588
CHL,MLN_USD,2013,392670.383
CHL,MLN_USD,2014,402902.197
CHL,MLN_USD,2015,405499.672
CHL,MLN_USD,2016,424831.696
CHL,MLN_USD,2017,450891.85
CHL,MLN_USD,2018,478093.911
CHL,MLN_USD,2019,487574.468
CHL,MLN_USD,2020,478780.35
CHL,MLN_USD,2021,552981.397
CHN,MLN_USD,1970,85438.304
CHN,MLN_USD,1971,96121.086
CHN,MLN_USD,1972,104113.203
CHN,MLN_USD,1973,118354.979
CHN,MLN_USD,1974,132018.289
CHN,MLN_USD,1975,156802.363
CHN,MLN_USD,1976,162850.677
CHN,MLN_USD,1977,186073.132
CHN,MLN_USD,1978,222390.403
CHN,MLN_USD,1979,259127.527
CHN,MLN_USD,1980,304664.757
CHN,MLN_USD,1981,350540.055
CHN,MLN_USD,1982,405764.455
CHN,MLN_USD,1983,467064.854
CHN,MLN_USD,1984,557434.947
CHN,MLN_USD,1985,652298.419
CHN,MLN_USD,1986,724984.616
CHN,MLN_USD,1987,829519.043
CHN,MLN_USD,1988,955150.422
CHN,MLN_USD,1989,1034355.175
CHN,MLN_USD,1990,1114094.203
CHN,MLN_USD,1991,1258452.518
CHN,MLN_USD,1992,1470220.157
CHN,MLN_USD,1993,1714029.613
CHN,MLN_USD,1994,1978861.544
CHN,MLN_USD,1995,2241663.241
CHN,MLN_USD,1996,2509208.921
CHN,MLN_USD,1997,2788244.919
CHN,MLN_USD,1998,3040855.6
CHN,MLN_USD,1999,3319972.484
CHN,MLN_USD,2000,3683440.252
CHN,MLN_USD,2001,4080386.422
CHN,MLN_USD,2002,4522476.428
CHN,MLN_USD,2003,5074658.797
CHN,MLN_USD,2004,5737895.201
CHN,MLN_USD,2005,6592135.857
CHN,MLN_USD,2006,7660000.527
CHN,MLN_USD,2007,8986556.087
CHN,MLN_USD,2008,10042809.899
CHN,MLN_USD,2009,11057124.917
CHN,MLN_USD,2010,12380166.279
CHN,MLN_USD,2011,13844365.747
CHN,MLN_USD,2012,15124539.502
CHN,MLN_USD,2013,16185062.522
CHN,MLN_USD,2014,17121277.096
CHN,MLN_USD,2015,17796747.039
CHN,MLN_USD,2016,18712097.153
CHN,MLN_USD,2017,19887035.113
CHN,MLN_USD,2018,21736534.82
CHN,MLN_USD,2019,23441904.021
CHN,MLN_USD,2020,24255795.538
CHN,MLN_USD,2021,27312555.458
COL,MLN_USD,1975,33205.665
COL,MLN_USD,1976,36659.912
COL,MLN_USD,1977,40569.6
COL,MLN_USD,1978,47117.338
COL,MLN_USD,1979,53797.652
COL,MLN_USD,1980,61095.046
COL,MLN_USD,1981,68528.285
COL,MLN_USD,1982,73582.395
COL,MLN_USD,1983,77772.817
COL,MLN_USD,1984,83008.015
COL,MLN_USD,1985,88220.892
COL,MLN_USD,1986,95189.785
COL,MLN_USD,1987,103009.869
COL,MLN_USD,1988,111458.759
COL,MLN_USD,1989,119941.139
COL,MLN_USD,1990,165518.19
COL,MLN_USD,1991,175888.407
COL,MLN_USD,1992,187674.793
COL,MLN_USD,1993,203125.828
COL,MLN_USD,1994,219097.574
COL,MLN_USD,1995,235604.405
COL,MLN_USD,1996,243728.279
COL,MLN_USD,1997,255851.335
COL,MLN_USD,1998,260294.469
COL,MLN_USD,1999,250260.312
COL,MLN_USD,2000,262505.613
COL,MLN_USD,2001,272923.486
COL,MLN_USD,2002,284117.115
COL,MLN_USD,2003,301077.682
COL,MLN_USD,2004,325646.983
COL,MLN_USD,2005,351665.953
COL,MLN_USD,2006,386866.635
COL,MLN_USD,2007,424094.282
COL,MLN_USD,2008,446420.184
COL,MLN_USD,2009,454401.715
COL,MLN_USD,2010,480532.035
COL,MLN_USD,2011,524596.546
COL,MLN_USD,2012,548251.361
COL,MLN_USD,2013,585888.316
COL,MLN_USD,2014,618792.732
COL,MLN_USD,2015,624119.465
COL,MLN_USD,2016,665398.39
COL,MLN_USD,2017,693117.075
COL,MLN_USD,2018,747103.675
COL,MLN_USD,2019,796590.015
COL,MLN_USD,2020,769962.766
COL,MLN_USD,2021,869840.596
EST,MLN_USD,1993,8683.567
EST,MLN_USD,1994,8723.332
EST,MLN_USD,1995,9309.409
EST,MLN_USD,1996,9755.854
EST,MLN_USD,1997,11167.404
EST,MLN_USD,1998,11714.097
EST,MLN_USD,1999,11694.818
EST,MLN_USD,2000,13163.947
EST,MLN_USD,2001,14320.132
EST,MLN_USD,2002,16087.747
EST,MLN_USD,2003,18001.981
EST,MLN_USD,2004,19806.609
EST,MLN_USD,2005,22536.556
EST,MLN_USD,2006,26052.778
EST,MLN_USD,2007,29760.437
EST,MLN_USD,2008,30488.762
EST,MLN_USD,2009,27328.306
EST,MLN_USD,2010,28784.31
EST,MLN_USD,2011,32598.245
EST,MLN_USD,2012,34384.891
EST,MLN_USD,2013,36198.154
EST,MLN_USD,2014,38050.086
EST,MLN_USD,2015,38378.235
EST,MLN_USD,2016,41201.029
EST,MLN_USD,2017,44556.482
EST,MLN_USD,2018,48133.366
EST,MLN_USD,2019,51758.554
EST,MLN_USD,2020,52438.777
EST,MLN_USD,2021,57864.708
EST,MLN_USD,2022,63555.067
IND,MLN_USD,1970,152694.934
IND,MLN_USD,1971,163071.097
IND,MLN_USD,1972,169179.026
IND,MLN_USD,1973,184330.693
IND,MLN_USD,1974,203299.58
IND,MLN_USD,1975,242455.185
IND,MLN_USD,1976,260052.606
IND,MLN_USD,1977,296249.08
IND,MLN_USD,1978,335200.411
IND,MLN_USD,1979,343995.471
IND,MLN_USD,1980,400332.653
IND,MLN_USD,1981,464532.833
IND,MLN_USD,1982,510376.099
IND,MLN_USD,1983,569024.261
IND,MLN_USD,1984,612078.335
IND,MLN_USD,1985,664612.438
IND,MLN_USD,1986,710382.004
IND,MLN_USD,1987,756811.769
IND,MLN_USD,1988,858942.254
IND,MLN_USD,1989,945702.666
IND,MLN_USD,1990,1034252.539
IND,MLN_USD,1991,1080528.438
IND,MLN_USD,1992,1165741.56
IND,MLN_USD,1993,1250068.106
IND,MLN_USD,1994,1361780.991
IND,MLN_USD,1995,1495647.088
IND,MLN_USD,1996,1638013.035
IND,MLN_USD,1997,1733739.966
IND,MLN_USD,1998,1861682.288
IND,MLN_USD,1999,2054918.312
IND,MLN_USD,2000,2182190.876
IND,MLN_USD,2001,2338994.39
IND,MLN_USD,2002,2465809.82
IND,MLN_USD,2003,2712122.354
IND,MLN_USD,2004,3005573.457
IND,MLN_USD,2005,3343217.019
IND,MLN_USD,2006,3696921.384
IND,MLN_USD,2007,4122654.665
IND,MLN_USD,2008,4344051.884
IND,MLN_USD,2009,4699354.982
IND,MLN_USD,2010,5170609.612
IND,MLN_USD,2011,5618380.736
IND,MLN_USD,2012,6153155.414
IND,MLN_USD,2013,6477517.562
IND,MLN_USD,2014,6781021.981
IND,MLN_USD,2015,7159798.323
IND,MLN_USD,2016,7735001.686
IND,MLN_USD,2017,8276934.252
IND,MLN_USD,2018,9015546.032
IND,MLN_USD,2019,9657283.711
IDN,MLN_USD,1993,881284.412
IDN,MLN_USD,1994,967970.864
IDN,MLN_USD,1995,1069504.256
IDN,MLN_USD,1996,1174233.357
IDN,MLN_USD,1997,1250620.625
IDN,MLN_USD,1998,1098684.085
IDN,MLN_USD,1999,1122981.686
IDN,MLN_USD,2000,1096681.028
IDN,MLN_USD,2001,1162246.151
IDN,MLN_USD,2002,1233470.135
IDN,MLN_USD,2003,1317942.04
IDN,MLN_USD,2004,1421404.855
IDN,MLN_USD,2005,1549429.431
IDN,MLN_USD,2006,1685101.674
IDN,MLN_USD,2007,1840451.613
IDN,MLN_USD,2008,1988552.302
IDN,MLN_USD,2009,2051977.559
IDN,MLN_USD,2010,2057206.51
IDN,MLN_USD,2011,2229511.719
IDN,MLN_USD,2012,2413435.226
IDN,MLN_USD,2013,2535041.373
IDN,MLN_USD,2014,2622251.601
IDN,MLN_USD,2015,2647706.549
IDN,MLN_USD,2016,2744896.64
IDN,MLN_USD,2017,2894125.53
IDN,MLN_USD,2018,3116594.552
IDN,MLN_USD,2019,3331570.511
IDN,MLN_USD,2020,3303238.766
IDN,MLN_USD,2021,3567505.282
IDN,MLN_USD,2022,3969883.308
ISR,MLN_USD,1977,23171.725
ISR,MLN_USD,1978,26179.689
ISR,MLN_USD,1979,30112.479
ISR,MLN_USD,1980,33381.67
ISR,MLN_USD,1981,38491.269
ISR,MLN_USD,1982,41720.56
ISR,MLN_USD,1983,44810.881
ISR,MLN_USD,1984,46860.816
ISR,MLN_USD,1985,50294.337
ISR,MLN_USD,1986,53457.063
ISR,MLN_USD,1987,58690.016
ISR,MLN_USD,1988,62528.392
ISR,MLN_USD,1989,65353.191
ISR,MLN_USD,1990,72759.25
ISR,MLN_USD,1991,81031.364
ISR,MLN_USD,1992,89308.721
ISR,MLN_USD,1993,95189.411
ISR,MLN_USD,1994,104443.617
ISR,MLN_USD,1995,113674.637
ISR,MLN_USD,1996,122619.828
ISR,MLN_USD,1997,129461.853
ISR,MLN_USD,1998,136307.545
ISR,MLN_USD,1999,142834.532
ISR,MLN_USD,2000,161552.004
ISR,MLN_USD,2001,165744.603
ISR,MLN_USD,2002,171113.643
ISR,MLN_USD,2003,164889.278
ISR,MLN_USD,2004,177417.341
ISR,MLN_USD,2005,177584.13
ISR,MLN_USD,2006,185769.275
ISR,MLN_USD,2007,202300.844
ISR,MLN_USD,2008,204609.025
ISR,MLN_USD,2009,208871.517
ISR,MLN_USD,2010,223363.617
ISR,MLN_USD,2011,241995.627
ISR,MLN_USD,2012,255688.728
ISR,MLN_USD,2013,279990.229
ISR,MLN_USD,2014,285416.076
ISR,MLN_USD,2015,300546.18
ISR,MLN_USD,2016,326528.81
ISR,MLN_USD,2017,343723.666
ISR,MLN_USD,2018,357372.009
ISR,MLN_USD,2019,370643.668
ISR,MLN_USD,2020,370624.727
ISR,MLN_USD,2021,412651.502
RUS,MLN_USD,1995,893649.805
RUS,MLN_USD,1996,877181.595
RUS,MLN_USD,1997,904631.52
RUS,MLN_USD,1998,865918.063
RUS,MLN_USD,1999,934209.415
RUS,MLN_USD,2000,1073593.408
RUS,MLN_USD,2001,1152998.495
RUS,MLN_USD,2002,1253122.777
RUS,MLN_USD,2003,1437840.922
RUS,MLN_USD,2004,1582506.988
RUS,MLN_USD,2005,1822444.794
RUS,MLN_USD,2006,2291243.855
RUS,MLN_USD,2007,2553606.502
RUS,MLN_USD,2008,3091455.591
RUS,MLN_USD,2009,2973733.08
RUS,MLN_USD,2010,3143873.887
RUS,MLN_USD,2011,3259319.17
RUS,MLN_USD,2012,3480301.72
RUS,MLN_USD,2013,3741783.371
RUS,MLN_USD,2014,3763536.922
RUS,MLN_USD,2015,3526234.314
RUS,MLN_USD,2016,3538975.3
RUS,MLN_USD,2017,3807099.411
RUS,MLN_USD,2018,4231840.387
RUS,MLN_USD,2019,4398115.281
RUS,MLN_USD,2020,4367291.715
SVN,MLN_USD,1990,24737.52
SVN,MLN_USD,1991,23297.964
SVN,MLN_USD,1992,22526.965
SVN,MLN_USD,1993,23716.648
SVN,MLN_USD,1994,25513.582
SVN,MLN_USD,1995,27118.433
SVN,MLN_USD,1996,28453.914
SVN,MLN_USD,1997,30350.887
SVN,MLN_USD,1998,31817.88
SVN,MLN_USD,1999,33876.846
SVN,MLN_USD,2000,35809.984
SVN,MLN_USD,2001,37753.179
SVN,MLN_USD,2002,40372.33
SVN,MLN_USD,2003,42136.787
SVN,MLN_USD,2004,45454.14
SVN,MLN_USD,2005,47716.594
SVN,MLN_USD,2006,51614.174
SVN,MLN_USD,2007,55646.935
SVN,MLN_USD,2008,59839.586
SVN,MLN_USD,2009,56168.448
SVN,MLN_USD,2010,57002.774
SVN,MLN_USD,2011,59391.555
SVN,MLN_USD,2012,59745.667
SVN,MLN_USD,2013,61744.434
SVN,MLN_USD,2014,63653.392
SVN,MLN_USD,2015,65265.909
SVN,MLN_USD,2016,70079.359
SVN,MLN_USD,2017,75438.709
SVN,MLN_USD,2018,80823.475
SVN,MLN_USD,2019,87897.466
SVN,MLN_USD,2020,85929.679
SVN,MLN_USD,2021,92701.12
SVN,MLN_USD,2022,106933.333
ZAF,MLN_USD,1970,49712.479
ZAF,MLN_USD,1971,54467.478
ZAF,MLN_USD,1972,57762.274
ZAF,MLN_USD,1973,63713.187
ZAF,MLN_USD,1974,73690.498
ZAF,MLN_USD,1975,81881.237
ZAF,MLN_USD,1976,88331.087
ZAF,MLN_USD,1977,93731.257
ZAF,MLN_USD,1978,103348.43
ZAF,MLN_USD,1979,116165.264
ZAF,MLN_USD,1980,135044.052
ZAF,MLN_USD,1981,155746.565
ZAF,MLN_USD,1982,164734.906
ZAF,MLN_USD,1983,168026.171
ZAF,MLN_USD,1984,182965.033
ZAF,MLN_USD,1985,186464.437
ZAF,MLN_USD,1986,190253.613
ZAF,MLN_USD,1987,199053.155
ZAF,MLN_USD,1988,214729.967
ZAF,MLN_USD,1989,228492.038
ZAF,MLN_USD,1990,237550.944
ZAF,MLN_USD,1991,243078.229
ZAF,MLN_USD,1992,242994.047
ZAF,MLN_USD,1993,251822.456
ZAF,MLN_USD,1994,264823.306
ZAF,MLN_USD,1995,277186.565
ZAF,MLN_USD,1996,294081.759
ZAF,MLN_USD,1997,306504.818
ZAF,MLN_USD,1998,310672.153
ZAF,MLN_USD,1999,323031.939
ZAF,MLN_USD,2000,343008.492
ZAF,MLN_USD,2001,359676.173
ZAF,MLN_USD,2002,377678.895
ZAF,MLN_USD,2003,394246.523
ZAF,MLN_USD,2004,425203.19
ZAF,MLN_USD,2005,461031.989
ZAF,MLN_USD,2006,502791.945
ZAF,MLN_USD,2007,547094.42
ZAF,MLN_USD,2008,580614.765
ZAF,MLN_USD,2009,569214.497
ZAF,MLN_USD,2010,594810.811
ZAF,MLN_USD,2011,633011.149
ZAF,MLN_USD,2012,637033.795
ZAF,MLN_USD,2013,668457.699
ZAF,MLN_USD,2014,682954.739
ZAF,MLN_USD,2015,695228.551
ZAF,MLN_USD,2016,707743.902
ZAF,MLN_USD,2017,724100.729
ZAF,MLN_USD,2018,748464.912
ZAF,MLN_USD,2019,758517.157
ZAF,MLN_USD,2020,711486.517
DEW,MLN_USD,1970,276730.633
DEW,MLN_USD,1971,299905.269
DEW,MLN_USD,1972,326366.453
DEW,MLN_USD,1973,360571.134
DEW,MLN_USD,1974,396464.788
DEW,MLN_USD,1975,429433.161
DEW,MLN_USD,1976,475429.982
DEW,MLN_USD,1977,521828.014
DEW,MLN_USD,1978,575265.783
DEW,MLN_USD,1979,648588.426
DEW,MLN_USD,1980,717053.748
DEW,MLN_USD,1981,788133.178
DEW,MLN_USD,1982,833736.023
DEW,MLN_USD,1983,880268.751
DEW,MLN_USD,1984,937246.114
DEW,MLN_USD,1985,989736.455
DEW,MLN_USD,1986,1032794.151
DEW,MLN_USD,1987,1074006.333
DEW,MLN_USD,1988,1152817.388
DEW,MLN_USD,1989,1244310.092
DEW,MLN_USD,1990,1358156.873
DEW,MLN_USD,1991,1475016.799
OECD,MLN_USD,1970,3238846.791
OECD,MLN_USD,1971,3531813.99
OECD,MLN_USD,1972,3887723.317
OECD,MLN_USD,1973,4357097.151
OECD,MLN_USD,1974,4801593.758
OECD,MLN_USD,1975,5268789.408
OECD,MLN_USD,1976,5830850.728
OECD,MLN_USD,1977,6420171.942
OECD,MLN_USD,1978,7179704.63
OECD,MLN_USD,1979,8078399.204
OECD,MLN_USD,1980,8924777.478
OECD,MLN_USD,1981,9992659.836
OECD,MLN_USD,1982,10623318.509
OECD,MLN_USD,1983,11368956.055
OECD,MLN_USD,1984,12337795.741
OECD,MLN_USD,1985,13202505.542
OECD,MLN_USD,1986,13869551.438
OECD,MLN_USD,1987,14738037.728
OECD,MLN_USD,1988,15951636.88
OECD,MLN_USD,1989,17203150.914
OECD,MLN_USD,1990,18389822.751
OECD,MLN_USD,1991,19302171.387
OECD,MLN_USD,1992,20195420.69
OECD,MLN_USD,1993,20974976.747
OECD,MLN_USD,1994,22076628.61
OECD,MLN_USD,1995,23115756.673
OECD,MLN_USD,1996,24316802.124
OECD,MLN_USD,1997,25613744.725
OECD,MLN_USD,1998,26490856.973
OECD,MLN_USD,1999,27722690.721
OECD,MLN_USD,2000,29639934.514
OECD,MLN_USD,2001,30792743.013
OECD,MLN_USD,2002,31978352.151
OECD,MLN_USD,2003,33179921.634
OECD,MLN_USD,2004,35193101.161
OECD,MLN_USD,2005,37115131.305
OECD,MLN_USD,2006,39873270.848
OECD,MLN_USD,2007,42133412.354
OECD,MLN_USD,2008,43561769.644
OECD,MLN_USD,2009,42648362.558
OECD,MLN_USD,2010,44614983.176
OECD,MLN_USD,2011,46680321.322
OECD,MLN_USD,2012,48206985.469
OECD,MLN_USD,2013,50240584.44
OECD,MLN_USD,2014,52015538.544
OECD,MLN_USD,2015,53835508.391
OECD,MLN_USD,2016,56064404.953
OECD,MLN_USD,2017,58546353.871
OECD,MLN_USD,2018,61187845.751
OECD,MLN_USD,2019,63585905.431
OECD,MLN_USD,2020,62106542.476
OECD,MLN_USD,2021,67315929.994
OECDE,MLN_USD,1994,9001395.15
OECDE,MLN_USD,1995,9458424.247
OECDE,MLN_USD,1996,9872529.154
OECDE,MLN_USD,1997,10347633.865
OECDE,MLN_USD,1998,10628258.051
OECDE,MLN_USD,1999,11036009.324
OECDE,MLN_USD,2000,11835516.806
OECDE,MLN_USD,2001,12386233.505
OECDE,MLN_USD,2002,12929235.844
OECDE,MLN_USD,2003,13292712.769
OECDE,MLN_USD,2004,14034712.826
OECDE,MLN_USD,2005,14635298.72
OECDE,MLN_USD,2006,15959149.666
OECDE,MLN_USD,2007,16991074.082
OECDE,MLN_USD,2008,17845813.801
OECDE,MLN_USD,2009,17449209.802
OECDE,MLN_USD,2010,18212352.44
OECDE,MLN_USD,2011,19167315.085
OECDE,MLN_USD,2012,19597578.024
OECDE,MLN_USD,2013,20432856.844
OECDE,MLN_USD,2014,21170755.109
OECDE,MLN_USD,2015,21958024.719
OECDE,MLN_USD,2016,23210765.353
OECDE,MLN_USD,2017,24437823.222
OECDE,MLN_USD,2018,25479953.272
OECDE,MLN_USD,2019,26865357.59
OECDE,MLN_USD,2020,25944659.384
OECDE,MLN_USD,2021,27894318.687
LVA,MLN_USD,1994,14835.391
LVA,MLN_USD,1995,13712.399
LVA,MLN_USD,1996,14274.143
LVA,MLN_USD,1997,15783.347
LVA,MLN_USD,1998,17035.302
LVA,MLN_USD,1999,17703.515
LVA,MLN_USD,2000,19036.49
LVA,MLN_USD,2001,21141.928
LVA,MLN_USD,2002,23289.29
LVA,MLN_USD,2003,25308.173
LVA,MLN_USD,2004,27788.249
LVA,MLN_USD,2005,31150.315
LVA,MLN_USD,2006,35176.485
LVA,MLN_USD,2007,40130.888
LVA,MLN_USD,2008,42617.048
LVA,MLN_USD,2009,36461.114
LVA,MLN_USD,2010,37140.929
LVA,MLN_USD,2011,39646.372
LVA,MLN_USD,2012,43311.605
LVA,MLN_USD,2013,45564.445
LVA,MLN_USD,2014,47483.528
LVA,MLN_USD,2015,49384.341
LVA,MLN_USD,2016,52362.25
LVA,MLN_USD,2017,55691.224
LVA,MLN_USD,2018,59505.492
LVA,MLN_USD,2019,63017.996
LVA,MLN_USD,2020,62750.162
LVA,MLN_USD,2021,65991.926
LVA,MLN_USD,2022,76741.786
BRA,MLN_USD,1995,1309440.382
BRA,MLN_USD,1996,1362869.158
BRA,MLN_USD,1997,1433436.058
BRA,MLN_USD,1998,1454470.82
BRA,MLN_USD,1999,1481869.627
BRA,MLN_USD,2000,1581938.975
BRA,MLN_USD,2001,1640061.943
BRA,MLN_USD,2002,1716481.967
BRA,MLN_USD,2003,1770327.052
BRA,MLN_USD,2004,1922557.353
BRA,MLN_USD,2005,2046338.703
BRA,MLN_USD,2006,2193057.5
BRA,MLN_USD,2007,2389038.767
BRA,MLN_USD,2008,2558895.378
BRA,MLN_USD,2009,2572056.669
BRA,MLN_USD,2010,2798924.733
BRA,MLN_USD,2011,2970630.763
BRA,MLN_USD,2012,2998534.425
BRA,MLN_USD,2013,3133893.65
BRA,MLN_USD,2014,3187155.079
BRA,MLN_USD,2015,3014754.849
BRA,MLN_USD,2016,2939094.21
BRA,MLN_USD,2017,3018705.989
BRA,MLN_USD,2018,3145953.19
BRA,MLN_USD,2019,3241317.4
LTU,MLN_USD,1995,21523.635
LTU,MLN_USD,1996,22998.859
LTU,MLN_USD,1997,25275.086
LTU,MLN_USD,1998,27553.142
LTU,MLN_USD,1999,27562.02
LTU,MLN_USD,2000,29560.652
LTU,MLN_USD,2001,32755.919
LTU,MLN_USD,2002,36085.771
LTU,MLN_USD,2003,41215.623
LTU,MLN_USD,2004,44005.046
LTU,MLN_USD,2005,48211.86
LTU,MLN_USD,2006,53892.771
LTU,MLN_USD,2007,61707.148
LTU,MLN_USD,2008,66270.635
LTU,MLN_USD,2009,57304.636
LTU,MLN_USD,2010,62244.934
LTU,MLN_USD,2011,69298.245
LTU,MLN_USD,2012,73809.042
LTU,MLN_USD,2013,79034.188
LTU,MLN_USD,2014,82647.295
LTU,MLN_USD,2015,83761.504
LTU,MLN_USD,2016,88700.479
LTU,MLN_USD,2017,95492.278
LTU,MLN_USD,2018,101910.429
LTU,MLN_USD,2019,111628.422
LTU,MLN_USD,2020,112154.097
LTU,MLN_USD,2021,122723.588
LTU,MLN_USD,2022,139748.025
SAU,MLN_USD,1970,54232.043
SAU,MLN_USD,1971,68344.741
SAU,MLN_USD,1972,88049.976
SAU,MLN_USD,1973,116667.456
SAU,MLN_USD,1974,162127.277
SAU,MLN_USD,1975,186404.749
SAU,MLN_USD,1976,221676.57
SAU,MLN_USD,1977,251940.24
SAU,MLN_USD,1978,267033.13
SAU,MLN_USD,1979,317602.118
SAU,MLN_USD,1980,368866.715
SAU,MLN_USD,1981,422710.092
SAU,MLN_USD,1982,399014.603
SAU,MLN_USD,1983,380573.704
SAU,MLN_USD,1984,382126.332
SAU,MLN_USD,1985,377164.537
SAU,MLN_USD,1986,404345.685
SAU,MLN_USD,1987,397836.551
SAU,MLN_USD,1988,445742.19
SAU,MLN_USD,1989,463506.168
SAU,MLN_USD,1990,520331.755
SAU,MLN_USD,1991,618659.747
SAU,MLN_USD,1992,657989.091
SAU,MLN_USD,1993,664400.612
SAU,MLN_USD,1994,682378.694
SAU,MLN_USD,1995,698165.665
SAU,MLN_USD,1996,729699.479
SAU,MLN_USD,1997,750476.099
SAU,MLN_USD,1998,780880.809
SAU,MLN_USD,1999,762085.071
SAU,MLN_USD,2000,823191.702
SAU,MLN_USD,2001,831546.819
SAU,MLN_USD,2002,820698.401
SAU,MLN_USD,2003,930980.027
SAU,MLN_USD,2004,1032051.752
SAU,MLN_USD,2005,1123743.981
SAU,MLN_USD,2006,1190719.394
SAU,MLN_USD,2007,1245487.434
SAU,MLN_USD,2008,1348708.101
SAU,MLN_USD,2009,1329401.44
SAU,MLN_USD,2010,1413178.186
SAU,MLN_USD,2011,1586748.761
SAU,MLN_USD,2012,1672470.749
SAU,MLN_USD,2013,1680157.97
SAU,MLN_USD,2014,1722861.782
SAU,MLN_USD,2015,1541831.733
SAU,MLN_USD,2016,1475672.107
SAU,MLN_USD,2017,1565891.582
SAU,MLN_USD,2018,1643610.545
SAU,MLN_USD,2019,1678594.247
SAU,MLN_USD,2020,1628533.458
SAU,MLN_USD,2021,1751177.858
EA19,MLN_USD,1995,6484710.808
EA19,MLN_USD,1996,6700628.129
EA19,MLN_USD,1997,6983683.553
EA19,MLN_USD,1998,7332449.346
EA19,MLN_USD,1999,7632235.921
EA19,MLN_USD,2000,8131923.536
EA19,MLN_USD,2001,8543841.024
EA19,MLN_USD,2002,8920888.895
EA19,MLN_USD,2003,9116388.844
EA19,MLN_USD,2004,9524901.492
EA19,MLN_USD,2005,9903083.567
EA19,MLN_USD,2006,10760408.206
EA19,MLN_USD,2007,11445915.289
EA19,MLN_USD,2008,11933269.728
EA19,MLN_USD,2009,11663572.585
EA19,MLN_USD,2010,12023196.718
EA19,MLN_USD,2011,12553985.384
EA19,MLN_USD,2012,12707300.052
EA19,MLN_USD,2013,13151205.465
EA19,MLN_USD,2014,13522902.012
EA19,MLN_USD,2015,13933564.76
EA19,MLN_USD,2016,14824003.857
EA19,MLN_USD,2017,15565737.664
EA19,MLN_USD,2018,16259659.385
EA19,MLN_USD,2019,17236467.348
EA19,MLN_USD,2020,16545535.12
EA19,MLN_USD,2021,17610961.754
EA19,MLN_USD,2022,19499796.552
ARG,MLN_USD,2004,470302.946
ARG,MLN_USD,2005,527985.869
ARG,MLN_USD,2006,588076.13
ARG,MLN_USD,2007,658372.467
ARG,MLN_USD,2008,698223.628
ARG,MLN_USD,2009,661109.513
ARG,MLN_USD,2010,736799.121
ARG,MLN_USD,2011,797263.882
ARG,MLN_USD,2012,819697.902
ARG,MLN_USD,2013,849616.0
ARG,MLN_USD,2014,839896.688
ARG,MLN_USD,2015,867176.759
ARG,MLN_USD,2016,885227.529
ARG,MLN_USD,2017,1039330.592
ARG,MLN_USD,2018,1036307.018
ARG,MLN_USD,2019,1045428.557
ARG,MLN_USD,2020,952070.065
ARG,MLN_USD,2021,1092845.898
CRI,MLN_USD,1991,17045.94
CRI,MLN_USD,1992,19038.56
CRI,MLN_USD,1993,20873.069
CRI,MLN_USD,1994,22282.201
CRI,MLN_USD,1995,23694.437
CRI,MLN_USD,1996,24454.118
CRI,MLN_USD,1997,26238.045
CRI,MLN_USD,1998,28431.912
CRI,MLN_USD,1999,30047.819
CRI,MLN_USD,2000,31917.39
CRI,MLN_USD,2001,33775.851
CRI,MLN_USD,2002,35474.31
CRI,MLN_USD,2003,37736.191
CRI,MLN_USD,2004,40463.66
CRI,MLN_USD,2005,43392.076
CRI,MLN_USD,2006,48008.272
CRI,MLN_USD,2007,53356.257
CRI,MLN_USD,2008,56956.205
CRI,MLN_USD,2009,56820.586
CRI,MLN_USD,2010,60585.846
CRI,MLN_USD,2011,64567.752
CRI,MLN_USD,2012,69073.803
CRI,MLN_USD,2013,73210.057
CRI,MLN_USD,2014,79269.13
CRI,MLN_USD,2015,85240.084
CRI,MLN_USD,2016,93454.856
CRI,MLN_USD,2017,100716.907
CRI,MLN_USD,2018,106583.345
CRI,MLN_USD,2019,114952.28
CRI,MLN_USD,2020,111138.964
CRI,MLN_USD,2021,116703.599
BGR,MLN_USD,1995,65092.001
BGR,MLN_USD,1996,57276.776
BGR,MLN_USD,1997,47798.854
BGR,MLN_USD,1998,51010.118
BGR,MLN_USD,1999,47685.653
BGR,MLN_USD,2000,52475.709
BGR,MLN_USD,2001,55744.337
BGR,MLN_USD,2002,61023.358
BGR,MLN_USD,2003,65448.101
BGR,MLN_USD,2004,71006.946
BGR,MLN_USD,2005,78822.024
BGR,MLN_USD,2006,86700.397
BGR,MLN_USD,2007,96737.56
BGR,MLN_USD,2008,107494.62
BGR,MLN_USD,2009,105576.224
BGR,MLN_USD,2010,110611.259
BGR,MLN_USD,2011,115714.883
BGR,MLN_USD,2012,119289.705
BGR,MLN_USD,2013,120942.775
BGR,MLN_USD,2014,127262.827
BGR,MLN_USD,2015,132016.884
BGR,MLN_USD,2016,143086.483
BGR,MLN_USD,2017,151919.87
BGR,MLN_USD,2018,161687.808
BGR,MLN_USD,2019,175580.42
BGR,MLN_USD,2020,175386.724
BGR,MLN_USD,2021,193304.902
HRV,MLN_USD,1995,37211.971
HRV,MLN_USD,1996,40122.18
HRV,MLN_USD,1997,43237.325
HRV,MLN_USD,1998,44811.559
HRV,MLN_USD,1999,44855.041
HRV,MLN_USD,2000,47674.298
HRV,MLN_USD,2001,50092.732
HRV,MLN_USD,2002,54959.264
HRV,MLN_USD,2003,58945.143
HRV,MLN_USD,2004,63253.511
HRV,MLN_USD,2005,66614.055
HRV,MLN_USD,2006,75927.612
HRV,MLN_USD,2007,84167.582
HRV,MLN_USD,2008,90410.796
HRV,MLN_USD,2009,87082.208
HRV,MLN_USD,2010,86116.247
HRV,MLN_USD,2011,90295.751
HRV,MLN_USD,2012,91597.876
HRV,MLN_USD,2013,94198.785
HRV,MLN_USD,2014,94773.754
HRV,MLN_USD,2015,98104.634
HRV,MLN_USD,2016,105445.408
HRV,MLN_USD,2017,112215.476
HRV,MLN_USD,2018,118176.489
HRV,MLN_USD,2019,128412.794
HRV,MLN_USD,2020,120163.984
HRV,MLN_USD,2021,134651.558
CYP,MLN_USD,1995,11127.968
CYP,MLN_USD,1996,11454.061
CYP,MLN_USD,1997,11926.814
CYP,MLN_USD,1998,12738.553
CYP,MLN_USD,1999,13502.013
CYP,MLN_USD,2000,14776.774
CYP,MLN_USD,2001,16041.185
CYP,MLN_USD,2002,16716.202
CYP,MLN_USD,2003,17441.165
CYP,MLN_USD,2004,18887.345
CYP,MLN_USD,2005,20504.268
CYP,MLN_USD,2006,22537.131
CYP,MLN_USD,2007,25227.215
CYP,MLN_USD,2008,27398.547
CYP,MLN_USD,2009,27381.554
CYP,MLN_USD,2010,27722.797
CYP,MLN_USD,2011,28345.89
CYP,MLN_USD,2012,27503.368
CYP,MLN_USD,2013,26181.601
CYP,MLN_USD,2014,25643.442
CYP,MLN_USD,2015,26968.719
CYP,MLN_USD,2016,30417.001
CYP,MLN_USD,2017,32909.265
CYP,MLN_USD,2018,35289.18
CYP,MLN_USD,2019,38561.465
CYP,MLN_USD,2020,36480.943
CYP,MLN_USD,2021,39001.275
MLT,MLN_USD,1995,5280.792
MLT,MLN_USD,1996,5570.024
MLT,MLN_USD,1997,5930.053
MLT,MLN_USD,1998,6249.812
MLT,MLN_USD,1999,6564.667
MLT,MLN_USD,2000,7161.221
MLT,MLN_USD,2001,7276.343
MLT,MLN_USD,2002,7760.932
MLT,MLN_USD,2003,8342.514
MLT,MLN_USD,2004,8645.518
MLT,MLN_USD,2005,9008.194
MLT,MLN_USD,2006,9450.759
MLT,MLN_USD,2007,10193.326
MLT,MLN_USD,2008,10858.15
MLT,MLN_USD,2009,10992.903
MLT,MLN_USD,2010,11905.695
MLT,MLN_USD,2011,12060.668
MLT,MLN_USD,2012,12703.272
MLT,MLN_USD,2013,13757.007
MLT,MLN_USD,2014,14924.391
MLT,MLN_USD,2015,16669.533
MLT,MLN_USD,2016,18080.342
MLT,MLN_USD,2017,20362.315
MLT,MLN_USD,2018,22080.012
MLT,MLN_USD,2019,24566.963
MLT,MLN_USD,2020,22961.327
MLT,MLN_USD,2021,25359.372
ROU,MLN_USD,1995,123162.557
ROU,MLN_USD,1996,129961.017
ROU,MLN_USD,1997,125494.583
ROU,MLN_USD,1998,124793.648
ROU,MLN_USD,1999,125763.734
ROU,MLN_USD,2000,131266.35
ROU,MLN_USD,2001,144294.072
ROU,MLN_USD,2002,155641.018
ROU,MLN_USD,2003,163108.708
ROU,MLN_USD,2004,192859.101
ROU,MLN_USD,2005,204714.62
ROU,MLN_USD,2006,244891.715
ROU,MLN_USD,2007,286131.809
ROU,MLN_USD,2008,344669.395
ROU,MLN_USD,2009,338766.406
ROU,MLN_USD,2010,343713.627
ROU,MLN_USD,2011,360567.227
ROU,MLN_USD,2012,378486.681
ROU,MLN_USD,2013,395317.278
ROU,MLN_USD,2014,411271.547
ROU,MLN_USD,2015,428134.235
ROU,MLN_USD,2016,478203.117
ROU,MLN_USD,2017,531673.299
ROU,MLN_USD,2018,571405.832
ROU,MLN_USD,2019,637650.488
ROU,MLN_USD,2020,637436.537
ROU,MLN_USD,2021,690237.569
MKD,MLN_USD,2000,12467.434
MKD,MLN_USD,2001,12312.833
MKD,MLN_USD,2002,12919.276
MKD,MLN_USD,2003,13368.156
MKD,MLN_USD,2004,14577.486
MKD,MLN_USD,2005,15987.118
MKD,MLN_USD,2006,17727.332
MKD,MLN_USD,2007,19111.372
MKD,MLN_USD,2008,21537.175
MKD,MLN_USD,2009,22579.031
MKD,MLN_USD,2010,23346.758
MKD,MLN_USD,2011,24064.243
MKD,MLN_USD,2012,24558.756
MKD,MLN_USD,2013,26269.669
MKD,MLN_USD,2014,27775.93
MKD,MLN_USD,2015,28751.905
MKD,MLN_USD,2016,31373.363
MKD,MLN_USD,2017,32583.005
MKD,MLN_USD,2018,34872.76
MKD,MLN_USD,2019,37395.328
MKD,MLN_USD,2020,35186.555
MKD,MLN_USD,2021,38021.445
ZMB,MLN_USD,2006,28842.396
ZMB,MLN_USD,2007,32096.058
ZMB,MLN_USD,2008,35254.59
ZMB,MLN_USD,2009,38751.964
ZMB,MLN_USD,2010,43256.434
ZMB,MLN_USD,2011,46612.239
ZMB,MLN_USD,2012,49508.704
ZMB,MLN_USD,2013,53419.766
ZMB,MLN_USD,2014,54506.425
ZMB,MLN_USD,2015,54472.617
ZMB,MLN_USD,2016,55712.229
ZMB,MLN_USD,2017,58603.828
ZMB,MLN_USD,2018,62564.66
ZMB,MLN_USD,2019,64601.642
ZMB,MLN_USD,2020,63559.36
HKG,MLN_USD,1990,104107.366
HKG,MLN_USD,1991,113765.016
HKG,MLN_USD,1992,123612.438
HKG,MLN_USD,1993,134389.548
HKG,MLN_USD,1994,145544.392
HKG,MLN_USD,1995,152123.705
HKG,MLN_USD,1996,161505.904
HKG,MLN_USD,1997,172669.34
HKG,MLN_USD,1998,164340.83
HKG,MLN_USD,1999,170834.432
HKG,MLN_USD,2000,188093.241
HKG,MLN_USD,2001,193409.498
HKG,MLN_USD,2002,199677.939
HKG,MLN_USD,2003,209842.006
HKG,MLN_USD,2004,234221.492
HKG,MLN_USD,2005,259413.652
HKG,MLN_USD,2006,286224.526
HKG,MLN_USD,2007,312963.822
HKG,MLN_USD,2008,325753.722
HKG,MLN_USD,2009,319779.865
HKG,MLN_USD,2010,345524.692
HKG,MLN_USD,2011,369685.332
HKG,MLN_USD,2012,373482.559
HKG,MLN_USD,2013,385448.332
HKG,MLN_USD,2014,396043.918
HKG,MLN_USD,2015,411294.477
HKG,MLN_USD,2016,419837.595
HKG,MLN_USD,2017,442425.449
HKG,MLN_USD,2018,465891.515
HKG,MLN_USD,2019,466266.324
HKG,MLN_USD,2020,441000.955
HKG,MLN_USD,2021,488461.722
MDG,MLN_USD,2007,30579.05
MDG,MLN_USD,2008,33364.839
MDG,MLN_USD,2009,32219.617
MDG,MLN_USD,2010,32812.667
MDG,MLN_USD,2011,34048.44
MDG,MLN_USD,2012,34613.437
MDG,MLN_USD,2013,35664.458
MDG,MLN_USD,2014,37112.146
MDG,MLN_USD,2015,37860.94
MDG,MLN_USD,2016,40431.499
MDG,MLN_USD,2017,40952.508
MDG,MLN_USD,2018,43169.242
MDG,MLN_USD,2019,45918.731
MDG,MLN_USD,2020,43227.888
MAR,MLN_USD,2007,189050.865
MAR,MLN_USD,2008,204089.512
MAR,MLN_USD,2009,214114.21
MAR,MLN_USD,2010,224955.598
MAR,MLN_USD,2011,241675.201
MAR,MLN_USD,2012,244714.331
MAR,MLN_USD,2013,256127.215
MAR,MLN_USD,2014,248261.803
MAR,MLN_USD,2015,269769.48
MAR,MLN_USD,2016,273970.678
MAR,MLN_USD,2017,285550.399
MAR,MLN_USD,2018,300886.834
MAR,MLN_USD,2019,313443.273
MAR,MLN_USD,2020,292347.633
MAR,MLN_USD,2021,332718.328
SGP,MLN_USD,1990,72561.281
SGP,MLN_USD,1991,80032.441
SGP,MLN_USD,1992,87291.409
SGP,MLN_USD,1993,99600.914
SGP,MLN_USD,1994,113015.218
SGP,MLN_USD,1995,123664.374
SGP,MLN_USD,1996,135337.249
SGP,MLN_USD,1997,149120.059
SGP,MLN_USD,1998,147494.438
SGP,MLN_USD,1999,158126.117
SGP,MLN_USD,2000,176324.268
SGP,MLN_USD,2001,178366.039
SGP,MLN_USD,2002,188252.938
SGP,MLN_USD,2003,200699.505
SGP,MLN_USD,2004,226572.121
SGP,MLN_USD,2005,250890.427
SGP,MLN_USD,2006,281926.226
SGP,MLN_USD,2007,315666.748
SGP,MLN_USD,2008,327716.243
SGP,MLN_USD,2009,330238.767
SGP,MLN_USD,2010,382733.648
SGP,MLN_USD,2011,414966.621
SGP,MLN_USD,2012,435964.936
SGP,MLN_USD,2013,448140.098
SGP,MLN_USD,2014,461771.556
SGP,MLN_USD,2015,481405.402
SGP,MLN_USD,2016,501388.381
SGP,MLN_USD,2017,535130.769
SGP,MLN_USD,2018,566206.118
SGP,MLN_USD,2019,582533.634
SGP,MLN_USD,2020,558073.358
EU27_2020,MLN_USD,1995,7567554.622
EU27_2020,MLN_USD,1996,7832107.698
EU27_2020,MLN_USD,1997,8150543.039
EU27_2020,MLN_USD,1998,8546800.685
EU27_2020,MLN_USD,1999,8893418.459
EU27_2020,MLN_USD,2000,9475038.403
EU27_2020,MLN_USD,2001,9957950.761
EU27_2020,MLN_USD,2002,10418107.521
EU27_2020,MLN_USD,2003,10680325.99
EU27_2020,MLN_USD,2004,11222067.918
EU27_2020,MLN_USD,2005,11675872.903
EU27_2020,MLN_USD,2006,12721179.722
EU27_2020,MLN_USD,2007,13603372.253
EU27_2020,MLN_USD,2008,14287383.626
EU27_2020,MLN_USD,2009,14023755.42
EU27_2020,MLN_USD,2010,14509947.109
EU27_2020,MLN_USD,2011,15204175.101
EU27_2020,MLN_USD,2012,15434693.191
EU27_2020,MLN_USD,2013,15958633.288
EU27_2020,MLN_USD,2014,16441422.93
EU27_2020,MLN_USD,2015,16992246.856
EU27_2020,MLN_USD,2016,18066710.601
EU27_2020,MLN_USD,2017,19036893.416
EU27_2020,MLN_USD,2018,19958436.656
EU27_2020,MLN_USD,2019,21247314.045
EU27_2020,MLN_USD,2020,20548660.17
EU27_2020,MLN_USD,2021,21912110.491
EU27_2020,MLN_USD,2022,24379357.922
ALB,MLN_USD,1997,8556.079
ALB,MLN_USD,1998,9451.895
ALB,MLN_USD,1999,10792.583
ALB,MLN_USD,2000,11927.776
ALB,MLN_USD,2001,13159.431
ALB,MLN_USD,2002,14221.925
ALB,MLN_USD,2003,15199.009
ALB,MLN_USD,2004,16429.452
ALB,MLN_USD,2005,17663.32
ALB,MLN_USD,2006,19647.843
ALB,MLN_USD,2007,21634.141
ALB,MLN_USD,2008,24251.46
ALB,MLN_USD,2009,25801.628
ALB,MLN_USD,2010,28048.431
ALB,MLN_USD,2011,29655.579
ALB,MLN_USD,2012,30530.397
ALB,MLN_USD,2013,30603.995
ALB,MLN_USD,2014,32529.046
ALB,MLN_USD,2015,33585.806
ALB,MLN_USD,2016,34740.019
ALB,MLN_USD,2017,36696.774
ALB,MLN_USD,2018,38690.695
ALB,MLN_USD,2019,41121.413
ALB,MLN_USD,2020,39826.28
SRB,MLN_USD,2000,45247.811
SRB,MLN_USD,2001,48644.884
SRB,MLN_USD,2002,54159.251
SRB,MLN_USD,2003,57197.759
SRB,MLN_USD,2004,63344.407
SRB,MLN_USD,2005,68319.08
SRB,MLN_USD,2006,75654.761
SRB,MLN_USD,2007,82950.661
SRB,MLN_USD,2008,92848.287
SRB,MLN_USD,2009,91763.439
SRB,MLN_USD,2010,93316.964
SRB,MLN_USD,2011,99446.681
SRB,MLN_USD,2012,100310.888
SRB,MLN_USD,2013,104804.573
SRB,MLN_USD,2014,104530.725
SRB,MLN_USD,2015,105922.988
SRB,MLN_USD,2016,111931.491
SRB,MLN_USD,2017,116623.419
SRB,MLN_USD,2018,123717.018
SRB,MLN_USD,2019,134771.47
SRB,MLN_USD,2020,134862.222
SRB,MLN_USD,2021,147874.29
GEO,MLN_USD,2010,28645.899
GEO,MLN_USD,2011,31404.993
GEO,MLN_USD,2012,36640.15
GEO,MLN_USD,2013,39450.982
GEO,MLN_USD,2014,43054.384
GEO,MLN_USD,2015,45035.513
GEO,MLN_USD,2016,47930.085
GEO,MLN_USD,2017,50662.562
GEO,MLN_USD,2018,54384.905
GEO,MLN_USD,2019,58115.885
GEO,MLN_USD,2020,54840.076
CMR,MLN_USD,1993,21094.528
CMR,MLN_USD,1994,21201.219
CMR,MLN_USD,1995,22620.476
CMR,MLN_USD,1996,24005.577
CMR,MLN_USD,1997,25525.086
CMR,MLN_USD,1998,27032.152
CMR,MLN_USD,1999,29608.125
CMR,MLN_USD,2000,31439.326
CMR,MLN_USD,2001,33537.786
CMR,MLN_USD,2002,35585.38
CMR,MLN_USD,2003,38266.517
CMR,MLN_USD,2004,42063.508
CMR,MLN_USD,2005,44349.226
CMR,MLN_USD,2006,47459.311
CMR,MLN_USD,2007,50851.261
CMR,MLN_USD,2008,53302.407
CMR,MLN_USD,2009,55027.667
CMR,MLN_USD,2010,57303.422
CMR,MLN_USD,2011,60470.66
CMR,MLN_USD,2012,63568.301
CMR,MLN_USD,2013,69098.828
CMR,MLN_USD,2014,75134.547
CMR,MLN_USD,2015,79112.64
CMR,MLN_USD,2016,84392.895
CMR,MLN_USD,2017,90037.542
CMR,MLN_USD,2018,95835.08
CMR,MLN_USD,2019,100939.193
CMR,MLN_USD,2020,102499.678
SEN,MLN_USD,1999,18530.338
SEN,MLN_USD,2000,19677.172
SEN,MLN_USD,2001,20973.417
SEN,MLN_USD,2002,21305.032
SEN,MLN_USD,2003,22948.596
SEN,MLN_USD,2004,24679.79
SEN,MLN_USD,2005,26547.082
SEN,MLN_USD,2006,27950.486
SEN,MLN_USD,2007,29437.139
SEN,MLN_USD,2008,31087.211
SEN,MLN_USD,2009,32147.503
SEN,MLN_USD,2010,33637.035
SEN,MLN_USD,2011,34793.989
SEN,MLN_USD,2012,36713.666
SEN,MLN_USD,2013,37797.219
SEN,MLN_USD,2014,40124.398
SEN,MLN_USD,2015,43317.631
SEN,MLN_USD,2016,46119.11
SEN,MLN_USD,2017,49402.166
SEN,MLN_USD,2018,53722.712
SEN,MLN_USD,2019,57219.726
SEN,MLN_USD,2020,58676.63
