,LOCATION,TIME,Value
0,AUS,1949,3.738101
1,AUS,1950,4.063153
2,AUS,1951,4.852566
3,AUS,1952,5.688414
4,AUS,1953,5.943812
5,AUS,1954,6.036685
6,AUS,1955,6.129557
7,AUS,1956,6.477827
8,AUS,1957,6.663571
9,AUS,1958,6.710007
10,AUS,1959,6.849315
11,AUS,1960,7.104713
12,AUS,1961,7.26724
13,AUS,1962,7.244021
14,AUS,1963,7.290457
15,AUS,1964,7.49942
16,AUS,1965,7.754818
17,AUS,1966,8.010216
18,AUS,1967,8.288832
19,AUS,1968,8.497794
20,AUS,1969,8.77641
21,AUS,1970,9.078245
22,AUS,1971,9.635477
23,AUS,1972,10.21593
24,AUS,1973,11.14465
25,AUS,1974,12.86278
26,AUS,1975,14.8131
27,AUS,1976,16.78663
28,AUS,1977,18.85303
29,AUS,1978,20.3622
30,AUS,1979,22.21964
31,AUS,1980,24.47179
32,AUS,1981,26.79359
33,AUS,1982,29.83515
34,AUS,1983,32.83028
35,AUS,1984,34.13049
36,AUS,1985,36.42907
37,AUS,1986,39.72603
38,AUS,1987,43.11586
39,AUS,1988,46.22707
40,AUS,1989,49.70977
41,AUS,1990,53.355
42,AUS,1991,55.04992
43,AUS,1992,55.60715
44,AUS,1993,56.58231
45,AUS,1994,57.69677
46,AUS,1995,60.36684
47,AUS,1996,61.94567
48,AUS,1997,62.08498
49,AUS,1998,62.61899
50,AUS,1999,63.54771
51,AUS,2000,66.38031
52,AUS,2001,69.30578
53,AUS,2002,71.37218
54,AUS,2003,73.32249
55,AUS,2004,75.04063
56,AUS,2005,77.0606
57,AUS,2006,79.80032
58,AUS,2007,81.65777
59,AUS,2008,85.21012
60,AUS,2009,86.71929
61,AUS,2010,89.25006
62,AUS,2011,92.19875
63,AUS,2012,93.82401
64,AUS,2013,96.12259
65,AUS,2014,98.51405
66,AUS,2015,100.0
67,AUS,2016,101.277
68,AUS,2017,103.2505
69,AUS,2018,105.2241
70,AUS,2019,106.919
71,AUS,2020,107.8245
72,AUS,2021,110.9125
73,AUS,2022,118.2261
74,AUT,1958,15.62764
75,AUT,1959,15.79564
76,AUT,1960,16.10299
77,AUT,1961,16.6734
78,AUT,1962,17.40399
79,AUT,1963,17.87542
80,AUT,1964,18.56694
81,AUT,1965,19.48246
82,AUT,1966,19.88279
83,AUT,1967,20.67307
84,AUT,1968,21.24465
85,AUT,1969,21.89907
86,AUT,1970,22.85668
87,AUT,1971,23.93192
88,AUT,1972,25.45283
89,AUT,1973,27.3697
90,AUT,1974,29.97578
91,AUT,1975,32.50732
92,AUT,1976,34.88643
93,AUT,1977,36.8033
94,AUT,1978,38.11877
95,AUT,1979,39.53198
96,AUT,1980,42.03369
97,AUT,1981,44.89326
98,AUT,1982,47.33367
99,AUT,1983,48.91422
100,AUT,1984,51.68433
101,AUT,1985,53.33281
102,AUT,1986,54.24237
103,AUT,1987,55.00282
104,AUT,1988,56.05652
105,AUT,1989,57.49625
106,AUT,1990,59.3717
107,AUT,1991,61.35319
108,AUT,1992,63.8201
109,AUT,1993,66.13792
110,AUT,1994,68.09123
111,AUT,1995,69.61877
112,AUT,1996,70.91436
113,AUT,1997,71.84048
114,AUT,1998,72.50319
115,AUT,1999,72.91573
116,AUT,2000,74.6255
117,AUT,2001,76.60308
118,AUT,2002,77.98987
119,AUT,2003,79.04707
120,AUT,2004,80.67638
121,AUT,2005,82.53125
122,AUT,2006,83.72098
123,AUT,2007,85.53651
124,AUT,2008,88.28732
125,AUT,2009,88.73433
126,AUT,2010,90.34355
127,AUT,2011,93.31277
128,AUT,2012,95.63223
129,AUT,2013,97.54502
130,AUT,2014,99.1114
131,AUT,2015,100.0
132,AUT,2016,100.8916
133,AUT,2017,102.9914
134,AUT,2018,105.0496
135,AUT,2019,106.6578
136,AUT,2020,108.1317
137,AUT,2021,111.1233
138,AUT,2022,120.6209
139,BEL,1955,13.16081
140,BEL,1956,13.5318
141,BEL,1957,13.96044
142,BEL,1958,14.14039
143,BEL,1959,14.31424
144,BEL,1960,14.35711
145,BEL,1961,14.49963
146,BEL,1962,14.70329
147,BEL,1963,15.01912
148,BEL,1964,15.64523
149,BEL,1965,16.28124
150,BEL,1966,16.96087
151,BEL,1967,17.42396
152,BEL,1968,17.89466
153,BEL,1969,18.56642
154,BEL,1970,19.29208
155,BEL,1971,20.13006
156,BEL,1972,21.22683
157,BEL,1973,22.70322
158,BEL,1974,25.5815
159,BEL,1975,28.84781
160,BEL,1976,31.4639
161,BEL,1977,33.69658
162,BEL,1978,35.20301
163,BEL,1979,36.77626
164,BEL,1980,39.22141
165,BEL,1981,42.21301
166,BEL,1982,45.89675
167,BEL,1983,49.41318
168,BEL,1984,52.54686
169,BEL,1985,55.10522
170,BEL,1986,55.81849
171,BEL,1987,56.68556
172,BEL,1988,57.34364
173,BEL,1989,59.12534
174,BEL,1990,61.16417
175,BEL,1991,63.13078
176,BEL,1992,64.66357
177,BEL,1993,66.44468
178,BEL,1994,68.02443
179,BEL,1995,69.023
180,BEL,1996,70.45663
181,BEL,1997,71.60378
182,BEL,1998,72.28348
183,BEL,1999,73.09367
184,BEL,2000,74.95354
185,BEL,2001,76.80434
186,BEL,2002,78.06794
187,BEL,2003,79.30841
188,BEL,2004,80.97173
189,BEL,2005,83.22391
190,BEL,2006,84.71461
191,BEL,2007,86.25901
192,BEL,2008,90.13156
193,BEL,2009,90.08366
194,BEL,2010,92.05586
195,BEL,2011,95.30735
196,BEL,2012,98.01376
197,BEL,2013,99.10474
198,BEL,2014,99.4417
199,BEL,2015,100.0
200,BEL,2016,101.9739
201,BEL,2017,104.1418
202,BEL,2018,106.28
203,BEL,2019,107.807
204,BEL,2020,108.6057
205,BEL,2021,111.2559
206,BEL,2022,121.9337
207,CAN,1914,4.747169
208,CAN,1915,4.845931
209,CAN,1916,5.280485
210,CAN,1917,6.228601
211,CAN,1918,7.045035
212,CAN,1919,7.716619
213,CAN,1920,8.97419
214,CAN,1921,7.887806
215,CAN,1922,7.268897
216,CAN,1923,7.268897
217,CAN,1924,7.13063
218,CAN,1925,7.216223
219,CAN,1926,7.268897
220,CAN,1927,7.16355
221,CAN,1928,7.216223
222,CAN,1929,7.288649
223,CAN,1930,7.216223
224,CAN,1931,6.505136
225,CAN,1932,5.89281
226,CAN,1933,5.636028
227,CAN,1934,5.70187
228,CAN,1935,5.728207
229,CAN,1936,5.846721
230,CAN,1937,6.057414
231,CAN,1938,6.090334
232,CAN,1939,6.044245
233,CAN,1940,6.301027
234,CAN,1941,6.676323
235,CAN,1942,6.985778
236,CAN,1943,7.137214
237,CAN,1944,7.183302
238,CAN,1945,7.229392
239,CAN,1946,7.453253
240,CAN,1947,8.124835
241,CAN,1948,9.283645
242,CAN,1949,9.606268
243,CAN,1950,9.86305
244,CAN,1951,10.90335
245,CAN,1952,11.18646
246,CAN,1953,11.07453
247,CAN,1954,11.14696
248,CAN,1955,11.16671
249,CAN,1956,11.31815
250,CAN,1957,11.69344
251,CAN,1958,11.96998
252,CAN,1959,12.11483
253,CAN,1960,12.27943
254,CAN,1961,12.40453
255,CAN,1962,12.53621
256,CAN,1963,12.74032
257,CAN,1964,12.98393
258,CAN,1965,13.28681
259,CAN,1966,13.79378
260,CAN,1967,14.2876
261,CAN,1968,14.867
262,CAN,1969,15.54517
263,CAN,1970,16.06532
264,CAN,1971,16.49987
265,CAN,1972,17.32289
266,CAN,1973,18.61996
267,CAN,1974,20.66763
268,CAN,1975,22.87332
269,CAN,1976,24.59837
270,CAN,1977,26.56044
271,CAN,1978,28.9439
272,CAN,1979,31.59073
273,CAN,1980,34.79062
274,CAN,1981,39.12958
275,CAN,1982,43.34343
276,CAN,1983,45.88491
277,CAN,1984,47.86015
278,CAN,1985,49.75639
279,CAN,1986,51.84356
280,CAN,1987,54.10192
281,CAN,1988,56.28127
282,CAN,1989,59.08612
283,CAN,1990,61.91072
284,CAN,1991,65.39373
285,CAN,1992,66.36819
286,CAN,1993,67.606
287,CAN,1994,67.71793
288,CAN,1995,69.17303
289,CAN,1996,70.25941
290,CAN,1997,71.39848
291,CAN,1998,72.10956
292,CAN,1999,73.36055
293,CAN,2000,75.35555
294,CAN,2001,77.25836
295,CAN,2002,79.00316
296,CAN,2003,81.18251
297,CAN,2004,82.69028
298,CAN,2005,84.52068
299,CAN,2006,86.2128
300,CAN,2007,88.05636
301,CAN,2008,90.14353
302,CAN,2009,90.41348
303,CAN,2010,92.02002
304,CAN,2011,94.69976
305,CAN,2012,96.13511
306,CAN,2013,97.03713
307,CAN,2014,98.88728
308,CAN,2015,100.0
309,CAN,2016,101.4288
310,CAN,2017,103.0485
311,CAN,2018,105.3858
312,CAN,2019,107.4401
313,CAN,2020,108.2104
314,CAN,2021,111.8844
315,CAN,2022,119.4957
316,CZE,1991,32.45156
317,CZE,1992,36.0493
318,CZE,1993,43.55226
319,CZE,1994,47.92465
320,CZE,1995,52.23333
321,CZE,1996,56.80833
322,CZE,1997,61.69167
323,CZE,1998,68.29166
324,CZE,1999,69.75
325,CZE,2000,72.38333
326,CZE,2001,75.75833
327,CZE,2002,77.2
328,CZE,2003,77.29166
329,CZE,2004,79.425
330,CZE,2005,80.9
331,CZE,2006,82.95
332,CZE,2007,85.31667
333,CZE,2008,90.74167
334,CZE,2009,91.66666
335,CZE,2010,93.01667
336,CZE,2011,94.8
337,CZE,2012,97.91666
338,CZE,2013,99.325
339,CZE,2014,99.66666
340,CZE,2015,99.975
341,CZE,2016,100.6583
342,CZE,2017,103.125
343,CZE,2018,105.3417
344,CZE,2019,108.3417
345,CZE,2020,111.7667
346,CZE,2021,116.0583
347,CZE,2022,133.5833
348,DNK,1967,11.42542
349,DNK,1968,12.34004
350,DNK,1969,12.77046
351,DNK,1970,13.60243
352,DNK,1971,14.40088
353,DNK,1972,15.34591
354,DNK,1973,16.7736
355,DNK,1974,19.3358
356,DNK,1975,21.19313
357,DNK,1976,23.10269
358,DNK,1977,25.62602
359,DNK,1978,28.24337
360,DNK,1979,30.95786
361,DNK,1980,34.76733
362,DNK,1981,38.85853
363,DNK,1982,42.79134
364,DNK,1983,45.74746
365,DNK,1984,48.62533
366,DNK,1985,50.90039
367,DNK,1986,52.7726
368,DNK,1987,54.89405
369,DNK,1988,57.38357
370,DNK,1989,60.12233
371,DNK,1990,61.71053
372,DNK,1991,63.18859
373,DNK,1992,64.51305
374,DNK,1993,65.32453
375,DNK,1994,66.6258
376,DNK,1995,68.01402
377,DNK,1996,69.46021
378,DNK,1997,70.97594
379,DNK,1998,72.28591
380,DNK,1999,74.09146
381,DNK,2000,76.24255
382,DNK,2001,78.025
383,DNK,2002,79.91666
384,DNK,2003,81.575
385,DNK,2004,82.51667
386,DNK,2005,84.01667
387,DNK,2006,85.63333
388,DNK,2007,87.08334
389,DNK,2008,90.05833
390,DNK,2009,91.23333
391,DNK,2010,93.34167
392,DNK,2011,95.91666
393,DNK,2012,98.21667
394,DNK,2013,98.99167
395,DNK,2014,99.55
396,DNK,2015,100.0
397,DNK,2016,100.25
398,DNK,2017,101.4
399,DNK,2018,102.225
400,DNK,2019,103.0
401,DNK,2020,103.4333
402,DNK,2021,105.35
403,DNK,2022,113.4583
404,FIN,1955,5.422786
405,FIN,1956,6.054611
406,FIN,1957,6.736437
407,FIN,1958,7.128419
408,FIN,1959,7.231896
409,FIN,1960,7.479092
410,FIN,1961,7.605564
411,FIN,1962,7.93899
412,FIN,1963,8.335651
413,FIN,1964,9.192212
414,FIN,1965,9.646361
415,FIN,1966,10.02003
416,FIN,1967,10.55888
417,FIN,1968,11.52942
418,FIN,1969,11.78371
419,FIN,1970,12.10664
420,FIN,1971,12.89064
421,FIN,1972,13.74947
422,FIN,1973,15.22816
423,FIN,1974,17.80726
424,FIN,1975,20.97898
425,FIN,1976,23.98793
426,FIN,1977,26.81691
427,FIN,1978,28.90846
428,FIN,1979,31.06704
429,FIN,1980,34.66914
430,FIN,1981,38.58875
431,FIN,1982,42.28746
432,FIN,1983,45.82535
433,FIN,1984,49.06413
434,FIN,1985,51.61332
435,FIN,1986,53.12743
436,FIN,1987,55.31258
437,FIN,1988,58.12574
438,FIN,1989,61.95792
439,FIN,1990,65.76806
440,FIN,1991,68.6028
441,FIN,1992,70.60554
442,FIN,1993,72.15226
443,FIN,1994,72.93768
444,FIN,1995,73.51479
445,FIN,1996,73.97735
446,FIN,1997,74.85957
447,FIN,1998,75.9072
448,FIN,1999,76.78943
449,FIN,2000,79.12543
450,FIN,2001,81.16563
451,FIN,2002,82.44093
452,FIN,2003,83.1643
453,FIN,2004,83.31992
454,FIN,2005,83.83973
455,FIN,2006,85.15321
456,FIN,2007,87.29113
457,FIN,2008,90.84034
458,FIN,2009,90.84034
459,FIN,2010,91.91602
460,FIN,2011,95.05661
461,FIN,2012,97.72611
462,FIN,2013,99.17079
463,FIN,2014,100.2034
464,FIN,2015,99.995
465,FIN,2016,100.3517
466,FIN,2017,101.1083
467,FIN,2018,102.2042
468,FIN,2019,103.2508
469,FIN,2020,103.5508
470,FIN,2021,105.8233
471,FIN,2022,113.3617
472,FRA,1955,7.409065
473,FRA,1956,7.549639
474,FRA,1957,7.780481
475,FRA,1958,8.967824
476,FRA,1959,9.489326
477,FRA,1960,9.882178
478,FRA,1961,10.1194
479,FRA,1962,10.65889
480,FRA,1963,11.19174
481,FRA,1964,11.55113
482,FRA,1965,11.86337
483,FRA,1966,12.17206
484,FRA,1967,12.51187
485,FRA,1968,13.08031
486,FRA,1969,13.87114
487,FRA,1970,14.60627
488,FRA,1971,15.39464
489,FRA,1972,16.32802
490,FRA,1973,17.53312
491,FRA,1974,19.92628
492,FRA,1975,22.25484
493,FRA,1976,24.39698
494,FRA,1977,26.71337
495,FRA,1978,29.18451
496,FRA,1979,32.2917
497,FRA,1980,36.67129
498,FRA,1981,41.55385
499,FRA,1982,46.53137
500,FRA,1983,50.93303
501,FRA,1984,54.84153
502,FRA,1985,58.03939
503,FRA,1986,59.51274
504,FRA,1987,61.47005
505,FRA,1988,63.13025
506,FRA,1989,65.33873
507,FRA,1990,67.42583
508,FRA,1991,69.5925
509,FRA,1992,71.2375
510,FRA,1993,72.73666
511,FRA,1994,73.94083
512,FRA,1995,75.26917
513,FRA,1996,76.76167
514,FRA,1997,77.68584
515,FRA,1998,78.19167
516,FRA,1999,78.61166
517,FRA,2000,79.92917
518,FRA,2001,81.23583
519,FRA,2002,82.79833
520,FRA,2003,84.53584
521,FRA,2004,86.34666
522,FRA,2005,87.85416
523,FRA,2006,89.32584
524,FRA,2007,90.655
525,FRA,2008,93.205
526,FRA,2009,93.28667
527,FRA,2010,94.715
528,FRA,2011,96.715
529,FRA,2012,98.605
530,FRA,2013,99.45667
531,FRA,2014,99.96167
532,FRA,2015,99.99917
533,FRA,2016,100.1825
534,FRA,2017,101.2167
535,FRA,2018,103.09
536,FRA,2019,104.2325
537,FRA,2020,104.7292
538,FRA,2021,106.4492
539,FRA,2022,112.0083
540,DEU,1955,20.97398
541,DEU,1956,21.52306
542,DEU,1957,21.97429
543,DEU,1958,22.44183
544,DEU,1959,22.64298
545,DEU,1960,22.99092
546,DEU,1961,23.51825
547,DEU,1962,24.18694
548,DEU,1963,24.90456
549,DEU,1964,25.48626
550,DEU,1965,26.31261
551,DEU,1966,27.24225
552,DEU,1967,27.73153
553,DEU,1968,28.13927
554,DEU,1969,28.67748
555,DEU,1970,29.66692
556,DEU,1971,31.22176
557,DEU,1972,32.93425
558,DEU,1973,35.2502
559,DEU,1974,37.71293
560,DEU,1975,39.94189
561,DEU,1976,41.63807
562,DEU,1977,43.19291
563,DEU,1978,44.36719
564,DEU,1979,46.16123
565,DEU,1980,48.67289
566,DEU,1981,51.76082
567,DEU,1982,54.47363
568,DEU,1983,56.26767
569,DEU,1984,57.62135
570,DEU,1985,58.81194
571,DEU,1986,58.73583
572,DEU,1987,58.88262
573,DEU,1988,59.63285
574,DEU,1989,61.29099
575,DEU,1990,62.94368
576,DEU,1991,65.49103
577,DEU,1992,68.80289
578,DEU,1993,71.88154
579,DEU,1994,73.81734
580,DEU,1995,75.07679
581,DEU,1996,76.1652
582,DEU,1997,77.64232
583,DEU,1998,78.34978
584,DEU,1999,78.80847
585,DEU,2000,79.94353
586,DEU,2001,81.52949
587,DEU,2002,82.68787
588,DEU,2003,83.54305
589,DEU,2004,84.93465
590,DEU,2005,86.24851
591,DEU,2006,87.60902
592,DEU,2007,89.62257
593,DEU,2008,91.9782
594,DEU,2009,92.26585
595,DEU,2010,93.28429
596,DEU,2011,95.2201
597,DEU,2012,97.13258
598,DEU,2013,98.59416
599,DEU,2014,99.48821
600,DEU,2015,100.0
601,DEU,2016,100.4917
602,DEU,2017,102.0087
603,DEU,2018,103.7756
604,DEU,2019,105.2759
605,DEU,2020,105.4284
606,DEU,2021,108.6615
607,DEU,2022,116.1294
608,GRC,1955,0.9945122
609,GRC,1956,1.030624
610,GRC,1957,1.05399
611,GRC,1958,1.068673
612,GRC,1959,1.096561
613,GRC,1960,1.112767
614,GRC,1961,1.136174
615,GRC,1962,1.130772
616,GRC,1963,1.166784
617,GRC,1964,1.173987
618,GRC,1965,1.211799
619,GRC,1966,1.271219
620,GRC,1967,1.294626
621,GRC,1968,1.296427
622,GRC,1969,1.330638
623,GRC,1970,1.368451
624,GRC,1971,1.413466
625,GRC,1972,1.474686
626,GRC,1973,1.70156
627,GRC,1974,2.153509
628,GRC,1975,2.447006
629,GRC,1976,2.765711
630,GRC,1977,3.107824
631,GRC,1978,3.498553
632,GRC,1979,4.166573
633,GRC,1980,5.194711
634,GRC,1981,6.467731
635,GRC,1982,7.825378
636,GRC,1983,9.404498
637,GRC,1984,11.14027
638,GRC,1985,13.29198
639,GRC,1986,16.35119
640,GRC,1987,19.03227
641,GRC,1988,21.60712
642,GRC,1989,24.55769
643,GRC,1990,29.57569
644,GRC,1991,35.32988
645,GRC,1992,40.93924
646,GRC,1993,46.8391
647,GRC,1994,51.93242
648,GRC,1995,56.57233
649,GRC,1996,61.20818
650,GRC,1997,64.59666
651,GRC,1998,67.67548
652,GRC,1999,69.45984
653,GRC,2000,71.64864
654,GRC,2001,74.06605
655,GRC,2002,76.75417
656,GRC,2003,79.4641
657,GRC,2004,81.76764
658,GRC,2005,84.66636
659,GRC,2006,87.37225
660,GRC,2007,89.90168
661,GRC,2008,93.63511
662,GRC,2009,94.76817
663,GRC,2010,99.23457
664,GRC,2011,102.539
665,GRC,2012,104.0786
666,GRC,2013,103.1198
667,GRC,2014,101.7666
668,GRC,2015,100.0
669,GRC,2016,99.17434
670,GRC,2017,100.2863
671,GRC,2018,100.9138
672,GRC,2019,101.1691
673,GRC,2020,99.9065
674,GRC,2021,101.1292
675,GRC,2022,110.8834
676,HUN,1980,2.990425
677,HUN,1981,3.129821
678,HUN,1982,3.343769
679,HUN,1983,3.587192
680,HUN,1984,3.89095
681,HUN,1985,4.161073
682,HUN,1986,4.381263
683,HUN,1987,4.761308
684,HUN,1988,5.509954
685,HUN,1989,6.454865
686,HUN,1990,8.286084
687,HUN,1991,11.17109
688,HUN,1992,13.8137
689,HUN,1993,16.91684
690,HUN,1994,20.10872
691,HUN,1995,25.80059
692,HUN,1996,31.85574
693,HUN,1997,37.68695
694,HUN,1998,43.02109
695,HUN,1999,47.32222
696,HUN,2000,51.96151
697,HUN,2001,56.69874
698,HUN,2002,59.68419
699,HUN,2003,62.46608
700,HUN,2004,66.679
701,HUN,2005,69.05379
702,HUN,2006,71.76783
703,HUN,2007,77.47964
704,HUN,2008,82.16136
705,HUN,2009,85.62177
706,HUN,2010,89.77917
707,HUN,2011,93.30743
708,HUN,2012,98.5813
709,HUN,2013,100.2899
710,HUN,2014,100.0617
711,HUN,2015,100.0
712,HUN,2016,100.3948
713,HUN,2017,102.7523
714,HUN,2018,105.681
715,HUN,2019,109.2092
716,HUN,2020,112.8423
717,HUN,2021,118.6097
718,HUN,2022,135.9363
719,ISL,1955,0.02816874
720,ISL,1956,0.0310028
721,ISL,1957,0.03231963
722,ISL,1958,0.03420899
723,ISL,1959,0.03455251
724,ISL,1960,0.03523956
725,ISL,1961,0.03689991
726,ISL,1962,0.04096491
727,ISL,1963,0.04626086
728,ISL,1964,0.05516379
729,ISL,1965,0.05920016
730,ISL,1966,0.06552668
731,ISL,1967,0.06770232
732,ISL,1968,0.07801458
733,ISL,1969,0.09499313
734,ISL,1970,0.1076961
735,ISL,1971,0.114946
736,ISL,1972,0.1262237
737,ISL,1973,0.1531788
738,ISL,1974,0.2183045
739,ISL,1975,0.3260625
740,ISL,1976,0.430517
741,ISL,1977,0.5610358
742,ISL,1978,0.8064889
743,ISL,1979,1.164928
744,ISL,1980,1.846743
745,ISL,1981,2.803231
746,ISL,1982,4.211664
747,ISL,1983,7.747358
748,ISL,1984,10.1376
749,ISL,1985,13.38109
750,ISL,1986,16.34211
751,ISL,1987,19.33236
752,ISL,1988,24.3057
753,ISL,1989,29.35113
754,ISL,1990,33.9037
755,ISL,1991,36.21213
756,ISL,1992,37.64168
757,ISL,1993,39.16348
758,ISL,1994,39.77155
759,ISL,1995,40.42827
760,ISL,1996,41.34212
761,ISL,1997,42.09266
762,ISL,1998,42.79108
763,ISL,1999,44.17401
764,ISL,2000,46.443
765,ISL,2001,49.41771
766,ISL,2002,51.98596
767,ISL,2003,53.05462
768,ISL,2004,54.73019
769,ISL,2005,56.9123
770,ISL,2006,60.71807
771,ISL,2007,63.78529
772,ISL,2008,71.88245
773,ISL,2009,80.51058
774,ISL,2010,84.85552
775,ISL,2011,88.25061
776,ISL,2012,92.8272
777,ISL,2013,96.42172
778,ISL,2014,98.39318
779,ISL,2015,100.0
780,ISL,2016,101.6969
781,ISL,2017,103.4872
782,ISL,2018,106.2637
783,ISL,2019,109.4665
784,ISL,2020,112.584
785,ISL,2021,117.5875
786,ISL,2022,127.3575
787,IRL,1976,16.9568
788,IRL,1977,19.24125
789,IRL,1978,20.72497
790,IRL,1979,23.48045
791,IRL,1980,27.7432
792,IRL,1981,33.39547
793,IRL,1982,39.12183
794,IRL,1983,43.20913
795,IRL,1984,46.9472
796,IRL,1985,49.48024
797,IRL,1986,51.37386
798,IRL,1987,52.99697
799,IRL,1988,54.12823
800,IRL,1989,56.34156
801,IRL,1990,58.2106
802,IRL,1991,60.07963
803,IRL,1992,61.92408
804,IRL,1993,62.834
805,IRL,1994,64.28496
806,IRL,1995,65.90807
807,IRL,1996,67.06392
808,IRL,1997,68.08705
809,IRL,1998,69.7317
810,IRL,1999,70.86967
811,IRL,2000,74.83179
812,IRL,2001,78.47828
813,IRL,2002,82.09985
814,IRL,2003,84.96553
815,IRL,2004,86.83446
816,IRL,2005,88.94427
817,IRL,2006,92.44123
818,IRL,2007,96.96819
819,IRL,2008,100.9054
820,IRL,2009,96.38674
821,IRL,2010,95.49796
822,IRL,2011,97.94003
823,IRL,2012,99.6013
824,IRL,2013,100.108
825,IRL,2014,100.2907
826,IRL,2015,100.0
827,IRL,2016,100.0083
828,IRL,2017,100.3489
829,IRL,2018,100.8389
830,IRL,2019,101.7859
831,IRL,2020,101.4453
832,IRL,2021,103.8375
833,IRL,2022,111.9445
834,ITA,1955,3.515829
835,ITA,1956,3.63476
836,ITA,1957,3.682666
837,ITA,1958,3.787949
838,ITA,1959,3.768731
839,ITA,1960,3.857302
840,ITA,1961,3.936403
841,ITA,1962,4.121066
842,ITA,1963,4.428279
843,ITA,1964,4.690094
844,ITA,1965,4.902051
845,ITA,1966,5.017083
846,ITA,1967,5.204387
847,ITA,1968,5.270864
848,ITA,1969,5.410923
849,ITA,1970,5.679756
850,ITA,1971,5.95191
851,ITA,1972,6.294116
852,ITA,1973,6.973794
853,ITA,1974,8.309956
854,ITA,1975,9.718535
855,ITA,1976,11.33319
856,ITA,1977,13.27457
857,ITA,1978,14.88
858,ITA,1979,17.08203
859,ITA,1980,20.68021
860,ITA,1981,24.3963
861,ITA,1982,28.41691
862,ITA,1983,32.57902
863,ITA,1984,36.09576
864,ITA,1985,39.41873
865,ITA,1986,41.7143
866,ITA,1987,43.6946
867,ITA,1988,45.90478
868,ITA,1989,48.77834
869,ITA,1990,51.92776
870,ITA,1991,55.17325
871,ITA,1992,58.08121
872,ITA,1993,60.76847
873,ITA,1994,63.23071
874,ITA,1995,66.54111
875,ITA,1996,69.2074
876,ITA,1997,70.62138
877,ITA,1998,72.00208
878,ITA,1999,73.19981
879,ITA,2000,75.05739
880,ITA,2001,77.14787
881,ITA,2002,79.0498
882,ITA,2003,81.16246
883,ITA,2004,82.9535
884,ITA,2005,84.60037
885,ITA,2006,86.36923
886,ITA,2007,87.94956
887,ITA,2008,90.89397
888,ITA,2009,91.59818
889,ITA,2010,92.99553
890,ITA,2011,95.5814
891,ITA,2012,98.48837
892,ITA,2013,99.68993
893,ITA,2014,99.93023
894,ITA,2015,99.96899
895,ITA,2016,99.875
896,ITA,2017,101.1
897,ITA,2018,102.25
898,ITA,2019,102.875
899,ITA,2020,102.7333
900,ITA,2021,104.6583
901,ITA,2022,113.2417
902,JPN,1955,17.00533
903,JPN,1956,17.0726
904,JPN,1957,17.60158
905,JPN,1958,17.5175
906,JPN,1959,17.70707
907,JPN,1960,18.34002
908,JPN,1961,19.32459
909,JPN,1962,20.64551
910,JPN,1963,22.03019
911,JPN,1964,22.86742
912,JPN,1965,24.38947
913,JPN,1966,25.61891
914,JPN,1967,26.64106
915,JPN,1968,28.06354
916,JPN,1969,29.53683
917,JPN,1970,31.53474
918,JPN,1971,33.54543
919,JPN,1972,35.17434
920,JPN,1973,39.25511
921,JPN,1974,48.36684
922,JPN,1975,54.04259
923,JPN,1976,59.11597
924,JPN,1977,63.93484
925,JPN,1978,66.61576
926,JPN,1979,69.10155
927,JPN,1980,74.47188
928,JPN,1981,78.14542
929,JPN,1982,80.29185
930,JPN,1983,81.80199
931,JPN,1984,83.643
932,JPN,1985,85.34827
933,JPN,1986,85.86578
934,JPN,1987,85.97607
935,JPN,1988,86.53601
936,JPN,1989,88.52126
937,JPN,1990,91.23611
938,JPN,1991,94.22245
939,JPN,1992,95.85136
940,JPN,1993,97.05608
941,JPN,1994,97.72631
942,JPN,1995,97.64147
943,JPN,1996,97.77721
944,JPN,1997,99.44006
945,JPN,1998,100.0848
946,JPN,1999,99.737
947,JPN,2000,99.0498
948,JPN,2001,98.3626
949,JPN,2002,97.48028
950,JPN,2003,97.22575
951,JPN,2004,97.21727
952,JPN,2005,96.9373
953,JPN,2006,97.18333
954,JPN,2007,97.22575
955,JPN,2008,98.56622
956,JPN,2009,97.25121
957,JPN,2010,96.53008
958,JPN,2011,96.26707
959,JPN,2012,96.22466
960,JPN,2013,96.54704
961,JPN,2014,99.211
962,JPN,2015,100.0
963,JPN,2016,99.87274
964,JPN,2017,100.3563
965,JPN,2018,101.3489
966,JPN,2019,101.824
967,JPN,2020,101.7986
968,JPN,2021,101.561
969,JPN,2022,104.0977
970,KOR,1952,0.2346812
971,KOR,1953,0.3579168
972,KOR,1954,0.4908021
973,KOR,1955,0.8260455
974,KOR,1956,1.015948
975,KOR,1957,1.250741
976,KOR,1958,1.207196
977,KOR,1959,1.245577
978,KOR,1960,1.344795
979,KOR,1961,1.455009
980,KOR,1962,1.551306
981,KOR,1963,1.872297
982,KOR,1964,2.423929
983,KOR,1965,2.752327
984,KOR,1966,3.062278
985,KOR,1967,3.395528
986,KOR,1968,3.761288
987,KOR,1969,4.227295
988,KOR,1970,4.901564
989,KOR,1971,5.563848
990,KOR,1972,6.214206
991,KOR,1973,6.414367
992,KOR,1974,7.973328
993,KOR,1975,9.986534
994,KOR,1976,11.5172
995,KOR,1977,12.68006
996,KOR,1978,14.51363
997,KOR,1979,17.17303
998,KOR,1980,22.10128
999,KOR,1981,26.82027
1000,KOR,1982,28.74887
1001,KOR,1983,29.73226
1002,KOR,1984,30.40836
1003,KOR,1985,31.15613
1004,KOR,1986,32.01292
1005,KOR,1987,32.9892
1006,KOR,1988,35.34665
1007,KOR,1989,37.36146
1008,KOR,1990,40.56456
1009,KOR,1991,44.35037
1010,KOR,1992,47.10598
1011,KOR,1993,49.36754
1012,KOR,1994,52.46084
1013,KOR,1995,54.81147
1014,KOR,1996,57.51069
1015,KOR,1997,60.06355
1016,KOR,1998,64.57647
1017,KOR,1999,65.10145
1018,KOR,2000,66.5722
1019,KOR,2001,69.27941
1020,KOR,2002,71.19309
1021,KOR,2003,73.69543
1022,KOR,2004,76.34159
1023,KOR,2005,78.44388
1024,KOR,2006,80.20286
1025,KOR,2007,82.23566
1026,KOR,2008,86.07927
1027,KOR,2009,88.45204
1028,KOR,2010,91.0519
1029,KOR,2011,94.71762
1030,KOR,2012,96.78916
1031,KOR,2013,98.04872
1032,KOR,2014,99.29862
1033,KOR,2015,100.0
1034,KOR,2016,100.9717
1035,KOR,2017,102.9349
1036,KOR,2018,104.4541
1037,KOR,2019,104.8541
1038,KOR,2020,105.4175
1039,KOR,2021,108.0512
1040,KOR,2022,113.5487
1041,LUX,1955,14.65308
1042,LUX,1956,14.7374
1043,LUX,1957,15.41875
1044,LUX,1958,15.51922
1045,LUX,1959,15.57926
1046,LUX,1960,15.6493
1047,LUX,1961,15.7248
1048,LUX,1962,15.86569
1049,LUX,1963,16.32204
1050,LUX,1964,16.82743
1051,LUX,1965,17.3884
1052,LUX,1966,17.96773
1053,LUX,1967,18.35694
1054,LUX,1968,18.83888
1055,LUX,1969,19.27113
1056,LUX,1970,20.16518
1057,LUX,1971,21.10735
1058,LUX,1972,22.21035
1059,LUX,1973,23.5581
1060,LUX,1974,25.80569
1061,LUX,1975,28.57146
1062,LUX,1976,31.3707
1063,LUX,1977,33.47427
1064,LUX,1978,34.51018
1065,LUX,1979,36.07919
1066,LUX,1980,38.35215
1067,LUX,1981,41.4483
1068,LUX,1982,45.32664
1069,LUX,1983,49.25613
1070,LUX,1984,52.42618
1071,LUX,1985,54.57229
1072,LUX,1986,54.73304
1073,LUX,1987,54.70203
1074,LUX,1988,55.48787
1075,LUX,1989,57.35835
1076,LUX,1990,59.22465
1077,LUX,1991,61.07149
1078,LUX,1992,62.99779
1079,LUX,1993,65.25822
1080,LUX,1994,66.69048
1081,LUX,1995,67.93605
1082,LUX,1996,68.74032
1083,LUX,1997,69.68035
1084,LUX,1998,70.34828
1085,LUX,1999,71.06949
1086,LUX,2000,73.30872
1087,LUX,2001,75.26154
1088,LUX,2002,76.82253
1089,LUX,2003,78.39727
1090,LUX,2004,80.14214
1091,LUX,2005,82.13583
1092,LUX,2006,84.32584
1093,LUX,2007,86.27583
1094,LUX,2008,89.21083
1095,LUX,2009,89.53917
1096,LUX,2010,91.575
1097,LUX,2011,94.69833
1098,LUX,2012,97.22
1099,LUX,2013,98.90583
1100,LUX,2014,99.5275
1101,LUX,2015,100.0
1102,LUX,2016,100.2908
1103,LUX,2017,102.0267
1104,LUX,2018,103.5858
1105,LUX,2019,105.3917
1106,LUX,2020,106.2558
1107,LUX,2021,108.9408
1108,LUX,2022,115.8433
1109,MEX,1969,0.01345505
1110,MEX,1970,0.01412826
1111,MEX,1971,0.01490094
1112,MEX,1972,0.0156376
1113,MEX,1973,0.01752692
1114,MEX,1974,0.02169553
1115,MEX,1975,0.02493783
1116,MEX,1976,0.02888417
1117,MEX,1977,0.0372791
1118,MEX,1978,0.04378702
1119,MEX,1979,0.05175243
1120,MEX,1980,0.06539005
1121,MEX,1981,0.08365595
1122,MEX,1982,0.1329405
1123,MEX,1983,0.2683736
1124,MEX,1984,0.444021
1125,MEX,1985,0.7004362
1126,MEX,1986,1.304445
1127,MEX,1987,3.024062
1128,MEX,1988,6.476399
1129,MEX,1989,7.772189
1130,MEX,1990,9.843607
1131,MEX,1991,12.0744
1132,MEX,1992,13.94689
1133,MEX,1993,15.30691
1134,MEX,1994,16.37316
1135,MEX,1995,22.10365
1136,MEX,1996,29.70253
1137,MEX,1997,35.82886
1138,MEX,1998,41.53582
1139,MEX,1999,48.4248
1140,MEX,2000,53.02106
1141,MEX,2001,56.3973
1142,MEX,2002,59.2345
1143,MEX,2003,61.92784
1144,MEX,2004,64.83127
1145,MEX,2005,67.41678
1146,MEX,2006,69.86364
1147,MEX,2007,72.63503
1148,MEX,2008,76.35756
1149,MEX,2009,80.4025
1150,MEX,2010,83.74461
1151,MEX,2011,86.5981
1152,MEX,2012,90.15859
1153,MEX,2013,93.59038
1154,MEX,2014,97.35142
1155,MEX,2015,100.0
1156,MEX,2016,102.8217
1157,MEX,2017,109.0336
1158,MEX,2018,114.3756
1159,MEX,2019,118.5342
1160,MEX,2020,122.5606
1161,MEX,2021,129.5334
1162,MEX,2022,139.7617
1163,NLD,1961,15.62817
1164,NLD,1962,16.00811
1165,NLD,1963,16.52736
1166,NLD,1964,17.48987
1167,NLD,1965,18.17338
1168,NLD,1966,19.22056
1169,NLD,1967,19.88469
1170,NLD,1968,20.62456
1171,NLD,1969,22.15527
1172,NLD,1970,22.96813
1173,NLD,1971,24.68562
1174,NLD,1972,26.61179
1175,NLD,1973,28.74664
1176,NLD,1974,31.50385
1177,NLD,1975,34.72275
1178,NLD,1976,37.78899
1179,NLD,1977,40.20722
1180,NLD,1978,41.86055
1181,NLD,1979,43.6184
1182,NLD,1980,46.45946
1183,NLD,1981,49.59033
1184,NLD,1982,52.52166
1185,NLD,1983,53.9612
1186,NLD,1984,55.74281
1187,NLD,1985,57.0018
1188,NLD,1986,57.04931
1189,NLD,1987,56.65498
1190,NLD,1988,57.07307
1191,NLD,1989,57.69069
1192,NLD,1990,59.10647
1193,NLD,1991,60.97317
1194,NLD,1992,62.9143
1195,NLD,1993,64.54012
1196,NLD,1994,66.34823
1197,NLD,1995,67.62425
1198,NLD,1996,68.9425
1199,NLD,1997,70.39667
1200,NLD,1998,71.77583
1201,NLD,1999,73.32417
1202,NLD,2000,75.055
1203,NLD,2001,78.17416
1204,NLD,2002,80.74416
1205,NLD,2003,82.43333
1206,NLD,2004,83.475
1207,NLD,2005,84.88416
1208,NLD,2006,85.81917
1209,NLD,2007,87.20417
1210,NLD,2008,89.3725
1211,NLD,2009,90.43584
1212,NLD,2010,91.58916
1213,NLD,2011,93.73333
1214,NLD,2012,96.035
1215,NLD,2013,98.4425
1216,NLD,2014,99.40334
1217,NLD,2015,100.0
1218,NLD,2016,100.3167
1219,NLD,2017,101.7025
1220,NLD,2018,103.435
1221,NLD,2019,106.1592
1222,NLD,2020,107.51
1223,NLD,2021,110.3867
1224,NLD,2022,121.4267
1225,NZL,1915,0.3558898
1226,NZL,1916,0.3841768
1227,NZL,1917,0.4216735
1228,NZL,1918,0.4736426
1229,NZL,1919,1.018989
1230,NZL,1920,1.158122
1231,NZL,1921,1.196277
1232,NZL,1922,1.065696
1233,NZL,1923,1.037738
1234,NZL,1924,1.060104
1235,NZL,1925,1.599531
1236,NZL,1926,2.142575
1237,NZL,1927,2.125142
1238,NZL,1928,2.126787
1239,NZL,1929,2.120752
1240,NZL,1930,2.078698
1241,NZL,1931,1.917333
1242,NZL,1932,1.767607
1243,NZL,1933,1.687189
1244,NZL,1934,1.710468
1245,NZL,1935,1.774485
1246,NZL,1936,1.824746
1247,NZL,1937,1.95278
1248,NZL,1938,2.009919
1249,NZL,1939,2.101977
1250,NZL,1940,2.189273
1251,NZL,1941,2.270749
1252,NZL,1942,2.344818
1253,NZL,1943,2.401957
1254,NZL,1944,2.443753
1255,NZL,1945,2.477084
1256,NZL,1946,2.49613
1257,NZL,1947,2.578136
1258,NZL,1948,2.77971
1259,NZL,1949,2.825747
1260,NZL,1950,2.986858
1261,NZL,1951,3.316084
1262,NZL,1952,3.573162
1263,NZL,1953,3.734973
1264,NZL,1954,3.907292
1265,NZL,1955,4.005359
1266,NZL,1956,4.144993
1267,NZL,1957,4.235146
1268,NZL,1958,4.423463
1269,NZL,1959,4.592749
1270,NZL,1960,4.624803
1271,NZL,1961,4.707943
1272,NZL,1962,4.834156
1273,NZL,1963,4.929317
1274,NZL,1964,5.100606
1275,NZL,1965,5.273898
1276,NZL,1966,5.419219
1277,NZL,1967,5.747457
1278,NZL,1968,5.995283
1279,NZL,1969,6.290565
1280,NZL,1970,6.700533
1281,NZL,1971,7.396555
1282,NZL,1972,7.909345
1283,NZL,1973,8.555275
1284,NZL,1974,9.505714
1285,NZL,1975,10.90162
1286,NZL,1976,12.74475
1287,NZL,1977,14.5779
1288,NZL,1978,16.32092
1289,NZL,1979,18.55682
1290,NZL,1980,21.73942
1291,NZL,1981,25.0808
1292,NZL,1982,29.13478
1293,NZL,1983,31.27359
1294,NZL,1984,33.20356
1295,NZL,1985,38.32277
1296,NZL,1986,43.38651
1297,NZL,1987,50.21741
1298,NZL,1988,53.4189
1299,NZL,1989,56.47232
1300,NZL,1990,59.91625
1301,NZL,1991,61.47551
1302,NZL,1992,62.09922
1303,NZL,1993,62.89919
1304,NZL,1994,63.99701
1305,NZL,1995,66.40006
1306,NZL,1996,67.91778
1307,NZL,1997,68.72406
1308,NZL,1998,69.59359
1309,NZL,1999,69.51407
1310,NZL,2000,71.33202
1311,NZL,2001,73.20507
1312,NZL,2002,75.16484
1313,NZL,2003,76.48291
1314,NZL,2004,78.23456
1315,NZL,2005,80.61056
1316,NZL,2006,83.32343
1317,NZL,2007,85.30331
1318,NZL,2008,88.68043
1319,NZL,2009,90.55659
1320,NZL,2010,92.64124
1321,NZL,2011,96.37273
1322,NZL,2012,97.3942
1323,NZL,2013,98.49906
1324,NZL,2014,99.70815
1325,NZL,2015,100.0
1326,NZL,2016,100.6462
1327,NZL,2017,102.509
1328,NZL,2018,104.1474
1329,NZL,2019,105.8342
1330,NZL,2020,107.6488
1331,NZL,2021,111.8913
1332,NZL,2022,119.9165
1333,NOR,1955,7.220892
1334,NOR,1956,7.495633
1335,NOR,1957,7.710647
1336,NOR,1958,8.098866
1337,NOR,1959,8.284018
1338,NOR,1960,8.313881
1339,NOR,1961,8.493059
1340,NOR,1962,8.941006
1341,NOR,1963,9.161992
1342,NOR,1964,9.699528
1343,NOR,1965,10.10567
1344,NOR,1966,10.43416
1345,NOR,1967,10.91197
1346,NOR,1968,11.28824
1347,NOR,1969,11.62271
1348,NOR,1970,12.85904
1349,NOR,1971,13.65937
1350,NOR,1972,14.65083
1351,NOR,1973,15.73784
1352,NOR,1974,17.21905
1353,NOR,1975,19.23182
1354,NOR,1976,20.99374
1355,NOR,1977,22.90498
1356,NOR,1978,24.77441
1357,NOR,1979,25.89167
1358,NOR,1980,28.70833
1359,NOR,1981,32.625
1360,NOR,1982,36.325
1361,NOR,1983,39.4
1362,NOR,1984,41.85
1363,NOR,1985,44.24166
1364,NOR,1986,47.41667
1365,NOR,1987,51.55
1366,NOR,1988,54.99166
1367,NOR,1989,57.49166
1368,NOR,1990,59.86666
1369,NOR,1991,61.925
1370,NOR,1992,63.36666
1371,NOR,1993,64.81667
1372,NOR,1994,65.70834
1373,NOR,1995,67.325
1374,NOR,1996,68.175
1375,NOR,1997,69.925
1376,NOR,1998,71.5
1377,NOR,1999,73.19167
1378,NOR,2000,75.45
1379,NOR,2001,77.71667
1380,NOR,2002,78.71667
1381,NOR,2003,80.675
1382,NOR,2004,81.04166
1383,NOR,2005,82.28333
1384,NOR,2006,84.2
1385,NOR,2007,84.8
1386,NOR,2008,87.98333
1387,NOR,2009,89.91666
1388,NOR,2010,92.09167
1389,NOR,2011,93.275
1390,NOR,2012,93.925
1391,NOR,2013,95.91666
1392,NOR,2014,97.875
1393,NOR,2015,100.0
1394,NOR,2016,103.55
1395,NOR,2017,105.4917
1396,NOR,2018,108.4083
1397,NOR,2019,110.7583
1398,NOR,2020,112.1833
1399,NOR,2021,116.0917
1400,NOR,2022,122.7833
1401,POL,1989,0.9670638
1402,POL,1990,6.458814
1403,POL,1991,11.41721
1404,POL,1992,16.68039
1405,POL,1993,22.84615
1406,POL,1994,30.38339
1407,POL,1995,38.87597
1408,POL,1996,46.57145
1409,POL,1997,53.51672
1410,POL,1998,59.72351
1411,POL,1999,63.99618
1412,POL,2000,70.33191
1413,POL,2001,74.1357
1414,POL,2002,75.54819
1415,POL,2003,76.06396
1416,POL,2004,78.63694
1417,POL,2005,80.35421
1418,POL,2006,81.38651
1419,POL,2007,83.3876
1420,POL,2008,86.86067
1421,POL,2009,90.15737
1422,POL,2010,92.48406
1423,POL,2011,96.40483
1424,POL,2012,99.8372
1425,POL,2013,100.8276
1426,POL,2014,100.8818
1427,POL,2015,100.0
1428,POL,2016,99.33524
1429,POL,2017,101.3974
1430,POL,2018,103.2357
1431,POL,2019,105.5352
1432,POL,2020,109.0965
1433,POL,2021,114.6113
1434,POL,2022,131.1491
1435,PRT,1955,0.9979303
1436,PRT,1956,1.029859
1437,PRT,1957,1.044506
1438,PRT,1958,1.061211
1439,PRT,1959,1.07232
1440,PRT,1960,1.10499
1441,PRT,1961,1.122106
1442,PRT,1962,1.151977
1443,PRT,1963,1.175265
1444,PRT,1964,1.215752
1445,PRT,1965,1.257391
1446,PRT,1966,1.320754
1447,PRT,1967,1.393745
1448,PRT,1968,1.478504
1449,PRT,1969,1.608357
1450,PRT,1970,1.710973
1451,PRT,1971,1.915381
1452,PRT,1972,2.119625
1453,PRT,1973,2.394638
1454,PRT,1974,2.99528
1455,PRT,1975,3.45271
1456,PRT,1976,4.182678
1457,PRT,1977,5.480009
1458,PRT,1978,6.632935
1459,PRT,1979,8.085497
1460,PRT,1980,9.368462
1461,PRT,1981,11.15226
1462,PRT,1982,13.56998
1463,PRT,1983,16.82715
1464,PRT,1984,21.60348
1465,PRT,1985,25.80782
1466,PRT,1986,28.99027
1467,PRT,1987,31.78344
1468,PRT,1988,34.99408
1469,PRT,1989,39.43354
1470,PRT,1990,44.80856
1471,PRT,1991,50.11814
1472,PRT,1992,54.90906
1473,PRT,1993,58.63397
1474,PRT,1994,61.81219
1475,PRT,1995,64.4224
1476,PRT,1996,66.39951
1477,PRT,1997,67.95118
1478,PRT,1998,69.69939
1479,PRT,1999,71.33043
1480,PRT,2000,73.36551
1481,PRT,2001,76.57151
1482,PRT,2002,79.32835
1483,PRT,2003,81.88192
1484,PRT,2004,83.81873
1485,PRT,2005,85.72741
1486,PRT,2006,88.39153
1487,PRT,2007,90.56063
1488,PRT,2008,92.9048
1489,PRT,2009,92.12856
1490,PRT,2010,93.42072
1491,PRT,2011,96.83339
1492,PRT,2012,99.51891
1493,PRT,2013,99.79201
1494,PRT,2014,99.51443
1495,PRT,2015,100.0
1496,PRT,2016,100.6074
1497,PRT,2017,101.9843
1498,PRT,2018,102.9978
1499,PRT,2019,103.3461
1500,PRT,2020,103.3332
1501,PRT,2021,104.6411
1502,PRT,2022,112.8373
1503,SVK,1991,24.02011
1504,SVK,1992,26.39654
1505,SVK,1993,32.54351
1506,SVK,1994,36.90939
1507,SVK,1995,40.54168
1508,SVK,1996,42.8833
1509,SVK,1997,45.51719
1510,SVK,1998,48.5512
1511,SVK,1999,53.68328
1512,SVK,2000,60.14448
1513,SVK,2001,64.55285
1514,SVK,2002,66.5715
1515,SVK,2003,72.26612
1516,SVK,2004,77.72113
1517,SVK,2005,79.82666
1518,SVK,2006,83.40556
1519,SVK,2007,85.70482
1520,SVK,2008,89.64568
1521,SVK,2009,91.09355
1522,SVK,2010,91.96533
1523,SVK,2011,95.56972
1524,SVK,2012,99.01606
1525,SVK,2013,100.4028
1526,SVK,2014,100.3263
1527,SVK,2015,100.0
1528,SVK,2016,99.47999
1529,SVK,2017,100.7851
1530,SVK,2018,103.3189
1531,SVK,2019,106.0719
1532,SVK,2020,108.1264
1533,SVK,2021,111.532
1534,SVK,2022,125.7793
1535,ESP,1955,1.859507
1536,ESP,1956,1.968337
1537,ESP,1957,2.180376
1538,ESP,1958,2.472087
1539,ESP,1959,2.652791
1540,ESP,1960,2.684035
1541,ESP,1961,2.705755
1542,ESP,1962,2.860159
1543,ESP,1963,3.110242
1544,ESP,1964,3.327314
1545,ESP,1965,3.76699
1546,ESP,1966,4.002064
1547,ESP,1967,4.257861
1548,ESP,1968,4.468811
1549,ESP,1969,4.565353
1550,ESP,1970,4.827
1551,ESP,1971,5.224594
1552,ESP,1972,5.656788
1553,ESP,1973,6.302607
1554,ESP,1974,7.290879
1555,ESP,1975,8.526922
1556,ESP,1976,10.02978
1557,ESP,1977,12.4909
1558,ESP,1978,14.96081
1559,ESP,1979,17.3037
1560,ESP,1980,19.99649
1561,ESP,1981,22.90585
1562,ESP,1982,26.20772
1563,ESP,1983,29.39827
1564,ESP,1984,32.71448
1565,ESP,1985,35.59808
1566,ESP,1986,38.72891
1567,ESP,1987,40.76141
1568,ESP,1988,42.73315
1569,ESP,1989,45.63535
1570,ESP,1990,48.70287
1571,ESP,1991,51.593
1572,ESP,1992,54.64965
1573,ESP,1993,57.14663
1574,ESP,1994,59.84304
1575,ESP,1995,62.63999
1576,ESP,1996,64.86925
1577,ESP,1997,66.14787
1578,ESP,1998,67.36124
1579,ESP,1999,68.91752
1580,ESP,2000,71.28381
1581,ESP,2001,73.84278
1582,ESP,2002,76.10655
1583,ESP,2003,78.41934
1584,ESP,2004,80.8027
1585,ESP,2005,83.5248
1586,ESP,2006,86.46117
1587,ESP,2007,88.87067
1588,ESP,2008,92.49245
1589,ESP,2009,92.22625
1590,ESP,2010,93.8862
1591,ESP,2011,96.88689
1592,ESP,2012,99.25687
1593,ESP,2013,100.655
1594,ESP,2014,100.5029
1595,ESP,2015,100.0
1596,ESP,2016,99.7974
1597,ESP,2017,101.7495
1598,ESP,2018,103.4538
1599,ESP,2019,104.1775
1600,ESP,2020,103.8412
1601,ESP,2021,107.0532
1602,ESP,2022,116.0356
1603,SWE,1955,7.410897
1604,SWE,1956,7.777129
1605,SWE,1957,8.113137
1606,SWE,1958,8.469589
1607,SWE,1959,8.537676
1608,SWE,1960,8.891288
1609,SWE,1961,9.083159
1610,SWE,1962,9.516081
1611,SWE,1963,9.789358
1612,SWE,1964,10.12099
1613,SWE,1965,10.62833
1614,SWE,1966,11.30905
1615,SWE,1967,11.79414
1616,SWE,1968,12.02331
1617,SWE,1969,12.34698
1618,SWE,1970,13.21329
1619,SWE,1971,14.19048
1620,SWE,1972,15.04296
1621,SWE,1973,16.05354
1622,SWE,1974,17.64473
1623,SWE,1975,19.37036
1624,SWE,1976,21.35567
1625,SWE,1977,23.79914
1626,SWE,1978,26.17793
1627,SWE,1979,28.0653
1628,SWE,1980,31.91203
1629,SWE,1981,35.77464
1630,SWE,1982,38.84739
1631,SWE,1983,42.29432
1632,SWE,1984,45.69658
1633,SWE,1985,49.0656
1634,SWE,1986,51.14397
1635,SWE,1987,53.28617
1636,SWE,1988,56.39004
1637,SWE,1989,60.0234
1638,SWE,1990,66.24576
1639,SWE,1991,72.50243
1640,SWE,1992,74.2239
1641,SWE,1993,77.73334
1642,SWE,1994,79.41093
1643,SWE,1995,81.36058
1644,SWE,1996,81.79434
1645,SWE,1997,82.33289
1646,SWE,1998,82.11295
1647,SWE,1999,82.49245
1648,SWE,2000,83.23418
1649,SWE,2001,85.23676
1650,SWE,2002,87.07658
1651,SWE,2003,88.75337
1652,SWE,2004,89.08501
1653,SWE,2005,89.48872
1654,SWE,2006,90.70596
1655,SWE,2007,92.71252
1656,SWE,2008,95.8991
1657,SWE,2009,95.42492
1658,SWE,2010,96.52992
1659,SWE,2011,99.38832
1660,SWE,2012,100.2713
1661,SWE,2013,100.2269
1662,SWE,2014,100.0468
1663,SWE,2015,100.0
1664,SWE,2016,100.9843
1665,SWE,2017,102.7964
1666,SWE,2018,104.8046
1667,SWE,2019,106.6745
1668,SWE,2020,107.205
1669,SWE,2021,109.5241
1670,SWE,2022,118.6905
1671,CHE,1955,23.05194
1672,CHE,1956,23.40031
1673,CHE,1957,23.85998
1674,CHE,1958,24.29939
1675,CHE,1959,24.14155
1676,CHE,1960,24.4889
1677,CHE,1961,24.94082
1678,CHE,1962,26.01727
1679,CHE,1963,26.91232
1680,CHE,1964,27.74136
1681,CHE,1965,28.68859
1682,CHE,1966,30.05875
1683,CHE,1967,31.26266
1684,CHE,1968,32.01166
1685,CHE,1969,32.80844
1686,CHE,1970,33.99479
1687,CHE,1971,36.22934
1688,CHE,1972,38.64222
1689,CHE,1973,42.02522
1690,CHE,1974,46.12999
1691,CHE,1975,49.21913
1692,CHE,1976,50.06347
1693,CHE,1977,50.7123
1694,CHE,1978,51.23402
1695,CHE,1979,53.10286
1696,CHE,1980,55.23891
1697,CHE,1981,58.82409
1698,CHE,1982,62.15065
1699,CHE,1983,63.98397
1700,CHE,1984,65.85963
1701,CHE,1985,68.12218
1702,CHE,1986,68.6333
1703,CHE,1987,69.62184
1704,CHE,1988,70.92549
1705,CHE,1989,73.16338
1706,CHE,1990,77.1171
1707,CHE,1991,81.63585
1708,CHE,1992,84.93152
1709,CHE,1993,87.72799
1710,CHE,1994,88.47553
1711,CHE,1995,90.06794
1712,CHE,1996,90.79897
1713,CHE,1997,91.27132
1714,CHE,1998,91.2877
1715,CHE,1999,92.02388
1716,CHE,2000,93.4581
1717,CHE,2001,94.38242
1718,CHE,2002,94.98903
1719,CHE,2003,95.59531
1720,CHE,2004,96.36285
1721,CHE,2005,97.49219
1722,CHE,2006,98.52512
1723,CHE,2007,99.24667
1724,CHE,2008,101.6544
1725,CHE,2009,101.166
1726,CHE,2010,101.8623
1727,CHE,2011,102.0979
1728,CHE,2012,101.3908
1729,CHE,2013,101.1705
1730,CHE,2014,101.1571
1731,CHE,2015,100.0
1732,CHE,2016,99.56538
1733,CHE,2017,100.0968
1734,CHE,2018,101.0341
1735,CHE,2019,101.4007
1736,CHE,2020,100.6647
1737,CHE,2021,101.2504
1738,CHE,2022,104.1208
1739,TUR,1955,1.920915e-05
1740,TUR,1956,2.199758e-05
1741,TUR,1957,2.4557e-05
1742,TUR,1958,2.760137e-05
1743,TUR,1959,3.495635e-05
1744,TUR,1960,3.693653e-05
1745,TUR,1961,3.810848e-05
1746,TUR,1962,3.959025e-05
1747,TUR,1963,4.210926e-05
1748,TUR,1964,4.258073e-05
1749,TUR,1965,4.452051e-05
1750,TUR,1966,4.829229e-05
1751,TUR,1967,5.504109e-05
1752,TUR,1968,5.836901e-05
1753,TUR,1969,6.124321e-05
1754,TUR,1970,6.609609e-05
1755,TUR,1971,7.866188e-05
1756,TUR,1972,9.078876e-05
1757,TUR,1973,0.000103443
1758,TUR,1974,0.000128164
1759,TUR,1975,0.0001553699
1760,TUR,1976,0.0001824908
1761,TUR,1977,0.0002299116
1762,TUR,1978,0.0003722201
1763,TUR,1979,0.0006087403
1764,TUR,1980,0.001182544
1765,TUR,1981,0.001627355
1766,TUR,1982,0.002101526
1767,TUR,1983,0.002761201
1768,TUR,1984,0.004097411
1769,TUR,1985,0.005939677
1770,TUR,1986,0.007995404
1771,TUR,1987,0.01110209
1772,TUR,1988,0.01874139
1773,TUR,1989,0.03059955
1774,TUR,1990,0.04905226
1775,TUR,1991,0.08141624
1776,TUR,1992,0.1384696
1777,TUR,1993,0.2299894
1778,TUR,1994,0.4719728
1779,TUR,1995,0.8925634
1780,TUR,1996,1.610293
1781,TUR,1997,2.98982
1782,TUR,1998,5.520444
1783,TUR,1999,9.101418
1784,TUR,2000,14.0995
1785,TUR,2001,21.76965
1786,TUR,2002,31.55818
1787,TUR,2003,38.37551
1788,TUR,2004,41.67514
1789,TUR,2005,45.08382
1790,TUR,2006,49.41062
1791,TUR,2007,53.7371
1792,TUR,2008,59.34948
1793,TUR,2009,63.0594
1794,TUR,2010,68.46135
1795,TUR,2011,72.89208
1796,TUR,2012,79.37334
1797,TUR,2013,85.32085
1798,TUR,2014,92.87565
1799,TUR,2015,100.0
1800,TUR,2016,107.7751
1801,TUR,2017,119.7859
1802,TUR,2018,139.3499
1803,TUR,2019,160.4988
1804,TUR,2020,180.2064
1805,TUR,2021,215.5205
1806,TUR,2022,371.3609
1807,GBR,1955,4.963509
1808,GBR,1956,5.210714
1809,GBR,1957,5.403058
1810,GBR,1958,5.564762
1811,GBR,1959,5.597103
1812,GBR,1960,5.653274
1813,GBR,1961,5.848171
1814,GBR,1962,6.093589
1815,GBR,1963,6.216591
1816,GBR,1964,6.420594
1817,GBR,1965,6.727098
1818,GBR,1966,6.990102
1819,GBR,1967,7.163605
1820,GBR,1968,7.50011
1821,GBR,1969,7.908616
1822,GBR,1970,8.412123
1823,GBR,1971,9.206635
1824,GBR,1972,9.857644
1825,GBR,1973,10.76416
1826,GBR,1974,12.49116
1827,GBR,1975,15.51493
1828,GBR,1976,18.08413
1829,GBR,1977,20.9487
1830,GBR,1978,22.67972
1831,GBR,1979,25.72363
1832,GBR,1980,30.34512
1833,GBR,1981,33.9491
1834,GBR,1982,36.86834
1835,GBR,1983,38.56771
1836,GBR,1984,40.48094
1837,GBR,1985,42.9387
1838,GBR,1986,44.41047
1839,GBR,1987,46.25303
1840,GBR,1988,48.2
1841,GBR,1989,51.0
1842,GBR,1990,55.1
1843,GBR,1991,59.2
1844,GBR,1992,61.9
1845,GBR,1993,63.5
1846,GBR,1994,64.9
1847,GBR,1995,66.6
1848,GBR,1996,68.5
1849,GBR,1997,70.0
1850,GBR,1998,71.3
1851,GBR,1999,72.6
1852,GBR,2000,73.4
1853,GBR,2001,74.6
1854,GBR,2002,75.7
1855,GBR,2003,76.7
1856,GBR,2004,77.8
1857,GBR,2005,79.4
1858,GBR,2006,81.4
1859,GBR,2007,83.3
1860,GBR,2008,86.2
1861,GBR,2009,87.9
1862,GBR,2010,90.1
1863,GBR,2011,93.6
1864,GBR,2012,96.0
1865,GBR,2013,98.2
1866,GBR,2014,99.6
1867,GBR,2015,100.0
1868,GBR,2016,101.0
1869,GBR,2017,103.6
1870,GBR,2018,106.0
1871,GBR,2019,107.8
1872,GBR,2020,108.9
1873,GBR,2021,111.6
1874,GBR,2022,120.5
1875,USA,1955,11.29666
1876,USA,1956,11.46894
1877,USA,1957,11.85217
1878,USA,1958,12.17564
1879,USA,1959,12.2987
1880,USA,1960,12.47801
1881,USA,1961,12.61161
1882,USA,1962,12.7628
1883,USA,1963,12.92101
1884,USA,1964,13.08626
1885,USA,1965,13.2937
1886,USA,1966,13.69452
1887,USA,1967,14.07424
1888,USA,1968,14.67546
1889,USA,1969,15.47709
1890,USA,1970,16.38068
1891,USA,1971,17.08387
1892,USA,1972,17.6429
1893,USA,1973,18.73283
1894,USA,1974,20.80371
1895,USA,1975,22.70583
1896,USA,1976,24.01023
1897,USA,1977,25.5713
1898,USA,1978,27.52264
1899,USA,1979,30.62017
1900,USA,1980,34.76896
1901,USA,1981,38.36223
1902,USA,1982,40.71438
1903,USA,1983,42.0223
1904,USA,1984,43.82949
1905,USA,1985,45.38352
1906,USA,1986,46.24493
1907,USA,1987,47.9396
1908,USA,1988,49.89445
1909,USA,1989,52.30286
1910,USA,1990,55.12614
1911,USA,1991,57.46072
1912,USA,1992,59.2011
1913,USA,1993,60.94851
1914,USA,1994,62.53771
1915,USA,1995,64.29215
1916,USA,1996,66.17669
1917,USA,1997,67.72369
1918,USA,1998,68.77496
1919,USA,1999,70.27977
1920,USA,2000,72.65302
1921,USA,2001,74.70631
1922,USA,2002,75.89118
1923,USA,2003,77.61398
1924,USA,2004,79.69189
1925,USA,2005,82.39564
1926,USA,2006,85.05367
1927,USA,2007,87.47998
1928,USA,2008,90.83842
1929,USA,2009,90.51545
1930,USA,2010,91.99994
1931,USA,2011,94.90424
1932,USA,2012,96.86812
1933,USA,2013,98.28708
1934,USA,2014,99.88152
1935,USA,2015,100.0
1936,USA,2016,101.2616
1937,USA,2017,103.4186
1938,USA,2018,105.9446
1939,USA,2019,107.8646
1940,USA,2020,109.1952
1941,USA,2021,114.325
1942,USA,2022,123.4742
1943,BRA,1980,2.581166e-10
1944,BRA,1981,5.206859e-10
1945,BRA,1982,1.044201e-09
1946,BRA,1983,2.454162e-09
1947,BRA,1984,7.169139e-09
1948,BRA,1985,2.337065e-08
1949,BRA,1986,5.775889e-08
1950,BRA,1987,1.896433e-07
1951,BRA,1988,1.382717e-06
1952,BRA,1989,2.116558e-05
1953,BRA,1990,0.0006450703
1954,BRA,1991,0.003436848
1955,BRA,1992,0.03615434
1956,BRA,1993,0.7329861
1957,BRA,1994,15.94896
1958,BRA,1995,26.47639
1959,BRA,1996,30.64846
1960,BRA,1997,32.77139
1961,BRA,1998,33.81846
1962,BRA,1999,35.46151
1963,BRA,2000,37.95947
1964,BRA,2001,40.55603
1965,BRA,2002,43.98309
1966,BRA,2003,50.45516
1967,BRA,2004,53.78378
1968,BRA,2005,57.47848
1969,BRA,2006,59.88313
1970,BRA,2007,62.06364
1971,BRA,2008,65.58797
1972,BRA,2009,68.79394
1973,BRA,2010,72.26028
1974,BRA,2011,77.05579
1975,BRA,2012,81.21951
1976,BRA,2013,86.25861
1977,BRA,2014,91.71796
1978,BRA,2015,100.0
1979,BRA,2016,108.7391
1980,BRA,2017,112.4867
1981,BRA,2018,116.6092
1982,BRA,2019,120.9622
1983,BRA,2020,124.8472
1984,BRA,2021,135.2116
1985,BRA,2022,147.7594
1986,CHL,1970,0.0009499446
1987,CHL,1971,0.00114043
1988,CHL,1972,0.002027635
1989,CHL,1973,0.009181356
1990,CHL,1974,0.0555232
1991,CHL,1975,0.2635882
1992,CHL,1976,0.8221957
1993,CHL,1977,1.578239
1994,CHL,1978,2.210911
1995,CHL,1979,2.949116
1996,CHL,1980,3.985387
1997,CHL,1981,4.769983
1998,CHL,1982,5.244169
1999,CHL,1983,6.673582
2000,CHL,1984,7.998969
2001,CHL,1985,10.45493
2002,CHL,1986,12.49123
2003,CHL,1987,14.97458
2004,CHL,1988,17.1735
2005,CHL,1989,20.0978
2006,CHL,1990,25.33056
2007,CHL,1991,30.84867
2008,CHL,1992,35.60733
2009,CHL,1993,40.13934
2010,CHL,1994,44.73254
2011,CHL,1995,48.4152
2012,CHL,1996,51.97813
2013,CHL,1997,55.1664
2014,CHL,1998,57.98554
2015,CHL,1999,59.92045
2016,CHL,2000,62.22335
2017,CHL,2001,64.44417
2018,CHL,2002,66.04844
2019,CHL,2003,67.90452
2020,CHL,2004,68.62074
2021,CHL,2005,70.71543
2022,CHL,2006,73.11411
2023,CHL,2007,76.33684
2024,CHL,2008,82.99056
2025,CHL,2009,83.28355
2026,CHL,2010,84.45845
2027,CHL,2011,87.28039
2028,CHL,2012,89.9053
2029,CHL,2013,91.51421
2030,CHL,2014,95.83247
2031,CHL,2015,100.0
2032,CHL,2016,103.7862
2033,CHL,2017,106.0516
2034,CHL,2018,108.6338
2035,CHL,2019,111.4121
2036,CHL,2020,114.8052
2037,CHL,2021,119.9996
2038,CHL,2022,133.9722
2039,CHN,1993,44.41862
2040,CHN,1994,55.19324
2041,CHN,1995,64.46086
2042,CHN,1996,69.81959
2043,CHN,1997,71.76509
2044,CHN,1998,71.21021
2045,CHN,1999,70.21222
2046,CHN,2000,70.45643
2047,CHN,2001,70.9631
2048,CHN,2002,70.44366
2049,CHN,2003,71.23799
2050,CHN,2004,73.96259
2051,CHN,2005,75.27647
2052,CHN,2006,76.5181
2053,CHN,2007,80.2038
2054,CHN,2008,84.95608
2055,CHN,2009,84.33746
2056,CHN,2010,87.01545
2057,CHN,2011,91.8482
2058,CHN,2012,94.25418
2059,CHN,2013,96.72463
2060,CHN,2014,98.58334
2061,CHN,2015,100.0
2062,CHN,2016,102.0
2063,CHN,2017,103.625
2064,CHN,2018,105.775
2065,CHN,2019,108.8417
2066,CHN,2020,111.475
2067,CHN,2021,112.5686
2068,CHN,2022,114.7902
2069,COL,1970,0.1366455
2070,COL,1971,0.1529613
2071,COL,1972,0.1719965
2072,COL,1973,0.2107467
2073,COL,1974,0.261054
2074,COL,1975,0.3222385
2075,COL,1976,0.3861424
2076,COL,1977,0.5166694
2077,COL,1978,0.6084462
2078,COL,1979,0.7552891
2079,COL,1980,0.9558384
2080,COL,1981,1.218252
2081,COL,1982,1.519416
2082,COL,1983,1.817181
2083,COL,1984,2.110866
2084,COL,1985,2.619378
2085,COL,1986,3.112933
2086,COL,1987,3.83831
2087,COL,1988,4.917197
2088,COL,1989,6.189156
2089,COL,1990,7.993419
2090,COL,1991,10.42245
2091,COL,1992,13.23761
2092,COL,1993,16.20846
2093,COL,1994,19.91149
2094,COL,1995,24.07135
2095,COL,1996,29.07761
2096,COL,1997,34.44825
2097,COL,1998,40.88214
2098,COL,1999,45.32754
2099,COL,2000,49.50916
2100,COL,2001,53.45285
2101,COL,2002,56.84791
2102,COL,2003,60.90104
2103,COL,2004,64.49666
2104,COL,2005,67.75439
2105,COL,2006,70.66338
2106,COL,2007,74.58122
2107,COL,2008,79.79958
2108,COL,2009,83.15318
2109,COL,2010,85.04242
2110,COL,2011,87.94665
2111,COL,2012,90.73394
2112,COL,2013,92.56404
2113,COL,2014,95.24732
2114,COL,2015,100.0
2115,COL,2016,107.5135
2116,COL,2017,112.1519
2117,COL,2018,115.7863
2118,COL,2019,119.8655
2119,COL,2020,122.894
2120,COL,2021,127.1892
2121,COL,2022,140.1336
2122,CRI,1976,0.5069763
2123,CRI,1977,0.5282198
2124,CRI,1978,0.5599506
2125,CRI,1979,0.6114013
2126,CRI,1980,0.7222799
2127,CRI,1981,0.9899304
2128,CRI,1982,1.882069
2129,CRI,1983,2.496069
2130,CRI,1984,2.794286
2131,CRI,1985,3.215033
2132,CRI,1986,3.595534
2133,CRI,1987,4.201109
2134,CRI,1988,5.076306
2135,CRI,1989,5.914395
2136,CRI,1990,7.040481
2137,CRI,1991,9.061753
2138,CRI,1992,11.03642
2139,CRI,1993,12.11562
2140,CRI,1994,13.75541
2141,CRI,1995,16.94481
2142,CRI,1996,19.91209
2143,CRI,1997,22.55005
2144,CRI,1998,25.17923
2145,CRI,1999,27.70855
2146,CRI,2000,30.74584
2147,CRI,2001,34.20647
2148,CRI,2002,37.34235
2149,CRI,2003,40.8703
2150,CRI,2004,45.9034
2151,CRI,2005,52.23729
2152,CRI,2006,58.22922
2153,CRI,2007,63.67787
2154,CRI,2008,72.22629
2155,CRI,2009,77.89078
2156,CRI,2010,82.30154
2157,CRI,2011,86.31621
2158,CRI,2012,90.19652
2159,CRI,2013,94.915
2160,CRI,2014,99.2044
2161,CRI,2015,100.0
2162,CRI,2016,99.98252
2163,CRI,2017,101.6081
2164,CRI,2018,103.865
2165,CRI,2019,106.042
2166,CRI,2020,106.8107
2167,CRI,2021,108.6548
2168,EST,1998,55.47913
2169,EST,1999,57.30778
2170,EST,2000,59.61068
2171,EST,2001,63.03727
2172,EST,2002,65.28891
2173,EST,2003,66.16051
2174,EST,2004,68.17715
2175,EST,2005,70.95859
2176,EST,2006,74.10746
2177,EST,2007,78.99954
2178,EST,2008,87.18575
2179,EST,2009,87.11739
2180,EST,2010,89.70656
2181,EST,2011,94.17565
2182,EST,2012,97.87996
2183,EST,2013,100.6016
2184,EST,2014,100.4948
2185,EST,2015,100.0
2186,EST,2016,100.1487
2187,EST,2017,103.571
2188,EST,2018,107.13
2189,EST,2019,109.5697
2190,EST,2020,109.0826
2191,EST,2021,114.1584
2192,EST,2022,136.3031
2193,IND,1957,1.525411
2194,IND,1958,1.598252
2195,IND,1959,1.671093
2196,IND,1960,1.700837
2197,IND,1961,1.729669
2198,IND,1962,1.792495
2199,IND,1963,1.845304
2200,IND,1964,2.09175
2201,IND,1965,2.289938
2202,IND,1966,2.537294
2203,IND,1967,2.86872
2204,IND,1968,2.961592
2205,IND,1969,2.944293
2206,IND,1970,3.094223
2207,IND,1971,3.189524
2208,IND,1972,3.394996
2209,IND,1973,3.970136
2210,IND,1974,5.105545
2211,IND,1975,5.399033
2212,IND,1976,4.986875
2213,IND,1977,5.401158
2214,IND,1978,5.537431
2215,IND,1979,5.884943
2216,IND,1980,6.552652
2217,IND,1981,7.411872
2218,IND,1982,7.996724
2219,IND,1983,8.945781
2220,IND,1984,9.689973
2221,IND,1985,10.22839
2222,IND,1986,11.1213
2223,IND,1987,12.1001
2224,IND,1988,13.23551
2225,IND,1989,14.17182
2226,IND,1990,15.44321
2227,IND,1991,17.58522
2228,IND,1992,19.65814
2229,IND,1993,20.90189
2230,IND,1994,23.0439
2231,IND,1995,25.40011
2232,IND,1996,27.68032
2233,IND,1997,29.6634
2234,IND,1998,33.58812
2235,IND,1999,35.15663
2236,IND,2000,36.56621
2237,IND,2001,37.94815
2238,IND,2002,39.57885
2239,IND,2003,41.08516
2240,IND,2004,42.63294
2241,IND,2005,44.44328
2242,IND,2006,47.01944
2243,IND,2007,50.01594
2244,IND,2008,54.1919
2245,IND,2009,60.08926
2246,IND,2010,67.29359
2247,IND,2011,73.2547
2248,IND,2012,80.07651
2249,IND,2013,88.81097
2250,IND,2014,94.4533
2251,IND,2015,100.0
2252,IND,2016,104.941
2253,IND,2017,107.555
2254,IND,2018,112.7829
2255,IND,2019,121.4217
2256,IND,2020,128.1744
2257,IND,2021,134.4423
2258,IND,2022,142.3749
2259,IDN,1968,0.6727341
2260,IDN,1969,0.7768726
2261,IDN,1970,0.8732006
2262,IDN,1971,0.9101698
2263,IDN,1972,0.9695287
2264,IDN,1973,1.270489
2265,IDN,1974,1.784932
2266,IDN,1975,2.127027
2267,IDN,1976,2.548788
2268,IDN,1977,2.830482
2269,IDN,1978,3.060107
2270,IDN,1979,3.556848
2271,IDN,1980,4.19834
2272,IDN,1981,4.713305
2273,IDN,1982,5.158496
2274,IDN,1983,5.767186
2275,IDN,1984,6.370147
2276,IDN,1985,6.671107
2277,IDN,1986,7.059543
2278,IDN,1987,7.714574
2279,IDN,1988,8.335238
2280,IDN,1989,8.869989
2281,IDN,1990,9.563551
2282,IDN,1991,10.46435
2283,IDN,1992,11.25164
2284,IDN,1993,12.33988
2285,IDN,1994,13.39272
2286,IDN,1995,14.65436
2287,IDN,1996,15.82279
2288,IDN,1997,16.80794
2289,IDN,1998,26.63236
2290,IDN,1999,32.08609
2291,IDN,2000,33.26962
2292,IDN,2001,37.09566
2293,IDN,2002,41.51009
2294,IDN,2003,44.31506
2295,IDN,2004,47.00235
2296,IDN,2005,51.9156
2297,IDN,2006,58.72105
2298,IDN,2007,62.48305
2299,IDN,2008,68.87299
2300,IDN,2009,71.89404
2301,IDN,2010,75.58522
2302,IDN,2011,79.63361
2303,IDN,2012,83.04153
2304,IDN,2013,88.36657
2305,IDN,2014,94.01755
2306,IDN,2015,100.0
2307,IDN,2016,103.5258
2308,IDN,2017,107.4689
2309,IDN,2018,110.9061
2310,IDN,2019,114.2672
2311,IDN,2020,116.4623
2312,IDN,2021,118.2792
2313,IDN,2022,123.2581
2314,ISR,1970,0.001430831
2315,ISR,1971,0.001602139
2316,ISR,1972,0.001808518
2317,ISR,1973,0.002170807
2318,ISR,1974,0.003032182
2319,ISR,1975,0.004224034
2320,ISR,1976,0.005546615
2321,ISR,1977,0.007466671
2322,ISR,1978,0.01124114
2323,ISR,1979,0.02004409
2324,ISR,1980,0.04630685
2325,ISR,1981,0.1003933
2326,ISR,1982,0.221231
2327,ISR,1983,0.5441209
2328,ISR,1984,2.574865
2329,ISR,1985,10.52587
2330,ISR,1986,15.5746
2331,ISR,1987,18.54839
2332,ISR,1988,21.59778
2333,ISR,1989,25.98286
2334,ISR,1990,30.46875
2335,ISR,1991,36.26512
2336,ISR,1992,40.625
2337,ISR,1993,45.08569
2338,ISR,1994,50.62164
2339,ISR,1995,55.65356
2340,ISR,1996,61.99597
2341,ISR,1997,67.54872
2342,ISR,1998,71.26176
2343,ISR,1999,74.9496
2344,ISR,2000,75.73925
2345,ISR,2001,76.6129
2346,ISR,2002,81.02319
2347,ISR,2003,81.61122
2348,ISR,2004,81.2752
2349,ISR,2005,82.34207
2350,ISR,2006,84.03898
2351,ISR,2007,84.4254
2352,ISR,2008,88.27285
2353,ISR,2009,91.22144
2354,ISR,2010,93.6996
2355,ISR,2011,96.95901
2356,ISR,2012,98.59711
2357,ISR,2013,100.1512
2358,ISR,2014,100.6384
2359,ISR,2015,100.0
2360,ISR,2016,99.45396
2361,ISR,2017,99.69758
2362,ISR,2018,100.5124
2363,ISR,2019,101.3609
2364,ISR,2020,100.7645
2365,ISR,2021,102.2681
2366,ISR,2022,106.7624
2367,LVA,1991,1.050715
2368,LVA,1992,11.05033
2369,LVA,1993,23.09404
2370,LVA,1994,31.39051
2371,LVA,1995,39.23058
2372,LVA,1996,46.13927
2373,LVA,1997,50.03683
2374,LVA,1998,52.36065
2375,LVA,1999,53.59888
2376,LVA,2000,55.02153
2377,LVA,2001,56.38994
2378,LVA,2002,57.48327
2379,LVA,2003,59.1748
2380,LVA,2004,62.83913
2381,LVA,2005,67.0798
2382,LVA,2006,71.46426
2383,LVA,2007,78.67714
2384,LVA,2008,90.79524
2385,LVA,2009,94.00404
2386,LVA,2010,92.98444
2387,LVA,2011,97.04855
2388,LVA,2012,99.2397
2389,LVA,2013,99.21047
2390,LVA,2014,99.82607
2391,LVA,2015,100.0
2392,LVA,2016,100.1406
2393,LVA,2017,103.0751
2394,LVA,2018,105.6875
2395,LVA,2019,108.6588
2396,LVA,2020,108.8969
2397,LVA,2021,112.4641
2398,LVA,2022,131.932
2399,LTU,1991,0.3464583
2400,LTU,1992,3.882483
2401,LTU,1993,19.81821
2402,LTU,1994,34.13779
2403,LTU,1995,47.67262
2404,LTU,1996,59.41209
2405,LTU,1997,64.68851
2406,LTU,1998,67.96664
2407,LTU,1999,68.46113
2408,LTU,2000,69.13315
2409,LTU,2001,70.07829
2410,LTU,2002,70.27556
2411,LTU,2003,69.47842
2412,LTU,2004,70.28722
2413,LTU,2005,72.15579
2414,LTU,2006,74.85378
2415,LTU,2007,79.14828
2416,LTU,2008,87.79592
2417,LTU,2009,91.70551
2418,LTU,2010,92.91531
2419,LTU,2011,96.75297
2420,LTU,2012,99.74261
2421,LTU,2013,100.7874
2422,LTU,2014,100.892
2423,LTU,2015,99.99999
2424,LTU,2016,100.9055
2425,LTU,2017,104.6621
2426,LTU,2018,107.4858
2427,LTU,2019,109.9951
2428,LTU,2020,111.3149
2429,LTU,2021,116.5284
2430,LTU,2022,139.4904
2431,RUS,1992,0.03536987
2432,RUS,1993,0.3445895
2433,RUS,1994,1.404969
2434,RUS,1995,4.178579
2435,RUS,1996,6.173935
2436,RUS,1997,7.085289
2437,RUS,1998,9.046901
2438,RUS,1999,16.8043
2439,RUS,2000,20.29939
2440,RUS,2001,24.65909
2441,RUS,2002,28.55245
2442,RUS,2003,32.45365
2443,RUS,2004,35.9874
2444,RUS,2005,40.55252
2445,RUS,2006,44.4734
2446,RUS,2007,48.47925
2447,RUS,2008,55.32005
2448,RUS,2009,61.76335
2449,RUS,2010,65.99377
2450,RUS,2011,71.56395
2451,RUS,2012,75.19563
2452,RUS,2013,80.27413
2453,RUS,2014,86.55431
2454,RUS,2015,100.0
2455,RUS,2016,107.0424
2456,RUS,2017,110.9852
2457,RUS,2018,114.1797
2458,RUS,2019,119.2839
2459,RUS,2020,123.3177
2460,RUS,2021,131.5731
2461,SAU,1995,66.80762
2462,SAU,1996,67.62405
2463,SAU,1997,67.6627
2464,SAU,1998,67.41149
2465,SAU,1999,66.51238
2466,SAU,2000,65.76412
2467,SAU,2001,65.02694
2468,SAU,2002,65.18768
2469,SAU,2003,65.58675
2470,SAU,2004,65.92486
2471,SAU,2005,66.24079
2472,SAU,2006,67.70406
2473,SAU,2007,70.52586
2474,SAU,2008,77.48693
2475,SAU,2009,81.40562
2476,SAU,2010,85.7522
2477,SAU,2011,90.74831
2478,SAU,2012,93.3494
2479,SAU,2013,96.647
2480,SAU,2014,98.8083
2481,SAU,2015,100.0
2482,SAU,2016,102.0688
2483,SAU,2017,101.2133
2484,SAU,2018,103.7013
2485,SAU,2019,101.5305
2486,SAU,2020,105.0286
2487,SAU,2021,108.246
2488,SAU,2022,110.9241
2489,SVN,1980,0.000400087
2490,SVN,1981,0.0005706159
2491,SVN,1982,0.0007424429
2492,SVN,1983,0.001041005
2493,SVN,1984,0.001599733
2494,SVN,1985,0.002870023
2495,SVN,1986,0.005621988
2496,SVN,1987,0.0130471
2497,SVN,1988,0.0389787
2498,SVN,1989,0.5384687
2499,SVN,1990,3.511266
2500,SVN,1991,7.543355
2501,SVN,1992,23.3794
2502,SVN,1993,30.8052
2503,SVN,1994,37.27177
2504,SVN,1995,42.28994
2505,SVN,1996,46.46161
2506,SVN,1997,50.34565
2507,SVN,1998,54.31851
2508,SVN,1999,57.66213
2509,SVN,2000,62.80083
2510,SVN,2001,68.06333
2511,SVN,2002,73.155
2512,SVN,2003,77.21083
2513,SVN,2004,79.985
2514,SVN,2005,81.94583
2515,SVN,2006,83.96
2516,SVN,2007,87.03083
2517,SVN,2008,91.94583
2518,SVN,2009,92.7175
2519,SVN,2010,94.3875
2520,SVN,2011,96.08916
2521,SVN,2012,98.585
2522,SVN,2013,100.3292
2523,SVN,2014,100.5292
2524,SVN,2015,100.0008
2525,SVN,2016,99.94583
2526,SVN,2017,101.3742
2527,SVN,2018,103.1367
2528,SVN,2019,104.8183
2529,SVN,2020,104.7608
2530,SVN,2021,106.7692
2531,SVN,2022,116.2008
2532,ZAF,1957,1.282509
2533,ZAF,1958,1.326916
2534,ZAF,1959,1.343098
2535,ZAF,1960,1.360408
2536,ZAF,1961,1.389009
2537,ZAF,1962,1.40632
2538,ZAF,1963,1.425136
2539,ZAF,1964,1.461263
2540,ZAF,1965,1.520722
2541,ZAF,1966,1.573784
2542,ZAF,1967,1.62948
2543,ZAF,1968,1.661843
2544,ZAF,1969,1.715657
2545,ZAF,1970,1.801301
2546,ZAF,1971,1.908612
2547,ZAF,1972,2.031254
2548,ZAF,1973,2.222882
2549,ZAF,1974,2.483495
2550,ZAF,1975,2.816928
2551,ZAF,1976,3.127365
2552,ZAF,1977,3.476127
2553,ZAF,1978,3.863215
2554,ZAF,1979,4.376778
2555,ZAF,1980,4.974656
2556,ZAF,1981,5.733502
2557,ZAF,1982,6.572832
2558,ZAF,1983,7.381501
2559,ZAF,1984,8.232327
2560,ZAF,1985,9.573722
2561,ZAF,1986,11.35969
2562,ZAF,1987,13.19549
2563,ZAF,1988,14.88181
2564,ZAF,1989,17.07403
2565,ZAF,1990,19.5192
2566,ZAF,1991,22.51243
2567,ZAF,1992,25.63596
2568,ZAF,1993,28.12712
2569,ZAF,1994,30.64128
2570,ZAF,1995,33.30107
2571,ZAF,1996,35.75007
2572,ZAF,1997,38.82378
2573,ZAF,1998,41.49507
2574,ZAF,1999,43.64513
2575,ZAF,2000,45.97533
2576,ZAF,2001,48.59679
2577,ZAF,2002,53.21092
2578,ZAF,2003,56.23299
2579,ZAF,2004,55.84384
2580,ZAF,2005,56.99582
2581,ZAF,2006,58.84471
2582,ZAF,2007,62.48002
2583,ZAF,2008,68.77461
2584,ZAF,2009,73.73692
2585,ZAF,2010,76.75256
2586,ZAF,2011,80.58962
2587,ZAF,2012,85.2031
2588,ZAF,2013,90.13165
2589,ZAF,2014,95.65658
2590,ZAF,2015,100.0
2591,ZAF,2016,106.5714
2592,ZAF,2017,112.0963
2593,ZAF,2018,117.1599
2594,ZAF,2019,121.9872
2595,ZAF,2020,125.903
2596,ZAF,2021,131.7092
2597,ZAF,2022,140.9812
2598,OECD,1970,7.231771
2599,OECD,1971,7.645235
2600,OECD,1972,8.040258
2601,OECD,1973,8.699416
2602,OECD,1974,9.925063
2603,OECD,1975,11.10282
2604,OECD,1976,12.13061
2605,OECD,1977,13.36469
2606,OECD,1978,14.58917
2607,OECD,1979,16.23092
2608,OECD,1980,18.62971
2609,OECD,1981,20.86432
2610,OECD,1982,23.09222
2611,OECD,1983,25.52303
2612,OECD,1984,27.79029
2613,OECD,1985,29.91275
2614,OECD,1986,31.94985
2615,OECD,1987,34.85724
2616,OECD,1988,38.28592
2617,OECD,1989,40.73209
2618,OECD,1990,43.618
2619,OECD,1991,46.51568
2620,OECD,1992,48.99659
2621,OECD,1993,51.27643
2622,OECD,1994,53.69987
2623,OECD,1995,56.95845
2624,OECD,1996,60.27348
2625,OECD,1997,63.2331
2626,OECD,1998,65.97262
2627,OECD,1999,68.4147
2628,OECD,2000,71.19032
2629,OECD,2001,73.80384
2630,OECD,2002,75.8564
2631,OECD,2003,77.73805
2632,OECD,2004,79.61253
2633,OECD,2005,81.71744
2634,OECD,2006,83.90095
2635,OECD,2007,86.03912
2636,OECD,2008,89.25447
2637,OECD,2009,89.75095
2638,OECD,2010,91.36893
2639,OECD,2011,93.97207
2640,OECD,2012,96.08007
2641,OECD,2013,97.62148
2642,OECD,2014,99.32095
2643,OECD,2015,100.0
2644,OECD,2016,101.197
2645,OECD,2017,103.5058
2646,OECD,2018,106.2044
2647,OECD,2019,108.4014
2648,OECD,2020,109.8613
2649,OECD,2021,114.2413
2650,OECD,2022,125.1529
2651,OECDE,1970,5.229315
2652,OECDE,1971,5.588412
2653,OECDE,1972,5.96682
2654,OECDE,1973,6.504336
2655,OECDE,1974,7.403465
2656,OECDE,1975,8.41224
2657,OECDE,1976,9.372878
2658,OECDE,1977,10.50764
2659,OECDE,1978,11.64061
2660,OECDE,1979,13.08708
2661,OECDE,1980,15.25311
2662,OECDE,1981,17.27339
2663,OECDE,1982,19.22362
2664,OECDE,1983,21.00931
2665,OECDE,1984,22.90199
2666,OECDE,1985,24.73934
2667,OECDE,1986,26.04199
2668,OECDE,1987,27.36303
2669,OECDE,1988,29.19183
2670,OECDE,1989,31.41956
2671,OECDE,1990,33.95695
2672,OECDE,1991,36.81675
2673,OECDE,1992,39.75838
2674,OECDE,1993,42.57286
2675,OECDE,1994,46.05733
2676,OECDE,1995,49.91447
2677,OECDE,1996,53.54633
2678,OECDE,1997,57.23543
2679,OECDE,1998,61.08132
2680,OECDE,1999,64.25906
2681,OECDE,2000,67.76001
2682,OECDE,2001,71.33865
2683,OECDE,2002,74.59593
2684,OECDE,2003,76.78583
2685,OECDE,2004,78.61141
2686,OECDE,2005,80.4684
2687,OECDE,2006,82.50179
2688,OECDE,2007,84.66837
2689,OECDE,2008,87.92489
2690,OECDE,2009,88.90624
2691,OECDE,2010,90.84122
2692,OECDE,2011,93.62693
2693,OECDE,2012,96.29423
2694,OECDE,2013,98.04847
2695,OECDE,2014,99.27029
2696,OECDE,2015,100.0
2697,OECDE,2016,101.0069
2698,OECDE,2017,103.5141
2699,OECDE,2018,106.6406
2700,OECDE,2019,109.4274
2701,OECDE,2020,111.1751
2702,OECDE,2021,115.738
2703,OECDE,2022,131.6899
2704,G-7,1970,16.42706
2705,G-7,1971,17.26799
2706,G-7,1972,18.04557
2707,G-7,1973,19.43108
2708,G-7,1974,22.00448
2709,G-7,1975,24.44403
2710,G-7,1976,26.41477
2711,G-7,1977,28.57361
2712,G-7,1978,30.61871
2713,G-7,1979,33.57975
2714,G-7,1980,37.78846
2715,G-7,1981,41.62843
2716,G-7,1982,44.6347
2717,G-7,1983,46.71804
2718,G-7,1984,48.88005
2719,G-7,1985,50.81856
2720,G-7,1986,51.85231
2721,G-7,1987,53.36369
2722,G-7,1988,55.11224
2723,G-7,1989,57.50396
2724,G-7,1990,60.30233
2725,G-7,1991,62.9857
2726,G-7,1992,65.0293
2727,G-7,1993,66.90497
2728,G-7,1994,68.42188
2729,G-7,1995,70.02609
2730,G-7,1996,71.65904
2731,G-7,1997,73.14376
2732,G-7,1998,74.11462
2733,G-7,1999,75.22071
2734,G-7,2000,76.95082
2735,G-7,2001,78.5737
2736,G-7,2002,79.6408
2737,G-7,2003,81.0721
2738,G-7,2004,82.73392
2739,G-7,2005,84.73501
2740,G-7,2006,86.79533
2741,G-7,2007,88.73729
2742,G-7,2008,91.62331
2743,G-7,2009,91.50932
2744,G-7,2010,92.74338
2745,G-7,2011,95.13094
2746,G-7,2012,96.90629
2747,G-7,2013,98.17889
2748,G-7,2014,99.70381
2749,G-7,2015,100.0
2750,G-7,2016,100.8669
2751,G-7,2017,102.6516
2752,G-7,2018,104.7952
2753,G-7,2019,106.389
2754,G-7,2020,107.2799
2755,G-7,2021,111.0284
2756,G-7,2022,118.9605
2757,G-20,1996,48.62934
2758,G-20,1997,51.67455
2759,G-20,1998,55.09073
2760,G-20,1999,58.45313
2761,G-20,2000,61.05713
2762,G-20,2001,63.6901
2763,G-20,2002,65.92937
2764,G-20,2003,68.1423
2765,G-20,2004,70.22998
2766,G-20,2005,72.5429
2767,G-20,2006,74.96106
2768,G-20,2007,77.49304
2769,G-20,2008,81.34871
2770,G-20,2009,82.99203
2771,G-20,2010,85.70564
2772,G-20,2011,89.263
2773,G-20,2012,92.15197
2774,G-20,2013,95.04594
2775,G-20,2014,97.68785
2776,G-20,2015,100.0
2777,G-20,2016,102.2481
2778,G-20,2017,104.6495
2779,G-20,2018,107.9146
2780,G-20,2019,111.7604
2781,G-20,2020,114.772
2782,G-20,2021,119.6893
2783,G-20,2022,129.9384
2784,EA19,1990,58.93767
2785,EA19,1991,61.48111
2786,EA19,1992,63.79924
2787,EA19,1993,65.95731
2788,EA19,1994,67.82487
2789,EA19,1995,69.55606
2790,EA19,1996,71.18776
2791,EA19,1997,72.40128
2792,EA19,1998,73.28747
2793,EA19,1999,74.14701
2794,EA19,2000,75.77
2795,EA19,2001,77.61
2796,EA19,2002,79.37
2797,EA19,2003,81.05
2798,EA19,2004,82.82
2799,EA19,2005,84.64
2800,EA19,2006,86.51
2801,EA19,2007,88.39
2802,EA19,2008,91.35
2803,EA19,2009,91.66
2804,EA19,2010,93.13
2805,EA19,2011,95.66
2806,EA19,2012,98.06
2807,EA19,2013,99.39
2808,EA19,2014,99.81
2809,EA19,2015,100.0
2810,EA19,2016,100.23
2811,EA19,2017,101.77
2812,EA19,2018,103.55
2813,EA19,2019,104.79
2814,EA19,2020,105.05
2815,EA19,2021,107.77
2816,EA19,2022,116.83
2817,EU27_2020,2000,73.13
2818,EU27_2020,2001,75.73
2819,EU27_2020,2002,77.81
2820,EU27_2020,2003,79.59
2821,EU27_2020,2004,81.55
2822,EU27_2020,2005,83.45
2823,EU27_2020,2006,85.38
2824,EU27_2020,2007,87.41
2825,EU27_2020,2008,90.64
2826,EU27_2020,2009,91.35
2827,EU27_2020,2010,93.03
2828,EU27_2020,2011,95.69
2829,EU27_2020,2012,98.19
2830,EU27_2020,2013,99.49
2831,EU27_2020,2014,99.89
2832,EU27_2020,2015,100.0
2833,EU27_2020,2016,100.18
2834,EU27_2020,2017,101.74
2835,EU27_2020,2018,103.57
2836,EU27_2020,2019,105.04
2837,EU27_2020,2020,105.76
2838,EU27_2020,2021,108.82
2839,EU27_2020,2022,118.82
