,LOCATION,MEASURE,TIME,Value
0,AUS,MLN_USD,1960,7594.023
1,AUS,MLN_USD,1961,7555.709
2,AUS,MLN_USD,1962,8263.204
3,AUS,MLN_USD,1963,9144.787
4,AUS,MLN_USD,1964,10182.874
5,AUS,MLN_USD,1965,11145.34
6,AUS,MLN_USD,1966,12051.79
7,AUS,MLN_USD,1967,13338.571
8,AUS,MLN_USD,1968,14610.61
9,AUS,MLN_USD,1969,16429.956
10,AUS,MLN_USD,1970,18051.855
11,AUS,MLN_USD,1971,19303.25
12,AUS,MLN_USD,1972,20311.818
13,AUS,MLN_USD,1973,22476.101
14,AUS,MLN_USD,1974,22330.928
15,AUS,MLN_USD,1975,25406.538
16,AUS,MLN_USD,1976,26912.869
17,AUS,MLN_USD,1977,29046.998
18,AUS,MLN_USD,1978,32936.205
19,AUS,MLN_USD,1979,36466.999
20,AUS,MLN_USD,1980,44059.354
21,AUS,MLN_USD,1981,51661.348
22,AUS,MLN_USD,1982,48332.507
23,AUS,MLN_USD,1983,51225.071
24,AUS,MLN_USD,1984,57282.641
25,AUS,MLN_USD,1985,64484.058
26,AUS,MLN_USD,1986,67043.918
27,AUS,MLN_USD,1987,72484.821
28,AUS,MLN_USD,1988,81271.683
29,AUS,MLN_USD,1989,82948.542
30,AUS,MLN_USD,1990,74785.917
31,AUS,MLN_USD,1991,71752.851
32,AUS,MLN_USD,1992,78640.496
33,AUS,MLN_USD,1993,85303.897
34,AUS,MLN_USD,1994,95775.541
35,AUS,MLN_USD,1995,97585.515
36,AUS,MLN_USD,1996,102030.12
37,AUS,MLN_USD,1997,113457.024
38,AUS,MLN_USD,1998,121467.602
39,AUS,MLN_USD,1999,132527.854
40,AUS,MLN_USD,2000,125096.772
41,AUS,MLN_USD,2001,138436.095
42,AUS,MLN_USD,2002,156538.412
43,AUS,MLN_USD,2003,170204.006
44,AUS,MLN_USD,2004,183159.693
45,AUS,MLN_USD,2005,200075.516
46,AUS,MLN_USD,2006,212723.429
47,AUS,MLN_USD,2007,233290.165
48,AUS,MLN_USD,2008,235404.924
49,AUS,MLN_USD,2009,244399.216
50,AUS,MLN_USD,2010,245482.931
51,AUS,MLN_USD,2011,272191.873
52,AUS,MLN_USD,2012,277898.697
53,AUS,MLN_USD,2013,296971.28
54,AUS,MLN_USD,2014,293095.41
55,AUS,MLN_USD,2015,285146.555
56,AUS,MLN_USD,2016,291105.217
57,AUS,MLN_USD,2017,304167.769
58,AUS,MLN_USD,2018,308816.706
59,AUS,MLN_USD,2019,302775.889
60,AUS,MLN_USD,2020,321228.087
61,AUS,MLN_USD,2021,365783.998
62,AUT,MLN_USD,1970,7783.464
63,AUT,MLN_USD,1971,9262.663
64,AUT,MLN_USD,1972,11132.347
65,AUT,MLN_USD,1973,11622.132
66,AUT,MLN_USD,1974,13117.914
67,AUT,MLN_USD,1975,13402.428
68,AUT,MLN_USD,1976,14441.881
69,AUT,MLN_USD,1977,16623.178
70,AUT,MLN_USD,1978,16518.099
71,AUT,MLN_USD,1979,19042.491
72,AUT,MLN_USD,1980,21697.418
73,AUT,MLN_USD,1981,23637.433
74,AUT,MLN_USD,1982,23095.217
75,AUT,MLN_USD,1983,23842.925
76,AUT,MLN_USD,1984,24196.769
77,AUT,MLN_USD,1985,26279.903
78,AUT,MLN_USD,1986,27185.992
79,AUT,MLN_USD,1987,28913.75
80,AUT,MLN_USD,1988,31874.511
81,AUT,MLN_USD,1989,34764.376
82,AUT,MLN_USD,1990,37927.462
83,AUT,MLN_USD,1991,42278.042
84,AUT,MLN_USD,1992,43459.832
85,AUT,MLN_USD,1993,43843.341
86,AUT,MLN_USD,1994,47011.221
87,AUT,MLN_USD,1995,47653.081
88,AUT,MLN_USD,1996,50417.467
89,AUT,MLN_USD,1997,51499.903
90,AUT,MLN_USD,1998,54197.066
91,AUT,MLN_USD,1999,55070.057
92,AUT,MLN_USD,2000,60288.158
93,AUT,MLN_USD,2001,59245.174
94,AUT,MLN_USD,2002,59293.456
95,AUT,MLN_USD,2003,62939.119
96,AUT,MLN_USD,2004,65112.574
97,AUT,MLN_USD,2005,66410.085
98,AUT,MLN_USD,2006,70377.578
99,AUT,MLN_USD,2007,74970.235
100,AUT,MLN_USD,2008,80027.509
101,AUT,MLN_USD,2009,76517.229
102,AUT,MLN_USD,2010,75874.432
103,AUT,MLN_USD,2011,83826.572
104,AUT,MLN_USD,2012,88702.598
105,AUT,MLN_USD,2013,93628.507
106,AUT,MLN_USD,2014,94507.991
107,AUT,MLN_USD,2015,97817.345
108,AUT,MLN_USD,2016,106308.203
109,AUT,MLN_USD,2017,112611.401
110,AUT,MLN_USD,2018,121285.584
111,AUT,MLN_USD,2019,132082.511
112,AUT,MLN_USD,2020,127690.494
113,AUT,MLN_USD,2021,142188.504
114,AUT,MLN_USD,2022,160211.485
115,BEL,MLN_USD,1970,10044.774
116,BEL,MLN_USD,1971,10645.411
117,BEL,MLN_USD,1972,11296.049
118,BEL,MLN_USD,1973,12675.297
119,BEL,MLN_USD,1974,15273.813
120,BEL,MLN_USD,1975,16273.125
121,BEL,MLN_USD,1976,17757.704
122,BEL,MLN_USD,1977,18604.821
123,BEL,MLN_USD,1978,20479.542
124,BEL,MLN_USD,1979,21667.394
125,BEL,MLN_USD,1980,25156.13
126,BEL,MLN_USD,1981,23851.16
127,BEL,MLN_USD,1982,23983.378
128,BEL,MLN_USD,1983,23060.294
129,BEL,MLN_USD,1984,24019.062
130,BEL,MLN_USD,1985,25811.85
131,BEL,MLN_USD,1986,26588.924
132,BEL,MLN_USD,1987,28536.584
133,BEL,MLN_USD,1988,34123.344
134,BEL,MLN_USD,1989,39756.939
135,BEL,MLN_USD,1990,44669.879
136,BEL,MLN_USD,1991,43911.499
137,BEL,MLN_USD,1992,45001.884
138,BEL,MLN_USD,1993,44014.891
139,BEL,MLN_USD,1994,45274.384
140,BEL,MLN_USD,1995,48311.927
141,BEL,MLN_USD,1996,48938.635
142,BEL,MLN_USD,1997,52805.117
143,BEL,MLN_USD,1998,54155.447
144,BEL,MLN_USD,1999,57670.405
145,BEL,MLN_USD,2000,64118.462
146,BEL,MLN_USD,2001,66317.168
147,BEL,MLN_USD,2002,64759.209
148,BEL,MLN_USD,2003,65782.191
149,BEL,MLN_USD,2004,71711.701
150,BEL,MLN_USD,2005,77019.881
151,BEL,MLN_USD,2006,83025.734
152,BEL,MLN_USD,2007,91071.416
153,BEL,MLN_USD,2008,97854.4
154,BEL,MLN_USD,2009,92862.027
155,BEL,MLN_USD,2010,96027.221
156,BEL,MLN_USD,2011,103991.391
157,BEL,MLN_USD,2012,107856.655
158,BEL,MLN_USD,2013,108058.762
159,BEL,MLN_USD,2014,114854.701
160,BEL,MLN_USD,2015,119611.368
161,BEL,MLN_USD,2016,128185.371
162,BEL,MLN_USD,2017,133569.379
163,BEL,MLN_USD,2018,141799.807
164,BEL,MLN_USD,2019,155657.283
165,BEL,MLN_USD,2020,152350.89
166,BEL,MLN_USD,2021,164924.123
167,BEL,MLN_USD,2022,184663.11
168,CAN,MLN_USD,1961,9800.04
169,CAN,MLN_USD,1962,10433.014
170,CAN,MLN_USD,1963,11059.938
171,CAN,MLN_USD,1964,12764.879
172,CAN,MLN_USD,1965,14804.836
173,CAN,MLN_USD,1966,16980.587
174,CAN,MLN_USD,1967,17264.868
175,CAN,MLN_USD,1968,17836.283
176,CAN,MLN_USD,1969,19699.739
177,CAN,MLN_USD,1970,21467.677
178,CAN,MLN_USD,1971,24396.213
179,CAN,MLN_USD,1972,26505.137
180,CAN,MLN_USD,1973,30527.684
181,CAN,MLN_USD,1974,35619.352
182,CAN,MLN_USD,1975,40796.02
183,CAN,MLN_USD,1976,44660.569
184,CAN,MLN_USD,1977,48061.895
185,CAN,MLN_USD,1978,52596.365
186,CAN,MLN_USD,1979,60012.177
187,CAN,MLN_USD,1980,68453.279
188,CAN,MLN_USD,1981,81267.38
189,CAN,MLN_USD,1982,75354.146
190,CAN,MLN_USD,1983,74841.858
191,CAN,MLN_USD,1984,78749.562
192,CAN,MLN_USD,1985,87396.448
193,CAN,MLN_USD,1986,92520.759
194,CAN,MLN_USD,1987,102532.381
195,CAN,MLN_USD,1988,114727.635
196,CAN,MLN_USD,1989,123781.332
197,CAN,MLN_USD,1990,121586.12
198,CAN,MLN_USD,1991,114904.736
199,CAN,MLN_USD,1992,113441.172
200,CAN,MLN_USD,1993,114738.864
201,CAN,MLN_USD,1994,127297.454
202,CAN,MLN_USD,1995,126263.115
203,CAN,MLN_USD,1996,133928.829
204,CAN,MLN_USD,1997,153345.308
205,CAN,MLN_USD,1998,163139.116
206,CAN,MLN_USD,1999,170893.761
207,CAN,MLN_USD,2000,176589.382
208,CAN,MLN_USD,2001,188980.527
209,CAN,MLN_USD,2002,193957.132
210,CAN,MLN_USD,2003,204863.44
211,CAN,MLN_USD,2004,226199.125
212,CAN,MLN_USD,2005,255787.522
213,CAN,MLN_USD,2006,284141.314
214,CAN,MLN_USD,2007,303778.741
215,CAN,MLN_USD,2008,315047.1
216,CAN,MLN_USD,2009,291552.241
217,CAN,MLN_USD,2010,319912.11
218,CAN,MLN_USD,2011,336389.843
219,CAN,MLN_USD,2012,359598.706
220,CAN,MLN_USD,2013,375899.36
221,CAN,MLN_USD,2014,395447.586
222,CAN,MLN_USD,2015,380381.398
223,CAN,MLN_USD,2016,382141.368
224,CAN,MLN_USD,2017,400763.477
225,CAN,MLN_USD,2018,420184.611
226,CAN,MLN_USD,2019,423094.601
227,CAN,MLN_USD,2020,422182.908
228,CAN,MLN_USD,2021,486640.482
229,CAN,MLN_USD,2022,512511.683
230,CZE,MLN_USD,1990,32720.544
231,CZE,MLN_USD,1991,28470.703
232,CZE,MLN_USD,1992,33573.17
233,CZE,MLN_USD,1993,34971.786
234,CZE,MLN_USD,1994,38730.42
235,CZE,MLN_USD,1995,48368.191
236,CZE,MLN_USD,1996,52171.045
237,CZE,MLN_USD,1997,49784.078
238,CZE,MLN_USD,1998,47837.356
239,CZE,MLN_USD,1999,47606.321
240,CZE,MLN_USD,2000,51945.277
241,CZE,MLN_USD,2001,56015.578
242,CZE,MLN_USD,2002,55405.879
243,CZE,MLN_USD,2003,58541.124
244,CZE,MLN_USD,2004,61408.16
245,CZE,MLN_USD,2005,64952.753
246,CZE,MLN_USD,2006,69669.045
247,CZE,MLN_USD,2007,81032.83
248,CZE,MLN_USD,2008,84967.766
249,CZE,MLN_USD,2009,80067.051
250,CZE,MLN_USD,2010,79283.296
251,CZE,MLN_USD,2011,81442.051
252,CZE,MLN_USD,2012,80425.195
253,CZE,MLN_USD,2013,82173.622
254,CZE,MLN_USD,2014,86905.752
255,CZE,MLN_USD,2015,94874.549
256,CZE,MLN_USD,2016,95136.32
257,CZE,MLN_USD,2017,102487.598
258,CZE,MLN_USD,2018,115024.109
259,CZE,MLN_USD,2019,127713.983
260,CZE,MLN_USD,2020,121629.082
261,CZE,MLN_USD,2021,124677.368
262,CZE,MLN_USD,2022,144420.577
263,DNK,MLN_USD,1966,4083.391
264,DNK,MLN_USD,1967,4393.971
265,DNK,MLN_USD,1968,4678.772
266,DNK,MLN_USD,1969,5539.343
267,DNK,MLN_USD,1970,5293.577
268,DNK,MLN_USD,1971,5604.782
269,DNK,MLN_USD,1972,6355.89
270,DNK,MLN_USD,1973,6947.088
271,DNK,MLN_USD,1974,7234.12
272,DNK,MLN_USD,1975,7003.164
273,DNK,MLN_USD,1976,8480.45
274,DNK,MLN_USD,1977,8888.496
275,DNK,MLN_USD,1978,9544.538
276,DNK,MLN_USD,1979,10426.197
277,DNK,MLN_USD,1980,10359.286
278,DNK,MLN_USD,1981,9484.434
279,DNK,MLN_USD,1982,10841.826
280,DNK,MLN_USD,1983,11718.003
281,DNK,MLN_USD,1984,13262.169
282,DNK,MLN_USD,1985,15470.412
283,DNK,MLN_USD,1986,18090.71
284,DNK,MLN_USD,1987,18416.058
285,DNK,MLN_USD,1988,17756.606
286,DNK,MLN_USD,1989,18503.288
287,DNK,MLN_USD,1990,19149.226
288,DNK,MLN_USD,1991,19246.052
289,DNK,MLN_USD,1992,19156.544
290,DNK,MLN_USD,1993,18956.017
291,DNK,MLN_USD,1994,20666.304
292,DNK,MLN_USD,1995,23132.749
293,DNK,MLN_USD,1996,24496.841
294,DNK,MLN_USD,1997,27423.035
295,DNK,MLN_USD,1998,29529.831
296,DNK,MLN_USD,1999,29674.182
297,DNK,MLN_USD,2000,32918.028
298,DNK,MLN_USD,2001,33612.135
299,DNK,MLN_USD,2002,33996.525
300,DNK,MLN_USD,2003,34391.628
301,DNK,MLN_USD,2004,36783.524
302,DNK,MLN_USD,2005,39186.511
303,DNK,MLN_USD,2006,47239.923
304,DNK,MLN_USD,2007,50096.927
305,DNK,MLN_USD,2008,52029.409
306,DNK,MLN_USD,2009,44927.534
307,DNK,MLN_USD,2010,43211.132
308,DNK,MLN_USD,2011,44914.784
309,DNK,MLN_USD,2012,47042.76
310,DNK,MLN_USD,2013,49987.402
311,DNK,MLN_USD,2014,51805.228
312,DNK,MLN_USD,2015,55333.305
313,DNK,MLN_USD,2016,62594.756
314,DNK,MLN_USD,2017,67737.643
315,DNK,MLN_USD,2018,72359.596
316,DNK,MLN_USD,2019,73991.659
317,DNK,MLN_USD,2020,79087.817
318,DNK,MLN_USD,2021,85911.139
319,DNK,MLN_USD,2022,103008.027
320,FIN,MLN_USD,1970,4349.718
321,FIN,MLN_USD,1971,4897.98
322,FIN,MLN_USD,1972,5591.11
323,FIN,MLN_USD,1973,6514.946
324,FIN,MLN_USD,1974,7602.539
325,FIN,MLN_USD,1975,8906.82
326,FIN,MLN_USD,1976,8424.303
327,FIN,MLN_USD,1977,8754.972
328,FIN,MLN_USD,1978,8553.016
329,FIN,MLN_USD,1979,9663.838
330,FIN,MLN_USD,1980,12030.986
331,FIN,MLN_USD,1981,13246.702
332,FIN,MLN_USD,1982,14658.975
333,FIN,MLN_USD,1983,15924.058
334,FIN,MLN_USD,1984,16131.18
335,FIN,MLN_USD,1985,17448.23
336,FIN,MLN_USD,1986,17933.798
337,FIN,MLN_USD,1987,19605.682
338,FIN,MLN_USD,1988,22352.491
339,FIN,MLN_USD,1989,26475.356
340,FIN,MLN_USD,1990,26856.013
341,FIN,MLN_USD,1991,22780.463
342,FIN,MLN_USD,1992,19354.877
343,FIN,MLN_USD,1993,16958.099
344,FIN,MLN_USD,1994,17538.971
345,FIN,MLN_USD,1995,19288.349
346,FIN,MLN_USD,1996,21106.067
347,FIN,MLN_USD,1997,23929.083
348,FIN,MLN_USD,1998,26986.333
349,FIN,MLN_USD,1999,28713.656
350,FIN,MLN_USD,2000,31973.722
351,FIN,MLN_USD,2001,32993.397
352,FIN,MLN_USD,2002,32136.011
353,FIN,MLN_USD,2003,32991.632
354,FIN,MLN_USD,2004,36308.897
355,FIN,MLN_USD,2005,38535.907
356,FIN,MLN_USD,2006,41302.289
357,FIN,MLN_USD,2007,48425.279
358,FIN,MLN_USD,2008,52167.208
359,FIN,MLN_USD,2009,46536.91
360,FIN,MLN_USD,2010,46582.98
361,FIN,MLN_USD,2011,49862.62
362,FIN,MLN_USD,2012,51067.948
363,FIN,MLN_USD,2013,49667.689
364,FIN,MLN_USD,2014,48968.834
365,FIN,MLN_USD,2015,49437.753
366,FIN,MLN_USD,2016,56163.353
367,FIN,MLN_USD,2017,61180.559
368,FIN,MLN_USD,2018,65834.558
369,FIN,MLN_USD,2019,68162.635
370,FIN,MLN_USD,2020,69537.624
371,FIN,MLN_USD,2021,71500.829
372,FIN,MLN_USD,2022,81928.48
373,FRA,MLN_USD,1960,19028.114
374,FRA,MLN_USD,1961,21344.599
375,FRA,MLN_USD,1962,23165.31
376,FRA,MLN_USD,1963,25638.163
377,FRA,MLN_USD,1964,28828.154
378,FRA,MLN_USD,1965,31613.588
379,FRA,MLN_USD,1966,34881.35
380,FRA,MLN_USD,1967,38197.059
381,FRA,MLN_USD,1968,41450.53
382,FRA,MLN_USD,1969,46565.383
383,FRA,MLN_USD,1970,49261.649
384,FRA,MLN_USD,1971,54969.028
385,FRA,MLN_USD,1972,60203.069
386,FRA,MLN_USD,1973,68174.948
387,FRA,MLN_USD,1974,79265.183
388,FRA,MLN_USD,1975,81233.415
389,FRA,MLN_USD,1976,87911.801
390,FRA,MLN_USD,1977,93152.916
391,FRA,MLN_USD,1978,101762.574
392,FRA,MLN_USD,1979,113774.669
393,FRA,MLN_USD,1980,130505.262
394,FRA,MLN_USD,1981,141369.083
395,FRA,MLN_USD,1982,149532.056
396,FRA,MLN_USD,1983,148489.041
397,FRA,MLN_USD,1984,151574.582
398,FRA,MLN_USD,1985,158059.011
399,FRA,MLN_USD,1986,165363.294
400,FRA,MLN_USD,1987,178944.595
401,FRA,MLN_USD,1988,200826.417
402,FRA,MLN_USD,1989,223017.925
403,FRA,MLN_USD,1990,240369.765
404,FRA,MLN_USD,1991,248910.001
405,FRA,MLN_USD,1992,246406.32
406,FRA,MLN_USD,1993,235057.428
407,FRA,MLN_USD,1994,242383.966
408,FRA,MLN_USD,1995,248355.849
409,FRA,MLN_USD,1996,253464.713
410,FRA,MLN_USD,1997,260357.09
411,FRA,MLN_USD,1998,279799.456
412,FRA,MLN_USD,1999,306005.638
413,FRA,MLN_USD,2000,341981.87
414,FRA,MLN_USD,2001,362939.937
415,FRA,MLN_USD,2002,369392.743
416,FRA,MLN_USD,2003,368886.686
417,FRA,MLN_USD,2004,389315.239
418,FRA,MLN_USD,2005,420010.505
419,FRA,MLN_USD,2006,463733.012
420,FRA,MLN_USD,2007,506447.369
421,FRA,MLN_USD,2008,533095.16
422,FRA,MLN_USD,2009,495181.048
423,FRA,MLN_USD,2010,516063.778
424,FRA,MLN_USD,2011,548594.285
425,FRA,MLN_USD,2012,555614.947
426,FRA,MLN_USD,2013,574967.302
427,FRA,MLN_USD,2014,580848.486
428,FRA,MLN_USD,2015,584456.816
429,FRA,MLN_USD,2016,624813.308
430,FRA,MLN_USD,2017,671053.458
431,FRA,MLN_USD,2018,715481.782
432,FRA,MLN_USD,2019,798972.791
433,FRA,MLN_USD,2020,745894.749
434,FRA,MLN_USD,2021,843461.897
435,FRA,MLN_USD,2022,946231.217
436,DEU,MLN_USD,1970,92146.265
437,DEU,MLN_USD,1971,102225.83
438,DEU,MLN_USD,1972,108775.905
439,DEU,MLN_USD,1973,113651.729
440,DEU,MLN_USD,1974,112525.19
441,DEU,MLN_USD,1975,115560.839
442,DEU,MLN_USD,1976,126987.511
443,DEU,MLN_USD,1977,141078.029
444,DEU,MLN_USD,1978,159110.742
445,DEU,MLN_USD,1979,186206.327
446,DEU,MLN_USD,1980,211593.037
447,DEU,MLN_USD,1981,222368.872
448,DEU,MLN_USD,1982,221885.601
449,DEU,MLN_USD,1983,236516.59
450,DEU,MLN_USD,1984,247078.413
451,DEU,MLN_USD,1985,255072.651
452,DEU,MLN_USD,1986,264718.284
453,DEU,MLN_USD,1987,276982.183
454,DEU,MLN_USD,1988,300700.625
455,DEU,MLN_USD,1989,334302.853
456,DEU,MLN_USD,1990,377587.978
457,DEU,MLN_USD,1991,418164.849
458,DEU,MLN_USD,1992,441351.897
459,DEU,MLN_USD,1993,427073.522
460,DEU,MLN_USD,1994,448208.038
461,DEU,MLN_USD,1995,453078.403
462,DEU,MLN_USD,1996,454188.148
463,DEU,MLN_USD,1997,456593.774
464,DEU,MLN_USD,1998,474098.259
465,DEU,MLN_USD,1999,497293.55
466,DEU,MLN_USD,2000,516953.075
467,DEU,MLN_USD,2001,508868.165
468,DEU,MLN_USD,2002,484311.447
469,DEU,MLN_USD,2003,481946.779
470,DEU,MLN_USD,2004,493610.799
471,DEU,MLN_USD,2005,500198.628
472,DEU,MLN_USD,2006,557218.915
473,DEU,MLN_USD,2007,598811.23
474,DEU,MLN_USD,2008,630195.589
475,DEU,MLN_USD,2009,580980.354
476,DEU,MLN_USD,2010,622481.139
477,DEU,MLN_USD,2011,695668.51
478,DEU,MLN_USD,2012,708644.158
479,DEU,MLN_USD,2013,722136.678
480,DEU,MLN_USD,2014,762956.19
481,DEU,MLN_USD,2015,778587.466
482,DEU,MLN_USD,2016,845458.777
483,DEU,MLN_USD,2017,895396.74
484,DEU,MLN_USD,2018,963955.769
485,DEU,MLN_USD,2019,1019377.568
486,DEU,MLN_USD,2020,1015372.178
487,DEU,MLN_USD,2021,1064550.796
488,DEU,MLN_USD,2022,1211600.668
489,GRC,MLN_USD,1960,1538.742
490,GRC,MLN_USD,1961,2232.716
491,GRC,MLN_USD,1962,2510.846
492,GRC,MLN_USD,1963,2483.671
493,GRC,MLN_USD,1964,3017.809
494,GRC,MLN_USD,1965,3569.479
495,GRC,MLN_USD,1966,4096.713
496,GRC,MLN_USD,1967,4260.446
497,GRC,MLN_USD,1968,5455.582
498,GRC,MLN_USD,1969,6714.935
499,GRC,MLN_USD,1970,7604.483
500,GRC,MLN_USD,1971,9001.624
501,GRC,MLN_USD,1972,11895.866
502,GRC,MLN_USD,1973,13694.866
503,GRC,MLN_USD,1974,10722.461
504,GRC,MLN_USD,1975,12408.261
505,GRC,MLN_USD,1976,14303.077
506,GRC,MLN_USD,1977,17785.917
507,GRC,MLN_USD,1978,22732.11
508,GRC,MLN_USD,1979,27151.323
509,GRC,MLN_USD,1980,25802.532
510,GRC,MLN_USD,1981,25364.368
511,GRC,MLN_USD,1982,24101.702
512,GRC,MLN_USD,1983,26549.468
513,GRC,MLN_USD,1984,22695.139
514,GRC,MLN_USD,1985,25780.912
515,GRC,MLN_USD,1986,27486.305
516,GRC,MLN_USD,1987,26040.376
517,GRC,MLN_USD,1988,28017.909
518,GRC,MLN_USD,1989,31644.741
519,GRC,MLN_USD,1990,33644.193
520,GRC,MLN_USD,1991,35014.139
521,GRC,MLN_USD,1992,34045.61
522,GRC,MLN_USD,1993,32623.865
523,GRC,MLN_USD,1994,31277.129
524,GRC,MLN_USD,1995,32531.697
525,GRC,MLN_USD,1996,35622.834
526,GRC,MLN_USD,1997,36935.096
527,GRC,MLN_USD,1998,45851.047
528,GRC,MLN_USD,1999,48687.67
529,GRC,MLN_USD,2000,51975.447
530,GRC,MLN_USD,2001,56315.124
531,GRC,MLN_USD,2002,58194.147
532,GRC,MLN_USD,2003,66137.39
533,GRC,MLN_USD,2004,68043.714
534,GRC,MLN_USD,2005,58535.267
535,GRC,MLN_USD,2006,74516.135
536,GRC,MLN_USD,2007,84274.543
537,GRC,MLN_USD,2008,81399.583
538,GRC,MLN_USD,2009,70109.514
539,GRC,MLN_USD,2010,51402.496
540,GRC,MLN_USD,2011,38987.91
541,GRC,MLN_USD,2012,31723.05
542,GRC,MLN_USD,2013,31905.406
543,GRC,MLN_USD,2014,31420.659
544,GRC,MLN_USD,2015,31186.872
545,GRC,MLN_USD,2016,32635.455
546,GRC,MLN_USD,2017,36267.619
547,GRC,MLN_USD,2018,35436.626
548,GRC,MLN_USD,2019,35699.612
549,GRC,MLN_USD,2020,36353.442
550,GRC,MLN_USD,2021,44195.688
551,GRC,MLN_USD,2022,53940.746
552,HUN,MLN_USD,1991,19637.618
553,HUN,MLN_USD,1992,18482.976
554,HUN,MLN_USD,1993,17875.876
555,HUN,MLN_USD,1994,20034.094
556,HUN,MLN_USD,1995,20676.047
557,HUN,MLN_USD,1996,22059.068
558,HUN,MLN_USD,1997,23503.708
559,HUN,MLN_USD,1998,25780.352
560,HUN,MLN_USD,1999,27919.033
561,HUN,MLN_USD,2000,30872.145
562,HUN,MLN_USD,2001,33446.978
563,HUN,MLN_USD,2002,36470.537
564,HUN,MLN_USD,2003,37043.248
565,HUN,MLN_USD,2004,39530.368
566,HUN,MLN_USD,2005,41130.919
567,HUN,MLN_USD,2006,43492.943
568,HUN,MLN_USD,2007,45497.52
569,HUN,MLN_USD,2008,48557.168
570,HUN,MLN_USD,2009,47022.172
571,HUN,MLN_USD,2010,43634.211
572,HUN,MLN_USD,2011,44866.103
573,HUN,MLN_USD,2012,44201.62
574,HUN,MLN_USD,2013,50504.55
575,HUN,MLN_USD,2014,55791.481
576,HUN,MLN_USD,2015,58486.267
577,HUN,MLN_USD,2016,53459.176
578,HUN,MLN_USD,2017,63942.939
579,HUN,MLN_USD,2018,77142.432
580,HUN,MLN_USD,2019,91411.374
581,HUN,MLN_USD,2020,88346.685
582,HUN,MLN_USD,2021,96853.646
583,HUN,MLN_USD,2022,117397.316
584,ISL,MLN_USD,1970,225.858
585,ISL,MLN_USD,1971,323.444
586,ISL,MLN_USD,1972,347.152
587,ISL,MLN_USD,1973,426.989
588,ISL,MLN_USD,1974,520.659
589,ISL,MLN_USD,1975,557.441
590,ISL,MLN_USD,1976,543.771
591,ISL,MLN_USD,1977,608.524
592,ISL,MLN_USD,1978,616.136
593,ISL,MLN_USD,1979,676.147
594,ISL,MLN_USD,1980,843.163
595,ISL,MLN_USD,1981,934.135
596,ISL,MLN_USD,1982,1010.353
597,ISL,MLN_USD,1983,903.402
598,ISL,MLN_USD,1984,961.332
599,ISL,MLN_USD,1985,991.231
600,ISL,MLN_USD,1986,982.76
601,ISL,MLN_USD,1987,1158.164
602,ISL,MLN_USD,1988,1153.196
603,ISL,MLN_USD,1989,1133.76
604,ISL,MLN_USD,1990,1219.679
605,ISL,MLN_USD,1991,1275.146
606,ISL,MLN_USD,1992,1154.763
607,ISL,MLN_USD,1993,1083.73
608,ISL,MLN_USD,1994,1118.213
609,ISL,MLN_USD,1995,1123.159
610,ISL,MLN_USD,1996,1382.714
611,ISL,MLN_USD,1997,1585.109
612,ISL,MLN_USD,1998,2023.935
613,ISL,MLN_USD,1999,1930.929
614,ISL,MLN_USD,2000,2056.66
615,ISL,MLN_USD,2001,2105.164
616,ISL,MLN_USD,2002,1857.072
617,ISL,MLN_USD,2003,2029.135
618,ISL,MLN_USD,2004,2588.587
619,ISL,MLN_USD,2005,3279.082
620,ISL,MLN_USD,2006,4270.188
621,ISL,MLN_USD,2007,3801.658
622,ISL,MLN_USD,2008,3520.944
623,ISL,MLN_USD,2009,2044.355
624,ISL,MLN_USD,2010,1781.376
625,ISL,MLN_USD,2011,2006.912
626,ISL,MLN_USD,2012,2153.139
627,ISL,MLN_USD,2013,2243.294
628,ISL,MLN_USD,2014,2583.822
629,ISL,MLN_USD,2015,3146.73
630,ISL,MLN_USD,2016,3755.734
631,ISL,MLN_USD,2017,4159.91
632,ISL,MLN_USD,2018,4439.564
633,ISL,MLN_USD,2019,4607.637
634,ISL,MLN_USD,2020,4242.8
635,ISL,MLN_USD,2021,4930.813
636,IRL,MLN_USD,1970,1630.033
637,IRL,MLN_USD,1971,1842.427
638,IRL,MLN_USD,1972,2049.136
639,IRL,MLN_USD,1973,2414.884
640,IRL,MLN_USD,1974,2676.092
641,IRL,MLN_USD,1975,2850.727
642,IRL,MLN_USD,1976,3356.61
643,IRL,MLN_USD,1977,3818.955
644,IRL,MLN_USD,1978,4893.938
645,IRL,MLN_USD,1979,6022.202
646,IRL,MLN_USD,1980,6348.565
647,IRL,MLN_USD,1981,7444.203
648,IRL,MLN_USD,1982,7227.595
649,IRL,MLN_USD,1983,6538.618
650,IRL,MLN_USD,1984,6549.682
651,IRL,MLN_USD,1985,6186.363
652,IRL,MLN_USD,1986,5935.254
653,IRL,MLN_USD,1987,6016.8
654,IRL,MLN_USD,1988,6670.844
655,IRL,MLN_USD,1989,7651.583
656,IRL,MLN_USD,1990,9278.445
657,IRL,MLN_USD,1991,8951.28
658,IRL,MLN_USD,1992,9307.795
659,IRL,MLN_USD,1993,8995.784
660,IRL,MLN_USD,1994,10372.45
661,IRL,MLN_USD,1995,12355.459
662,IRL,MLN_USD,1996,14765.362
663,IRL,MLN_USD,1997,17504.151
664,IRL,MLN_USD,1998,20985.609
665,IRL,MLN_USD,1999,24530.604
666,IRL,MLN_USD,2000,27293.835
667,IRL,MLN_USD,2001,30144.827
668,IRL,MLN_USD,2002,32674.345
669,IRL,MLN_USD,2003,36124.418
670,IRL,MLN_USD,2004,42488.634
671,IRL,MLN_USD,2005,50212.846
672,IRL,MLN_USD,2006,58570.7
673,IRL,MLN_USD,2007,59073.381
674,IRL,MLN_USD,2008,49261.706
675,IRL,MLN_USD,2009,39805.472
676,IRL,MLN_USD,2010,34633.184
677,IRL,MLN_USD,2011,34487.609
678,IRL,MLN_USD,2012,41773.614
679,IRL,MLN_USD,2013,41140.824
680,IRL,MLN_USD,2014,49151.151
681,IRL,MLN_USD,2015,78278.513
682,IRL,MLN_USD,2016,121891.857
683,IRL,MLN_USD,2017,124297.82
684,IRL,MLN_USD,2018,117064.604
685,IRL,MLN_USD,2019,240400.113
686,IRL,MLN_USD,2020,198554.854
687,IRL,MLN_USD,2021,124817.466
688,IRL,MLN_USD,2022,174778.12
689,ITA,MLN_USD,1970,49489.814
690,ITA,MLN_USD,1971,51969.058
691,ITA,MLN_USD,1972,54965.744
692,ITA,MLN_USD,1973,66009.023
693,ITA,MLN_USD,1974,79789.431
694,ITA,MLN_USD,1975,81896.807
695,ITA,MLN_USD,1976,88485.371
696,ITA,MLN_USD,1977,95947.623
697,ITA,MLN_USD,1978,103310.843
698,ITA,MLN_USD,1979,118894.438
699,ITA,MLN_USD,1980,142100.247
700,ITA,MLN_USD,1981,157575.886
701,ITA,MLN_USD,1982,158292.258
702,ITA,MLN_USD,1983,157160.507
703,ITA,MLN_USD,1984,166881.857
704,ITA,MLN_USD,1985,173718.589
705,ITA,MLN_USD,1986,175947.145
706,ITA,MLN_USD,1987,186073.784
707,ITA,MLN_USD,1988,204390.146
708,ITA,MLN_USD,1989,220063.881
709,ITA,MLN_USD,1990,235661.498
710,ITA,MLN_USD,1991,242909.55
711,ITA,MLN_USD,1992,244116.596
712,ITA,MLN_USD,1993,221900.53
713,ITA,MLN_USD,1994,227959.47
714,ITA,MLN_USD,1995,246625.466
715,ITA,MLN_USD,1996,251701.915
716,ITA,MLN_USD,1997,260327.838
717,ITA,MLN_USD,1998,277477.659
718,ITA,MLN_USD,1999,289702.365
719,ITA,MLN_USD,2000,319639.578
720,ITA,MLN_USD,2001,331019.7
721,ITA,MLN_USD,2002,350291.492
722,ITA,MLN_USD,2003,349338.875
723,ITA,MLN_USD,2004,357413.74
724,ITA,MLN_USD,2005,371717.74
725,ITA,MLN_USD,2006,407191.326
726,ITA,MLN_USD,2007,432216.253
727,ITA,MLN_USD,2008,444647.524
728,ITA,MLN_USD,2009,411238.575
729,ITA,MLN_USD,2010,417304.108
730,ITA,MLN_USD,2011,428415.934
731,ITA,MLN_USD,2012,397742.915
732,ITA,MLN_USD,2013,376329.111
733,ITA,MLN_USD,2014,367930.575
734,ITA,MLN_USD,2015,379510.688
735,ITA,MLN_USD,2016,415653.54
736,ITA,MLN_USD,2017,440023.382
737,ITA,MLN_USD,2018,464057.895
738,ITA,MLN_USD,2019,492109.561
739,ITA,MLN_USD,2020,460755.88
740,ITA,MLN_USD,2021,563497.14
741,ITA,MLN_USD,2022,673289.347
742,JPN,MLN_USD,1970,135394.535
743,JPN,MLN_USD,1971,143651.163
744,JPN,MLN_USD,1972,161863.094
745,JPN,MLN_USD,1973,196728.749
746,JPN,MLN_USD,1974,202452.764
747,JPN,MLN_USD,1975,212760.336
748,JPN,MLN_USD,1976,224274.416
749,JPN,MLN_USD,1977,240490.351
750,JPN,MLN_USD,1978,273174.647
751,JPN,MLN_USD,1979,325090.863
752,JPN,MLN_USD,1980,363244.509
753,JPN,MLN_USD,1981,401763.712
754,JPN,MLN_USD,1982,425651.562
755,JPN,MLN_USD,1983,442727.337
756,JPN,MLN_USD,1984,472626.371
757,JPN,MLN_USD,1985,508256.257
758,JPN,MLN_USD,1986,536358.562
759,JPN,MLN_USD,1987,597276.967
760,JPN,MLN_USD,1988,693029.839
761,JPN,MLN_USD,1989,773086.971
762,JPN,MLN_USD,1990,859488.065
763,JPN,MLN_USD,1991,911708.451
764,JPN,MLN_USD,1992,905013.134
765,JPN,MLN_USD,1993,876802.391
766,JPN,MLN_USD,1994,874848.604
767,JPN,MLN_USD,1995,916230.733
768,JPN,MLN_USD,1996,992736.459
769,JPN,MLN_USD,1997,987728.415
770,JPN,MLN_USD,1998,944202.653
771,JPN,MLN_USD,1999,941910.1
772,JPN,MLN_USD,2000,985996.731
773,JPN,MLN_USD,2001,985237.504
774,JPN,MLN_USD,2002,957962.525
775,JPN,MLN_USD,2003,965258.538
776,JPN,MLN_USD,2004,997498.302
777,JPN,MLN_USD,2005,1064647.0
778,JPN,MLN_USD,2006,1120005.426
779,JPN,MLN_USD,2007,1138678.438
780,JPN,MLN_USD,2008,1142544.141
781,JPN,MLN_USD,2009,1014811.997
782,JPN,MLN_USD,2010,1023630.363
783,JPN,MLN_USD,2011,1081018.817
784,JPN,MLN_USD,2012,1141043.134
785,JPN,MLN_USD,2013,1233128.373
786,JPN,MLN_USD,2014,1262870.24
787,JPN,MLN_USD,2015,1298494.551
788,JPN,MLN_USD,2016,1277379.044
789,JPN,MLN_USD,2017,1315950.509
790,JPN,MLN_USD,2018,1350324.897
791,JPN,MLN_USD,2019,1367536.039
792,JPN,MLN_USD,2020,1342997.06
793,JPN,MLN_USD,2021,1377833.852
794,KOR,MLN_USD,1970,5004.658
795,KOR,MLN_USD,1971,5252.992
796,KOR,MLN_USD,1972,5396.185
797,KOR,MLN_USD,1973,7414.361
798,KOR,MLN_USD,1974,9901.923
799,KOR,MLN_USD,1975,11675.254
800,KOR,MLN_USD,1976,13513.296
801,KOR,MLN_USD,1977,17901.237
802,KOR,MLN_USD,1978,24335.207
803,KOR,MLN_USD,1979,29441.991
804,KOR,MLN_USD,1980,30107.697
805,KOR,MLN_USD,1981,31229.669
806,KOR,MLN_USD,1982,36734.146
807,KOR,MLN_USD,1983,44115.766
808,KOR,MLN_USD,1984,49582.29
809,KOR,MLN_USD,1985,54776.744
810,KOR,MLN_USD,1986,62003.384
811,KOR,MLN_USD,1987,73622.997
812,KOR,MLN_USD,1988,86510.941
813,KOR,MLN_USD,1989,102678.271
814,KOR,MLN_USD,1990,133722.631
815,KOR,MLN_USD,1991,159832.987
816,KOR,MLN_USD,1992,164893.07
817,KOR,MLN_USD,1993,177538.915
818,KOR,MLN_USD,1994,198061.007
819,KOR,MLN_USD,1995,226000.21
820,KOR,MLN_USD,1996,250838.497
821,KOR,MLN_USD,1997,257544.825
822,KOR,MLN_USD,1998,213255.419
823,KOR,MLN_USD,1999,234992.253
824,KOR,MLN_USD,2000,276695.091
825,KOR,MLN_USD,2001,287335.336
826,KOR,MLN_USD,2002,309702.958
827,KOR,MLN_USD,2003,330846.177
828,KOR,MLN_USD,2004,354727.195
829,KOR,MLN_USD,2005,369872.547
830,KOR,MLN_USD,2006,397093.995
831,KOR,MLN_USD,2007,426668.842
832,KOR,MLN_USD,2008,455328.186
833,KOR,MLN_USD,2009,449114.482
834,KOR,MLN_USD,2010,475374.369
835,KOR,MLN_USD,2011,490091.033
836,KOR,MLN_USD,2012,497859.561
837,KOR,MLN_USD,2013,502401.719
838,KOR,MLN_USD,2014,519097.907
839,KOR,MLN_USD,2015,560945.795
840,KOR,MLN_USD,2016,602403.429
841,KOR,MLN_USD,2017,662893.054
842,KOR,MLN_USD,2018,674472.443
843,KOR,MLN_USD,2019,676067.699
844,KOR,MLN_USD,2020,725169.512
845,KOR,MLN_USD,2021,765761.964
846,LUX,MLN_USD,1970,383.94
847,LUX,MLN_USD,1971,509.025
848,LUX,MLN_USD,1972,554.58
849,LUX,MLN_USD,1973,622.08
850,LUX,MLN_USD,1974,636.089
851,LUX,MLN_USD,1975,733.407
852,LUX,MLN_USD,1976,712.352
853,LUX,MLN_USD,1977,773.391
854,LUX,MLN_USD,1978,826.73
855,LUX,MLN_USD,1979,928.792
856,LUX,MLN_USD,1980,1135.574
857,LUX,MLN_USD,1981,1159.249
858,LUX,MLN_USD,1982,1223.403
859,LUX,MLN_USD,1983,1112.855
860,LUX,MLN_USD,1984,1155.685
861,LUX,MLN_USD,1985,1080.352
862,LUX,MLN_USD,1986,1538.818
863,LUX,MLN_USD,1987,1890.333
864,LUX,MLN_USD,1988,2130.099
865,LUX,MLN_USD,1989,2375.583
866,LUX,MLN_USD,1990,2630.651
867,LUX,MLN_USD,1991,3181.81
868,LUX,MLN_USD,1992,2806.33
869,LUX,MLN_USD,1993,3319.796
870,LUX,MLN_USD,1994,3323.354
871,LUX,MLN_USD,1995,3314.564
872,LUX,MLN_USD,1996,3264.345
873,LUX,MLN_USD,1997,3675.844
874,LUX,MLN_USD,1998,3979.656
875,LUX,MLN_USD,1999,4969.328
876,LUX,MLN_USD,2000,4960.803
877,LUX,MLN_USD,2001,5422.846
878,LUX,MLN_USD,2002,5567.457
879,LUX,MLN_USD,2003,5722.787
880,LUX,MLN_USD,2004,6295.555
881,LUX,MLN_USD,2005,6190.754
882,LUX,MLN_USD,2006,6790.297
883,LUX,MLN_USD,2007,7729.241
884,LUX,MLN_USD,2008,8954.616
885,LUX,MLN_USD,2009,7792.56
886,LUX,MLN_USD,2010,7706.579
887,LUX,MLN_USD,2011,9408.89
888,LUX,MLN_USD,2012,9839.752
889,LUX,MLN_USD,2013,10120.07
890,LUX,MLN_USD,2014,11218.763
891,LUX,MLN_USD,2015,10634.461
892,LUX,MLN_USD,2016,11404.556
893,LUX,MLN_USD,2017,12213.255
894,LUX,MLN_USD,2018,11476.112
895,LUX,MLN_USD,2019,12897.96
896,LUX,MLN_USD,2020,12489.723
897,LUX,MLN_USD,2021,13929.806
898,LUX,MLN_USD,2022,15881.904
899,MEX,MLN_USD,1970,19341.534
900,MEX,MLN_USD,1971,19065.807
901,MEX,MLN_USD,1972,22774.327
902,MEX,MLN_USD,1973,26495.272
903,MEX,MLN_USD,1974,31567.811
904,MEX,MLN_USD,1975,39243.392
905,MEX,MLN_USD,1976,42391.716
906,MEX,MLN_USD,1977,43497.087
907,MEX,MLN_USD,1978,54040.21
908,MEX,MLN_USD,1979,71019.42
909,MEX,MLN_USD,1980,86502.024
910,MEX,MLN_USD,1981,109780.316
911,MEX,MLN_USD,1982,100678.154
912,MEX,MLN_USD,1983,76542.315
913,MEX,MLN_USD,1984,84004.266
914,MEX,MLN_USD,1985,94785.036
915,MEX,MLN_USD,1986,94880.167
916,MEX,MLN_USD,1987,93868.317
917,MEX,MLN_USD,1988,102704.219
918,MEX,MLN_USD,1989,103562.673
919,MEX,MLN_USD,1990,117016.355
920,MEX,MLN_USD,1991,131533.187
921,MEX,MLN_USD,1992,146477.508
922,MEX,MLN_USD,1993,158143.945
923,MEX,MLN_USD,1994,176198.936
924,MEX,MLN_USD,1995,127203.267
925,MEX,MLN_USD,1996,155725.419
926,MEX,MLN_USD,1997,182427.243
927,MEX,MLN_USD,1998,206145.145
928,MEX,MLN_USD,1999,215095.318
929,MEX,MLN_USD,2000,235679.142
930,MEX,MLN_USD,2001,222643.965
931,MEX,MLN_USD,2002,219208.189
932,MEX,MLN_USD,2003,234214.924
933,MEX,MLN_USD,2004,258758.784
934,MEX,MLN_USD,2005,277797.261
935,MEX,MLN_USD,2006,320073.225
936,MEX,MLN_USD,2007,342476.9
937,MEX,MLN_USD,2008,383115.447
938,MEX,MLN_USD,2009,362007.828
939,MEX,MLN_USD,2010,375644.818
940,MEX,MLN_USD,2011,425725.586
941,MEX,MLN_USD,2012,459724.96
942,MEX,MLN_USD,2013,438755.221
943,MEX,MLN_USD,2014,456331.193
944,MEX,MLN_USD,2015,500247.186
945,MEX,MLN_USD,2016,543435.499
946,MEX,MLN_USD,2017,543636.604
947,MEX,MLN_USD,2018,558303.837
948,MEX,MLN_USD,2019,521334.149
949,MEX,MLN_USD,2020,440943.227
950,MEX,MLN_USD,2021,501076.596
951,NLD,MLN_USD,1969,13731.732
952,NLD,MLN_USD,1970,16179.416
953,NLD,MLN_USD,1971,17833.299
954,NLD,MLN_USD,1972,17654.618
955,NLD,MLN_USD,1973,18658.857
956,NLD,MLN_USD,1974,19609.432
957,NLD,MLN_USD,1975,20926.888
958,NLD,MLN_USD,1976,22079.607
959,NLD,MLN_USD,1977,25149.672
960,NLD,MLN_USD,1978,27704.963
961,NLD,MLN_USD,1979,29826.242
962,NLD,MLN_USD,1980,34455.23
963,NLD,MLN_USD,1981,34317.182
964,NLD,MLN_USD,1982,34900.872
965,NLD,MLN_USD,1983,36823.423
966,NLD,MLN_USD,1984,40315.462
967,NLD,MLN_USD,1985,44218.602
968,NLD,MLN_USD,1986,47623.308
969,NLD,MLN_USD,1987,50442.568
970,NLD,MLN_USD,1988,57583.368
971,NLD,MLN_USD,1989,61529.831
972,NLD,MLN_USD,1990,65503.469
973,NLD,MLN_USD,1991,67569.494
974,NLD,MLN_USD,1992,69613.03
975,NLD,MLN_USD,1993,69580.49
976,NLD,MLN_USD,1994,71238.763
977,NLD,MLN_USD,1995,75861.95
978,NLD,MLN_USD,1996,82130.136
979,NLD,MLN_USD,1997,88058.01
980,NLD,MLN_USD,1998,95082.999
981,NLD,MLN_USD,1999,106061.911
982,NLD,MLN_USD,2000,114396.263
983,NLD,MLN_USD,2001,117918.704
984,NLD,MLN_USD,2002,117284.202
985,NLD,MLN_USD,2003,114144.794
986,NLD,MLN_USD,2004,118313.977
987,NLD,MLN_USD,2005,125347.338
988,NLD,MLN_USD,2006,141052.651
989,NLD,MLN_USD,2007,167686.951
990,NLD,MLN_USD,2008,168843.111
991,NLD,MLN_USD,2009,156928.574
992,NLD,MLN_USD,2010,147406.058
993,NLD,MLN_USD,2011,156644.519
994,NLD,MLN_USD,2012,148597.452
995,NLD,MLN_USD,2013,151894.477
996,NLD,MLN_USD,2014,146066.113
997,NLD,MLN_USD,2015,188317.423
998,NLD,MLN_USD,2016,178107.265
999,NLD,MLN_USD,2017,190078.615
1000,NLD,MLN_USD,2018,203532.283
1001,NLD,MLN_USD,2019,221958.813
1002,NLD,MLN_USD,2020,226536.229
1003,NLD,MLN_USD,2021,239768.263
1004,NLD,MLN_USD,2022,270498.22
1005,NZL,MLN_USD,1970,2529.38
1006,NZL,MLN_USD,1971,2772.38
1007,NZL,MLN_USD,1972,3326.633
1008,NZL,MLN_USD,1973,3676.615
1009,NZL,MLN_USD,1974,4729.694
1010,NZL,MLN_USD,1975,5782.564
1011,NZL,MLN_USD,1976,5460.09
1012,NZL,MLN_USD,1977,4910.472
1013,NZL,MLN_USD,1978,5296.95
1014,NZL,MLN_USD,1979,5160.994
1015,NZL,MLN_USD,1980,5753.829
1016,NZL,MLN_USD,1981,7410.117
1017,NZL,MLN_USD,1982,8456.114
1018,NZL,MLN_USD,1983,9241.907
1019,NZL,MLN_USD,1984,10404.915
1020,NZL,MLN_USD,1985,11147.069
1021,NZL,MLN_USD,1986,10436.082
1022,NZL,MLN_USD,1987,10273.934
1023,NZL,MLN_USD,1988,9683.861
1024,NZL,MLN_USD,1989,10343.99
1025,NZL,MLN_USD,1990,10213.057
1026,NZL,MLN_USD,1991,8966.11
1027,NZL,MLN_USD,1992,9404.567
1028,NZL,MLN_USD,1993,11112.16
1029,NZL,MLN_USD,1994,13179.305
1030,NZL,MLN_USD,1995,14727.281
1031,NZL,MLN_USD,1996,15374.826
1032,NZL,MLN_USD,1997,16017.994
1033,NZL,MLN_USD,1998,15152.219
1034,NZL,MLN_USD,1999,17264.718
1035,NZL,MLN_USD,2000,17295.11
1036,NZL,MLN_USD,2001,18782.368
1037,NZL,MLN_USD,2002,20187.727
1038,NZL,MLN_USD,2003,22469.363
1039,NZL,MLN_USD,2004,24849.974
1040,NZL,MLN_USD,2005,26267.093
1041,NZL,MLN_USD,2006,27751.613
1042,NZL,MLN_USD,2007,29626.852
1043,NZL,MLN_USD,2008,28842.657
1044,NZL,MLN_USD,2009,26628.582
1045,NZL,MLN_USD,2010,26831.583
1046,NZL,MLN_USD,2011,28622.773
1047,NZL,MLN_USD,2012,30184.757
1048,NZL,MLN_USD,2013,34363.564
1049,NZL,MLN_USD,2014,37855.805
1050,NZL,MLN_USD,2015,39577.423
1051,NZL,MLN_USD,2016,42480.679
1052,NZL,MLN_USD,2017,46667.997
1053,NZL,MLN_USD,2018,48992.572
1054,NZL,MLN_USD,2019,53514.084
1055,NZL,MLN_USD,2020,51996.365
1056,NZL,MLN_USD,2021,57838.688
1057,NOR,MLN_USD,1970,3650.1
1058,NOR,MLN_USD,1971,4426.757
1059,NOR,MLN_USD,1972,4592.023
1060,NOR,MLN_USD,1973,5274.675
1061,NOR,MLN_USD,1974,6318.797
1062,NOR,MLN_USD,1975,7921.5
1063,NOR,MLN_USD,1976,9437.65
1064,NOR,MLN_USD,1977,10477.61
1065,NOR,MLN_USD,1978,9945.608
1066,NOR,MLN_USD,1979,10784.722
1067,NOR,MLN_USD,1980,11250.826
1068,NOR,MLN_USD,1981,12635.604
1069,NOR,MLN_USD,1982,13525.083
1070,NOR,MLN_USD,1983,14904.117
1071,NOR,MLN_USD,1984,15595.415
1072,NOR,MLN_USD,1985,16033.324
1073,NOR,MLN_USD,1986,18869.466
1074,NOR,MLN_USD,1987,19887.906
1075,NOR,MLN_USD,1988,20928.215
1076,NOR,MLN_USD,1989,19883.007
1077,NOR,MLN_USD,1990,17880.938
1078,NOR,MLN_USD,1991,18150.251
1079,NOR,MLN_USD,1992,18456.176
1080,NOR,MLN_USD,1993,19825.432
1081,NOR,MLN_USD,1994,21595.806
1082,NOR,MLN_USD,1995,22767.665
1083,NOR,MLN_USD,1996,25648.417
1084,NOR,MLN_USD,1997,29680.225
1085,NOR,MLN_USD,1998,33120.214
1086,NOR,MLN_USD,1999,31992.497
1087,NOR,MLN_USD,2000,32890.086
1088,NOR,MLN_USD,2001,33295.233
1089,NOR,MLN_USD,2002,33485.929
1090,NOR,MLN_USD,2003,33272.187
1091,NOR,MLN_USD,2004,38385.317
1092,NOR,MLN_USD,2005,45016.528
1093,NOR,MLN_USD,2006,52878.218
1094,NOR,MLN_USD,2007,62144.101
1095,NOR,MLN_USD,2008,66551.563
1096,NOR,MLN_USD,2009,62183.865
1097,NOR,MLN_USD,2010,58752.83
1098,NOR,MLN_USD,2011,66149.343
1099,NOR,MLN_USD,2012,73628.053
1100,NOR,MLN_USD,2013,80197.257
1101,NOR,MLN_USD,2014,80791.122
1102,NOR,MLN_USD,2015,74656.511
1103,NOR,MLN_USD,2016,77757.395
1104,NOR,MLN_USD,2017,83015.395
1105,NOR,MLN_USD,2018,88721.211
1106,NOR,MLN_USD,2019,99559.154
1107,NOR,MLN_USD,2020,96128.4
1108,NOR,MLN_USD,2021,102735.903
1109,NOR,MLN_USD,2022,102068.19
1110,POL,MLN_USD,1990,46307.582
1111,POL,MLN_USD,1991,41358.032
1112,POL,MLN_USD,1992,37326.725
1113,POL,MLN_USD,1993,37512.555
1114,POL,MLN_USD,1994,45557.991
1115,POL,MLN_USD,1995,51661.285
1116,POL,MLN_USD,1996,61972.446
1117,POL,MLN_USD,1997,76426.791
1118,POL,MLN_USD,1998,87747.637
1119,POL,MLN_USD,1999,94081.351
1120,POL,MLN_USD,2000,96757.322
1121,POL,MLN_USD,2001,86953.714
1122,POL,MLN_USD,2002,83071.685
1123,POL,MLN_USD,2003,85177.464
1124,POL,MLN_USD,2004,93470.348
1125,POL,MLN_USD,2005,100204.28
1126,POL,MLN_USD,2006,117918.66
1127,POL,MLN_USD,2007,143915.3
1128,POL,MLN_USD,2008,161239.313
1129,POL,MLN_USD,2009,157404.166
1130,POL,MLN_USD,2010,156736.05
1131,POL,MLN_USD,2011,176742.994
1132,POL,MLN_USD,2012,175824.344
1133,POL,MLN_USD,2013,175518.83
1134,POL,MLN_USD,2014,193688.446
1135,POL,MLN_USD,2015,208053.138
1136,POL,MLN_USD,2016,197530.841
1137,POL,MLN_USD,2017,199884.167
1138,POL,MLN_USD,2018,227866.146
1139,POL,MLN_USD,2019,251196.59
1140,POL,MLN_USD,2020,245102.679
1141,POL,MLN_USD,2021,245345.736
1142,POL,MLN_USD,2022,276163.593
1143,PRT,MLN_USD,1970,4549.279
1144,PRT,MLN_USD,1971,5425.89
1145,PRT,MLN_USD,1972,6697.505
1146,PRT,MLN_USD,1973,7774.847
1147,PRT,MLN_USD,1974,8313.047
1148,PRT,MLN_USD,1975,8661.118
1149,PRT,MLN_USD,1976,9445.516
1150,PRT,MLN_USD,1977,11200.779
1151,PRT,MLN_USD,1978,12988.078
1152,PRT,MLN_USD,1979,14144.07
1153,PRT,MLN_USD,1980,17340.962
1154,PRT,MLN_USD,1981,20824.753
1155,PRT,MLN_USD,1982,22742.809
1156,PRT,MLN_USD,1983,22158.99
1157,PRT,MLN_USD,1984,18200.282
1158,PRT,MLN_USD,1985,17846.622
1159,PRT,MLN_USD,1986,19229.073
1160,PRT,MLN_USD,1987,23200.491
1161,PRT,MLN_USD,1988,27520.848
1162,PRT,MLN_USD,1989,29587.733
1163,PRT,MLN_USD,1990,31445.887
1164,PRT,MLN_USD,1991,32270.65
1165,PRT,MLN_USD,1992,31723.245
1166,PRT,MLN_USD,1993,29827.535
1167,PRT,MLN_USD,1994,30790.208
1168,PRT,MLN_USD,1995,33629.731
1169,PRT,MLN_USD,1996,35776.389
1170,PRT,MLN_USD,1997,41493.679
1171,PRT,MLN_USD,1998,46368.288
1172,PRT,MLN_USD,1999,49951.273
1173,PRT,MLN_USD,2000,54403.329
1174,PRT,MLN_USD,2001,55412.11
1175,PRT,MLN_USD,2002,54845.219
1176,PRT,MLN_USD,2003,51818.869
1177,PRT,MLN_USD,2004,52744.415
1178,PRT,MLN_USD,2005,55201.098
1179,PRT,MLN_USD,2006,58518.248
1180,PRT,MLN_USD,2007,61077.062
1181,PRT,MLN_USD,2008,64338.768
1182,PRT,MLN_USD,2009,59285.393
1183,PRT,MLN_USD,2010,59299.63
1184,PRT,MLN_USD,2011,52059.486
1185,PRT,MLN_USD,2012,43990.027
1186,PRT,MLN_USD,2013,43094.569
1187,PRT,MLN_USD,2014,44937.207
1188,PRT,MLN_USD,2015,47673.554
1189,PRT,MLN_USD,2016,50564.501
1190,PRT,MLN_USD,2017,57127.674
1191,PRT,MLN_USD,2018,62940.731
1192,PRT,MLN_USD,2019,69468.269
1193,PRT,MLN_USD,2020,69127.03
1194,PRT,MLN_USD,2021,76785.74
1195,PRT,MLN_USD,2022,88001.406
1196,SVK,MLN_USD,1992,12415.109
1197,SVK,MLN_USD,1993,12435.074
1198,SVK,MLN_USD,1994,11961.357
1199,SVK,MLN_USD,1995,12160.806
1200,SVK,MLN_USD,1996,16697.886
1201,SVK,MLN_USD,1997,19046.275
1202,SVK,MLN_USD,1998,21105.34
1203,SVK,MLN_USD,1999,17756.033
1204,SVK,MLN_USD,2000,16009.805
1205,SVK,MLN_USD,2001,19261.38
1206,SVK,MLN_USD,2002,19772.22
1207,SVK,MLN_USD,2003,18557.471
1208,SVK,MLN_USD,2004,19499.863
1209,SVK,MLN_USD,2005,23423.908
1210,SVK,MLN_USD,2006,25991.854
1211,SVK,MLN_USD,2007,29006.684
1212,SVK,MLN_USD,2008,31588.499
1213,SVK,MLN_USD,2009,25860.754
1214,SVK,MLN_USD,2010,28783.488
1215,SVK,MLN_USD,2011,32852.27
1216,SVK,MLN_USD,2012,29732.436
1217,SVK,MLN_USD,2013,31039.666
1218,SVK,MLN_USD,2014,32210.778
1219,SVK,MLN_USD,2015,38594.404
1220,SVK,MLN_USD,2016,33965.613
1221,SVK,MLN_USD,2017,34601.48
1222,SVK,MLN_USD,2018,35717.324
1223,SVK,MLN_USD,2019,39217.759
1224,SVK,MLN_USD,2020,35052.799
1225,SVK,MLN_USD,2021,34991.982
1226,SVK,MLN_USD,2022,40798.17
1227,ESP,MLN_USD,1970,25542.514
1228,ESP,MLN_USD,1971,25681.47
1229,ESP,MLN_USD,1972,30339.773
1230,ESP,MLN_USD,1973,36539.933
1231,ESP,MLN_USD,1974,44516.504
1232,ESP,MLN_USD,1975,46192.637
1233,ESP,MLN_USD,1976,47481.635
1234,ESP,MLN_USD,1977,49786.738
1235,ESP,MLN_USD,1978,51197.946
1236,ESP,MLN_USD,1979,52823.211
1237,ESP,MLN_USD,1980,60208.211
1238,ESP,MLN_USD,1981,65467.899
1239,ESP,MLN_USD,1982,69668.145
1240,ESP,MLN_USD,1983,71664.978
1241,ESP,MLN_USD,1984,69265.196
1242,ESP,MLN_USD,1985,75083.34
1243,ESP,MLN_USD,1986,81187.754
1244,ESP,MLN_USD,1987,92948.969
1245,ESP,MLN_USD,1988,109389.924
1246,ESP,MLN_USD,1989,125999.971
1247,ESP,MLN_USD,1990,136990.943
1248,ESP,MLN_USD,1991,141086.661
1249,ESP,MLN_USD,1992,134070.634
1250,ESP,MLN_USD,1993,124874.997
1251,ESP,MLN_USD,1994,129651.127
1252,ESP,MLN_USD,1995,141680.912
1253,ESP,MLN_USD,1996,146890.078
1254,ESP,MLN_USD,1997,158800.516
1255,ESP,MLN_USD,1998,178800.396
1256,ESP,MLN_USD,1999,199310.036
1257,ESP,MLN_USD,2000,227188.88
1258,ESP,MLN_USD,2001,242641.815
1259,ESP,MLN_USD,2002,264108.63
1260,ESP,MLN_USD,2003,286348.455
1261,ESP,MLN_USD,2004,312040.613
1262,ESP,MLN_USD,2005,349627.082
1263,ESP,MLN_USD,2006,409514.546
1264,ESP,MLN_USD,2007,438580.465
1265,ESP,MLN_USD,2008,425503.693
1266,ESP,MLN_USD,2009,343904.584
1267,ESP,MLN_USD,2010,321519.107
1268,ESP,MLN_USD,2011,298243.022
1269,ESP,MLN_USD,2012,274884.31
1270,ESP,MLN_USD,2013,262655.557
1271,ESP,MLN_USD,2014,277062.92
1272,ESP,MLN_USD,2015,292026.946
1273,ESP,MLN_USD,2016,311288.805
1274,ESP,MLN_USD,2017,343878.394
1275,ESP,MLN_USD,2018,370365.369
1276,ESP,MLN_USD,2019,407036.493
1277,ESP,MLN_USD,2020,366250.551
1278,ESP,MLN_USD,2021,381101.235
1279,ESP,MLN_USD,2022,444918.002
1280,SWE,MLN_USD,1960,5291.125
1281,SWE,MLN_USD,1961,5790.636
1282,SWE,MLN_USD,1962,6314.877
1283,SWE,MLN_USD,1963,6884.696
1284,SWE,MLN_USD,1964,7587.635
1285,SWE,MLN_USD,1965,8134.19
1286,SWE,MLN_USD,1966,8629.963
1287,SWE,MLN_USD,1967,9188.408
1288,SWE,MLN_USD,1968,9608.604
1289,SWE,MLN_USD,1969,10306.696
1290,SWE,MLN_USD,1970,11229.567
1291,SWE,MLN_USD,1971,11612.992
1292,SWE,MLN_USD,1972,12535.005
1293,SWE,MLN_USD,1973,13554.322
1294,SWE,MLN_USD,1974,14968.758
1295,SWE,MLN_USD,1975,16339.637
1296,SWE,MLN_USD,1976,17639.712
1297,SWE,MLN_USD,1977,18376.583
1298,SWE,MLN_USD,1978,18434.8
1299,SWE,MLN_USD,1979,21148.834
1300,SWE,MLN_USD,1980,23902.418
1301,SWE,MLN_USD,1981,24726.128
1302,SWE,MLN_USD,1982,26392.76
1303,SWE,MLN_USD,1983,28378.599
1304,SWE,MLN_USD,1984,31151.29
1305,SWE,MLN_USD,1985,34439.532
1306,SWE,MLN_USD,1986,34484.625
1307,SWE,MLN_USD,1987,38032.848
1308,SWE,MLN_USD,1988,42153.347
1309,SWE,MLN_USD,1989,49197.169
1310,SWE,MLN_USD,1990,50794.184
1311,SWE,MLN_USD,1991,46575.312
1312,SWE,MLN_USD,1992,41447.179
1313,SWE,MLN_USD,1993,35082.065
1314,SWE,MLN_USD,1994,37371.023
1315,SWE,MLN_USD,1995,40212.562
1316,SWE,MLN_USD,1996,42812.42
1317,SWE,MLN_USD,1997,43893.23
1318,SWE,MLN_USD,1998,47820.305
1319,SWE,MLN_USD,1999,52380.853
1320,SWE,MLN_USD,2000,58504.871
1321,SWE,MLN_USD,2001,60393.394
1322,SWE,MLN_USD,2002,60869.027
1323,SWE,MLN_USD,2003,61694.136
1324,SWE,MLN_USD,2004,66633.026
1325,SWE,MLN_USD,2005,69299.44
1326,SWE,MLN_USD,2006,79580.771
1327,SWE,MLN_USD,2007,90443.357
1328,SWE,MLN_USD,2008,95407.831
1329,SWE,MLN_USD,2009,84248.914
1330,SWE,MLN_USD,2010,89053.247
1331,SWE,MLN_USD,2011,96501.808
1332,SWE,MLN_USD,2012,98276.578
1333,SWE,MLN_USD,2013,99796.334
1334,SWE,MLN_USD,2014,106272.042
1335,SWE,MLN_USD,2015,114294.578
1336,SWE,MLN_USD,2016,121155.176
1337,SWE,MLN_USD,2017,131332.302
1338,SWE,MLN_USD,2018,137126.819
1339,SWE,MLN_USD,2019,141521.309
1340,SWE,MLN_USD,2020,145983.556
1341,SWE,MLN_USD,2021,159225.067
1342,SWE,MLN_USD,2022,183431.214
1343,CHE,MLN_USD,1970,16350.088
1344,CHE,MLN_USD,1971,18999.26
1345,CHE,MLN_USD,1972,20756.611
1346,CHE,MLN_USD,1973,22332.49
1347,CHE,MLN_USD,1974,23166.121
1348,CHE,MLN_USD,1975,20448.872
1349,CHE,MLN_USD,1976,18239.725
1350,CHE,MLN_USD,1977,19987.549
1351,CHE,MLN_USD,1978,22187.434
1352,CHE,MLN_USD,1979,25078.94
1353,CHE,MLN_USD,1980,31177.118
1354,CHE,MLN_USD,1981,35015.078
1355,CHE,MLN_USD,1982,34821.398
1356,CHE,MLN_USD,1983,37263.377
1357,CHE,MLN_USD,1984,39444.384
1358,CHE,MLN_USD,1985,42714.318
1359,CHE,MLN_USD,1986,45505.535
1360,CHE,MLN_USD,1987,47856.8
1361,CHE,MLN_USD,1988,54043.853
1362,CHE,MLN_USD,1989,59542.484
1363,CHE,MLN_USD,1990,62983.23
1364,CHE,MLN_USD,1991,61831.114
1365,CHE,MLN_USD,1992,56726.269
1366,CHE,MLN_USD,1993,54326.25
1367,CHE,MLN_USD,1994,56707.665
1368,CHE,MLN_USD,1995,58039.781
1369,CHE,MLN_USD,1996,57048.331
1370,CHE,MLN_USD,1997,59586.804
1371,CHE,MLN_USD,1998,64565.613
1372,CHE,MLN_USD,1999,67644.8
1373,CHE,MLN_USD,2000,72534.113
1374,CHE,MLN_USD,2001,73457.488
1375,CHE,MLN_USD,2002,76350.683
1376,CHE,MLN_USD,2003,75422.804
1377,CHE,MLN_USD,2004,81084.286
1378,CHE,MLN_USD,2005,84194.981
1379,CHE,MLN_USD,2006,93710.481
1380,CHE,MLN_USD,2007,104621.65
1381,CHE,MLN_USD,2008,110014.77
1382,CHE,MLN_USD,2009,103435.774
1383,CHE,MLN_USD,2010,107298.522
1384,CHE,MLN_USD,2011,116088.3
1385,CHE,MLN_USD,2012,124866.838
1386,CHE,MLN_USD,2013,130812.965
1387,CHE,MLN_USD,2014,137189.627
1388,CHE,MLN_USD,2015,142766.027
1389,CHE,MLN_USD,2016,149445.842
1390,CHE,MLN_USD,2017,156475.492
1391,CHE,MLN_USD,2018,160113.104
1392,CHE,MLN_USD,2019,165897.509
1393,CHE,MLN_USD,2020,162558.434
1394,CHE,MLN_USD,2021,176045.361
1395,CHE,MLN_USD,2022,187806.246
1396,TUR,MLN_USD,1970,11023.402
1397,TUR,MLN_USD,1971,11233.862
1398,TUR,MLN_USD,1972,12963.381
1399,TUR,MLN_USD,1973,14667.606
1400,TUR,MLN_USD,1974,17439.738
1401,TUR,MLN_USD,1975,21634.683
1402,TUR,MLN_USD,1976,29449.827
1403,TUR,MLN_USD,1977,31460.043
1404,TUR,MLN_USD,1978,28185.292
1405,TUR,MLN_USD,1979,31532.2
1406,TUR,MLN_USD,1980,27670.968
1407,TUR,MLN_USD,1981,38621.763
1408,TUR,MLN_USD,1982,42347.908
1409,TUR,MLN_USD,1983,45316.888
1410,TUR,MLN_USD,1984,50244.585
1411,TUR,MLN_USD,1985,62158.033
1412,TUR,MLN_USD,1986,77670.554
1413,TUR,MLN_USD,1987,86425.676
1414,TUR,MLN_USD,1988,96395.368
1415,TUR,MLN_USD,1989,87715.848
1416,TUR,MLN_USD,1990,99712.601
1417,TUR,MLN_USD,1991,108407.384
1418,TUR,MLN_USD,1992,116546.909
1419,TUR,MLN_USD,1993,144621.982
1420,TUR,MLN_USD,1994,129655.736
1421,TUR,MLN_USD,1995,137389.87
1422,TUR,MLN_USD,1996,157295.634
1423,TUR,MLN_USD,1997,180826.048
1424,TUR,MLN_USD,1998,130927.092
1425,TUR,MLN_USD,1999,108652.198
1426,TUR,MLN_USD,2000,135278.574
1427,TUR,MLN_USD,2001,106954.073
1428,TUR,MLN_USD,2002,119272.118
1429,TUR,MLN_USD,2003,132566.352
1430,TUR,MLN_USD,2004,185252.989
1431,TUR,MLN_USD,2005,215271.454
1432,TUR,MLN_USD,2006,269117.054
1433,TUR,MLN_USD,2007,290838.99
1434,TUR,MLN_USD,2008,303707.065
1435,TUR,MLN_USD,2009,247298.12
1436,TUR,MLN_USD,2010,312552.273
1437,TUR,MLN_USD,2011,403429.491
1438,TUR,MLN_USD,2012,419591.714
1439,TUR,MLN_USD,2013,482930.397
1440,TUR,MLN_USD,2014,534805.978
1441,TUR,MLN_USD,2015,597710.894
1442,TUR,MLN_USD,2016,616046.156
1443,TUR,MLN_USD,2017,676046.18
1444,TUR,MLN_USD,2018,682926.189
1445,TUR,MLN_USD,2019,599272.705
1446,TUR,MLN_USD,2020,639263.718
1447,TUR,MLN_USD,2021,726510.049
1448,GBR,MLN_USD,1970,47709.543
1449,GBR,MLN_USD,1971,52042.073
1450,GBR,MLN_USD,1972,55601.003
1451,GBR,MLN_USD,1973,66740.983
1452,GBR,MLN_USD,1974,75287.395
1453,GBR,MLN_USD,1975,78823.671
1454,GBR,MLN_USD,1976,84445.58
1455,GBR,MLN_USD,1977,87217.964
1456,GBR,MLN_USD,1978,95679.711
1457,GBR,MLN_USD,1979,108120.332
1458,GBR,MLN_USD,1980,111419.67
1459,GBR,MLN_USD,1981,109651.254
1460,GBR,MLN_USD,1982,118763.62
1461,GBR,MLN_USD,1983,127599.458
1462,GBR,MLN_USD,1984,143215.979
1463,GBR,MLN_USD,1985,153971.372
1464,GBR,MLN_USD,1986,160707.993
1465,GBR,MLN_USD,1987,180343.813
1466,GBR,MLN_USD,1988,214478.166
1467,GBR,MLN_USD,1989,239220.584
1468,GBR,MLN_USD,1990,231117.774
1469,GBR,MLN_USD,1991,207897.223
1470,GBR,MLN_USD,1992,199339.369
1471,GBR,MLN_USD,1993,199790.006
1472,GBR,MLN_USD,1994,216790.208
1473,GBR,MLN_USD,1995,216134.706
1474,GBR,MLN_USD,1996,237590.815
1475,GBR,MLN_USD,1997,230915.757
1476,GBR,MLN_USD,1998,242874.77
1477,GBR,MLN_USD,1999,251238.993
1478,GBR,MLN_USD,2000,278057.718
1479,GBR,MLN_USD,2001,292661.84
1480,GBR,MLN_USD,2002,305767.741
1481,GBR,MLN_USD,2003,316388.945
1482,GBR,MLN_USD,2004,335386.941
1483,GBR,MLN_USD,2005,346410.985
1484,GBR,MLN_USD,2006,375623.669
1485,GBR,MLN_USD,2007,393763.624
1486,GBR,MLN_USD,2008,398398.926
1487,GBR,MLN_USD,2009,350363.06
1488,GBR,MLN_USD,2010,366629.262
1489,GBR,MLN_USD,2011,368596.062
1490,GBR,MLN_USD,2012,381995.544
1491,GBR,MLN_USD,2013,407040.38
1492,GBR,MLN_USD,2014,440568.201
1493,GBR,MLN_USD,2015,479577.63
1494,GBR,MLN_USD,2016,515076.406
1495,GBR,MLN_USD,2017,552461.997
1496,GBR,MLN_USD,2018,561496.125
1497,GBR,MLN_USD,2019,593650.389
1498,GBR,MLN_USD,2020,533692.444
1499,GBR,MLN_USD,2021,581521.225
1500,GBR,MLN_USD,2022,673901.793
1501,USA,MLN_USD,1972,279724.0
1502,USA,MLN_USD,1973,316688.0
1503,USA,MLN_USD,1974,336702.0
1504,USA,MLN_USD,1975,347912.0
1505,USA,MLN_USD,1976,395754.0
1506,USA,MLN_USD,1977,467452.0
1507,USA,MLN_USD,1978,558153.0
1508,USA,MLN_USD,1979,641769.0
1509,USA,MLN_USD,1980,672378.0
1510,USA,MLN_USD,1981,748760.0
1511,USA,MLN_USD,1982,752891.0
1512,USA,MLN_USD,1983,814433.0
1513,USA,MLN_USD,1984,947866.0
1514,USA,MLN_USD,1985,1027702.0
1515,USA,MLN_USD,1986,1080662.0
1516,USA,MLN_USD,1987,1119664.0
1517,USA,MLN_USD,1988,1176882.0
1518,USA,MLN_USD,1989,1242441.0
1519,USA,MLN_USD,1990,1269272.0
1520,USA,MLN_USD,1991,1238832.0
1521,USA,MLN_USD,1992,1292796.0
1522,USA,MLN_USD,1993,1377895.0
1523,USA,MLN_USD,1994,1486873.0
1524,USA,MLN_USD,1995,1594003.0
1525,USA,MLN_USD,1996,1721214.0
1526,USA,MLN_USD,1997,1851279.0
1527,USA,MLN_USD,1998,2016953.0
1528,USA,MLN_USD,1999,2194721.0
1529,USA,MLN_USD,2000,2372714.0
1530,USA,MLN_USD,2001,2385009.0
1531,USA,MLN_USD,2002,2354119.0
1532,USA,MLN_USD,2003,2477183.0
1533,USA,MLN_USD,2004,2703389.0
1534,USA,MLN_USD,2005,2990493.0
1535,USA,MLN_USD,2006,3182858.0
1536,USA,MLN_USD,2007,3231084.0
1537,USA,MLN_USD,2008,3136450.0
1538,USA,MLN_USD,2009,2723344.0
1539,USA,MLN_USD,2010,2756059.0
1540,USA,MLN_USD,2011,2922919.0
1541,USA,MLN_USD,2012,3171573.0
1542,USA,MLN_USD,2013,3321886.0
1543,USA,MLN_USD,2014,3562780.0
1544,USA,MLN_USD,2015,3722979.0
1545,USA,MLN_USD,2016,3808723.0
1546,USA,MLN_USD,2017,4021712.0
1547,USA,MLN_USD,2018,4295134.0
1548,USA,MLN_USD,2019,4485471.0
1549,USA,MLN_USD,2020,4489254.0
1550,USA,MLN_USD,2021,4939579.0
1551,CHL,MLN_USD,1986,7952.22
1552,CHL,MLN_USD,1987,9840.278
1553,CHL,MLN_USD,1988,11431.815
1554,CHL,MLN_USD,1989,15249.459
1555,CHL,MLN_USD,1990,16105.448
1556,CHL,MLN_USD,1991,15484.411
1557,CHL,MLN_USD,1992,20002.937
1558,CHL,MLN_USD,1993,24348.245
1559,CHL,MLN_USD,1994,24554.295
1560,CHL,MLN_USD,1995,28441.537
1561,CHL,MLN_USD,1996,32453.367
1562,CHL,MLN_USD,1997,36390.567
1563,CHL,MLN_USD,1998,36924.562
1564,CHL,MLN_USD,1999,30347.291
1565,CHL,MLN_USD,2000,32040.87
1566,CHL,MLN_USD,2001,34478.331
1567,CHL,MLN_USD,2002,35793.956
1568,CHL,MLN_USD,2003,37907.161
1569,CHL,MLN_USD,2004,40223.695
1570,CHL,MLN_USD,2005,47949.084
1571,CHL,MLN_USD,2006,53940.469
1572,CHL,MLN_USD,2007,61186.16
1573,CHL,MLN_USD,2008,74125.788
1574,CHL,MLN_USD,2009,65445.12
1575,CHL,MLN_USD,2010,70854.411
1576,CHL,MLN_USD,2011,86310.707
1577,CHL,MLN_USD,2012,100139.647
1578,CHL,MLN_USD,2013,103463.465
1579,CHL,MLN_USD,2014,102633.449
1580,CHL,MLN_USD,2015,103282.268
1581,CHL,MLN_USD,2016,102508.491
1582,CHL,MLN_USD,2017,100357.993
1583,CHL,MLN_USD,2018,110199.643
1584,CHL,MLN_USD,2019,119715.154
1585,CHL,MLN_USD,2020,110162.316
1586,CHL,MLN_USD,2021,132524.719
1587,CHN,MLN_USD,1970,21185.259
1588,CHN,MLN_USD,1971,24531.21
1589,CHN,MLN_USD,1972,26336.512
1590,CHN,MLN_USD,1973,29522.823
1591,CHN,MLN_USD,1974,36013.349
1592,CHN,MLN_USD,1975,46784.983
1593,CHN,MLN_USD,1976,48571.729
1594,CHN,MLN_USD,1977,53754.795
1595,CHN,MLN_USD,1978,65247.496
1596,CHN,MLN_USD,1979,73463.175
1597,CHN,MLN_USD,1980,87011.022
1598,CHN,MLN_USD,1981,95550.182
1599,CHN,MLN_USD,1982,114584.245
1600,CHN,MLN_USD,1983,131604.166
1601,CHN,MLN_USD,1984,163443.281
1602,CHN,MLN_USD,1985,198499.735
1603,CHN,MLN_USD,1986,224450.24
1604,CHN,MLN_USD,1987,253490.271
1605,CHN,MLN_USD,1988,296598.481
1606,CHN,MLN_USD,1989,264860.961
1607,CHN,MLN_USD,1990,267258.879
1608,CHN,MLN_USD,1991,323471.524
1609,CHN,MLN_USD,1992,446172.311
1610,CHN,MLN_USD,1993,635772.508
1611,CHN,MLN_USD,1994,681529.884
1612,CHN,MLN_USD,1995,724974.954
1613,CHN,MLN_USD,1996,793965.309
1614,CHN,MLN_USD,1997,864441.62
1615,CHN,MLN_USD,1998,999912.545
1616,CHN,MLN_USD,1999,1080221.69
1617,CHN,MLN_USD,2000,1199970.927
1618,CHN,MLN_USD,2001,1365032.544
1619,CHN,MLN_USD,2002,1585505.165
1620,CHN,MLN_USD,2003,1941447.868
1621,CHN,MLN_USD,2004,2268171.145
1622,CHN,MLN_USD,2005,2599003.183
1623,CHN,MLN_USD,2006,2966371.538
1624,CHN,MLN_USD,2007,3405226.614
1625,CHN,MLN_USD,2008,3922839.805
1626,CHN,MLN_USD,2009,4844300.781
1627,CHN,MLN_USD,2010,5438519.674
1628,CHN,MLN_USD,2011,6072326.881
1629,CHN,MLN_USD,2012,6692582.051
1630,CHN,MLN_USD,2013,7205390.125
1631,CHN,MLN_USD,2014,7508722.364
1632,CHN,MLN_USD,2015,7491420.293
1633,CHN,MLN_USD,2016,7775318.5
1634,CHN,MLN_USD,2017,8324947.861
1635,CHN,MLN_USD,2018,9312590.667
1636,CHN,MLN_USD,2019,10038431.071
1637,CHN,MLN_USD,2020,10305337.021
1638,CHN,MLN_USD,2021,11436874.379
1639,COL,MLN_USD,1975,5379.568
1640,COL,MLN_USD,1976,6206.946
1641,COL,MLN_USD,1977,6329.343
1642,COL,MLN_USD,1978,7840.275
1643,COL,MLN_USD,1979,9041.402
1644,COL,MLN_USD,1980,11254.638
1645,COL,MLN_USD,1981,13364.678
1646,COL,MLN_USD,1982,14281.55
1647,COL,MLN_USD,1983,14953.824
1648,COL,MLN_USD,1984,15937.053
1649,COL,MLN_USD,1985,17647.025
1650,COL,MLN_USD,1986,19424.529
1651,COL,MLN_USD,1987,20759.361
1652,COL,MLN_USD,1988,25243.181
1653,COL,MLN_USD,1989,25342.25
1654,COL,MLN_USD,1990,32420.84
1655,COL,MLN_USD,1991,30340.659
1656,COL,MLN_USD,1992,34859.987
1657,COL,MLN_USD,1993,45943.289
1658,COL,MLN_USD,1994,54073.548
1659,COL,MLN_USD,1995,55897.144
1660,COL,MLN_USD,1996,56062.978
1661,COL,MLN_USD,1997,55443.99
1662,COL,MLN_USD,1998,53024.813
1663,COL,MLN_USD,1999,36199.868
1664,COL,MLN_USD,2000,36443.859
1665,COL,MLN_USD,2001,41236.301
1666,COL,MLN_USD,2002,45904.479
1667,COL,MLN_USD,2003,53783.018
1668,COL,MLN_USD,2004,62879.467
1669,COL,MLN_USD,2005,73695.66
1670,COL,MLN_USD,2006,87345.176
1671,COL,MLN_USD,2007,102110.774
1672,COL,MLN_USD,2008,97827.542
1673,COL,MLN_USD,2009,102907.03
1674,COL,MLN_USD,2010,105923.548
1675,COL,MLN_USD,2011,114969.663
1676,COL,MLN_USD,2012,115819.249
1677,COL,MLN_USD,2013,125019.175
1678,COL,MLN_USD,2014,140283.467
1679,COL,MLN_USD,2015,145886.564
1680,COL,MLN_USD,2016,147250.386
1681,COL,MLN_USD,2017,150564.38
1682,COL,MLN_USD,2018,158594.205
1683,COL,MLN_USD,2019,169427.585
1684,COL,MLN_USD,2020,142565.681
1685,COL,MLN_USD,2021,160733.667
1686,EST,MLN_USD,1993,2116.133
1687,EST,MLN_USD,1994,2360.802
1688,EST,MLN_USD,1995,2467.423
1689,EST,MLN_USD,1996,2637.021
1690,EST,MLN_USD,1997,3193.45
1691,EST,MLN_USD,1998,3670.822
1692,EST,MLN_USD,1999,3029.542
1693,EST,MLN_USD,2000,3513.089
1694,EST,MLN_USD,2001,3928.14
1695,EST,MLN_USD,2002,4916.691
1696,EST,MLN_USD,2003,5897.363
1697,EST,MLN_USD,2004,6282.953
1698,EST,MLN_USD,2005,7406.128
1699,EST,MLN_USD,2006,9587.498
1700,EST,MLN_USD,2007,10830.541
1701,EST,MLN_USD,2008,9491.339
1702,EST,MLN_USD,2009,6197.58
1703,EST,MLN_USD,2010,6112.124
1704,EST,MLN_USD,2011,8624.756
1705,EST,MLN_USD,2012,9871.931
1706,EST,MLN_USD,2013,10099.399
1707,EST,MLN_USD,2014,9795.588
1708,EST,MLN_USD,2015,9400.436
1709,EST,MLN_USD,2016,10065.621
1710,EST,MLN_USD,2017,11548.256
1711,EST,MLN_USD,2018,13041.697
1712,EST,MLN_USD,2019,13152.818
1713,EST,MLN_USD,2020,16350.069
1714,EST,MLN_USD,2021,16702.044
1715,EST,MLN_USD,2022,16091.686
1716,IND,MLN_USD,1970,23876.878
1717,IND,MLN_USD,1971,27500.483
1718,IND,MLN_USD,1972,29366.144
1719,IND,MLN_USD,1973,29966.22
1720,IND,MLN_USD,1974,35160.717
1721,IND,MLN_USD,1975,45252.548
1722,IND,MLN_USD,1976,50435.573
1723,IND,MLN_USD,1977,57950.252
1724,IND,MLN_USD,1978,67040.837
1725,IND,MLN_USD,1979,72402.072
1726,IND,MLN_USD,1980,83921.954
1727,IND,MLN_USD,1981,101237.716
1728,IND,MLN_USD,1982,118849.202
1729,IND,MLN_USD,1983,128201.235
1730,IND,MLN_USD,1984,141601.455
1731,IND,MLN_USD,1985,161999.714
1732,IND,MLN_USD,1986,164625.809
1733,IND,MLN_USD,1987,180350.288
1734,IND,MLN_USD,1988,203129.144
1735,IND,MLN_USD,1989,232080.768
1736,IND,MLN_USD,1990,266256.925
1737,IND,MLN_USD,1991,264166.736
1738,IND,MLN_USD,1992,289367.88
1739,IND,MLN_USD,1993,290134.963
1740,IND,MLN_USD,1994,321491.535
1741,IND,MLN_USD,1995,388704.551
1742,IND,MLN_USD,1996,409103.395
1743,IND,MLN_USD,1997,443692.014
1744,IND,MLN_USD,1998,476392.599
1745,IND,MLN_USD,1999,531938.585
1746,IND,MLN_USD,2000,536262.2
1747,IND,MLN_USD,2001,633226.589
1748,IND,MLN_USD,2002,631485.902
1749,IND,MLN_USD,2003,719349.289
1750,IND,MLN_USD,2004,932603.32
1751,IND,MLN_USD,2005,1095774.692
1752,IND,MLN_USD,2006,1249916.423
1753,IND,MLN_USD,2007,1466441.096
1754,IND,MLN_USD,2008,1518320.062
1755,IND,MLN_USD,2009,1611505.99
1756,IND,MLN_USD,2010,1727703.435
1757,IND,MLN_USD,2011,1927858.391
1758,IND,MLN_USD,2012,2057426.535
1759,IND,MLN_USD,2013,2027190.996
1760,IND,MLN_USD,2014,2039747.487
1761,IND,MLN_USD,2015,2057235.171
1762,IND,MLN_USD,2016,2180376.146
1763,IND,MLN_USD,2017,2332259.106
1764,IND,MLN_USD,2018,2631555.315
1765,IND,MLN_USD,2019,2776657.432
1766,IDN,MLN_USD,1993,239188.642
1767,IDN,MLN_USD,1994,275611.909
1768,IDN,MLN_USD,1995,314010.96
1769,IDN,MLN_USD,1996,358978.748
1770,IDN,MLN_USD,1997,365610.008
1771,IDN,MLN_USD,1998,288535.194
1772,IDN,MLN_USD,1999,233557.256
1773,IDN,MLN_USD,2000,247017.616
1774,IDN,MLN_USD,2001,259435.591
1775,IDN,MLN_USD,2002,271926.257
1776,IDN,MLN_USD,2003,291698.56
1777,IDN,MLN_USD,2004,362056.001
1778,IDN,MLN_USD,2005,415620.633
1779,IDN,MLN_USD,2006,461391.628
1780,IDN,MLN_USD,2007,520966.965
1781,IDN,MLN_USD,2008,624975.654
1782,IDN,MLN_USD,2009,641422.336
1783,IDN,MLN_USD,2010,637721.856
1784,IDN,MLN_USD,2011,698003.357
1785,IDN,MLN_USD,2012,789667.029
1786,IDN,MLN_USD,2013,810345.737
1787,IDN,MLN_USD,2014,852670.773
1788,IDN,MLN_USD,2015,868763.529
1789,IDN,MLN_USD,2016,894225.057
1790,IDN,MLN_USD,2017,930769.26
1791,IDN,MLN_USD,2018,1006301.541
1792,IDN,MLN_USD,2019,1077659.267
1793,IDN,MLN_USD,2020,1047448.968
1794,IDN,MLN_USD,2021,1098588.457
1795,IDN,MLN_USD,2022,1154636.461
1796,ISR,MLN_USD,1977,4626.313
1797,ISR,MLN_USD,1978,5642.611
1798,ISR,MLN_USD,1979,6954.732
1799,ISR,MLN_USD,1980,7475.168
1800,ISR,MLN_USD,1981,8767.885
1801,ISR,MLN_USD,1982,9310.048
1802,ISR,MLN_USD,1983,10414.551
1803,ISR,MLN_USD,1984,9729.012
1804,ISR,MLN_USD,1985,9336.968
1805,ISR,MLN_USD,1986,9683.733
1806,ISR,MLN_USD,1987,11210.93
1807,ISR,MLN_USD,1988,11072.373
1808,ISR,MLN_USD,1989,11154.503
1809,ISR,MLN_USD,1990,14263.268
1810,ISR,MLN_USD,1991,19840.14
1811,ISR,MLN_USD,1992,21400.884
1812,ISR,MLN_USD,1993,21782.451
1813,ISR,MLN_USD,1994,23782.034
1814,ISR,MLN_USD,1995,31622.415
1815,ISR,MLN_USD,1996,34926.323
1816,ISR,MLN_USD,1997,35284.786
1817,ISR,MLN_USD,1998,34721.261
1818,ISR,MLN_USD,1999,35960.179
1819,ISR,MLN_USD,2000,38622.697
1820,ISR,MLN_USD,2001,38865.195
1821,ISR,MLN_USD,2002,39673.672
1822,ISR,MLN_USD,2003,36219.022
1823,ISR,MLN_USD,2004,37890.821
1824,ISR,MLN_USD,2005,38727.629
1825,ISR,MLN_USD,2006,41146.079
1826,ISR,MLN_USD,2007,46311.578
1827,ISR,MLN_USD,2008,45908.883
1828,ISR,MLN_USD,2009,43459.227
1829,ISR,MLN_USD,2010,46961.565
1830,ISR,MLN_USD,2011,54223.833
1831,ISR,MLN_USD,2012,59220.562
1832,ISR,MLN_USD,2013,62819.563
1833,ISR,MLN_USD,2014,62405.039
1834,ISR,MLN_USD,2015,63251.689
1835,ISR,MLN_USD,2016,72908.315
1836,ISR,MLN_USD,2017,75473.337
1837,ISR,MLN_USD,2018,83024.869
1838,ISR,MLN_USD,2019,83974.798
1839,ISR,MLN_USD,2020,81966.485
1840,ISR,MLN_USD,2021,94830.623
1841,RUS,MLN_USD,1995,186637.114
1842,RUS,MLN_USD,1996,179502.996
1843,RUS,MLN_USD,1997,164253.786
1844,RUS,MLN_USD,1998,139626.124
1845,RUS,MLN_USD,1999,137550.634
1846,RUS,MLN_USD,2000,180146.869
1847,RUS,MLN_USD,2001,218315.117
1848,RUS,MLN_USD,2002,225648.246
1849,RUS,MLN_USD,2003,265906.826
1850,RUS,MLN_USD,2004,290864.793
1851,RUS,MLN_USD,2005,322311.505
1852,RUS,MLN_USD,2006,421402.942
1853,RUS,MLN_USD,2007,532872.438
1854,RUS,MLN_USD,2008,678054.115
1855,RUS,MLN_USD,2009,637842.429
1856,RUS,MLN_USD,2010,663049.323
1857,RUS,MLN_USD,2011,676150.649
1858,RUS,MLN_USD,2012,735423.096
1859,RUS,MLN_USD,2013,807426.835
1860,RUS,MLN_USD,2014,785913.896
1861,RUS,MLN_USD,2015,710392.493
1862,RUS,MLN_USD,2016,752743.765
1863,RUS,MLN_USD,2017,815386.646
1864,RUS,MLN_USD,2018,846338.671
1865,RUS,MLN_USD,2019,907699.612
1866,SVN,MLN_USD,1990,5141.503
1867,SVN,MLN_USD,1991,5319.403
1868,SVN,MLN_USD,1992,4648.098
1869,SVN,MLN_USD,1993,4947.277
1870,SVN,MLN_USD,1994,5684.101
1871,SVN,MLN_USD,1995,6271.4
1872,SVN,MLN_USD,1996,6791.204
1873,SVN,MLN_USD,1997,7640.967
1874,SVN,MLN_USD,1998,8315.119
1875,SVN,MLN_USD,1999,9379.126
1876,SVN,MLN_USD,2000,9817.418
1877,SVN,MLN_USD,2001,9948.395
1878,SVN,MLN_USD,2002,9920.59
1879,SVN,MLN_USD,2003,10547.311
1880,SVN,MLN_USD,2004,11825.136
1881,SVN,MLN_USD,2005,12689.25
1882,SVN,MLN_USD,2006,14320.634
1883,SVN,MLN_USD,2007,15943.534
1884,SVN,MLN_USD,2008,17618.549
1885,SVN,MLN_USD,2009,13553.794
1886,SVN,MLN_USD,2010,12017.089
1887,SVN,MLN_USD,2011,11845.303
1888,SVN,MLN_USD,2012,11370.626
1889,SVN,MLN_USD,2013,12122.652
1890,SVN,MLN_USD,2014,12162.622
1891,SVN,MLN_USD,2015,12175.088
1892,SVN,MLN_USD,2016,12179.175
1893,SVN,MLN_USD,2017,13820.654
1894,SVN,MLN_USD,2018,15625.635
1895,SVN,MLN_USD,2019,17197.276
1896,SVN,MLN_USD,2020,16209.909
1897,SVN,MLN_USD,2021,18854.373
1898,SVN,MLN_USD,2022,23495.402
1899,ZAF,MLN_USD,1970,12564.344
1900,ZAF,MLN_USD,1971,14587.831
1901,ZAF,MLN_USD,1972,15934.154
1902,ZAF,MLN_USD,1973,16707.247
1903,ZAF,MLN_USD,1974,19184.203
1904,ZAF,MLN_USD,1975,25383.811
1905,ZAF,MLN_USD,1976,28356.752
1906,ZAF,MLN_USD,1977,28955.343
1907,ZAF,MLN_USD,1978,28876.36
1908,ZAF,MLN_USD,1979,32040.639
1909,ZAF,MLN_USD,1980,37532.784
1910,ZAF,MLN_USD,1981,45357.452
1911,ZAF,MLN_USD,1982,47758.809
1912,ZAF,MLN_USD,1983,46922.569
1913,ZAF,MLN_USD,1984,46400.131
1914,ZAF,MLN_USD,1985,45848.73
1915,ZAF,MLN_USD,1986,41319.995
1916,ZAF,MLN_USD,1987,38973.154
1917,ZAF,MLN_USD,1988,44922.554
1918,ZAF,MLN_USD,1989,51061.202
1919,ZAF,MLN_USD,1990,49753.028
1920,ZAF,MLN_USD,1991,46313.697
1921,ZAF,MLN_USD,1992,42483.131
1922,ZAF,MLN_USD,1993,39801.907
1923,ZAF,MLN_USD,1994,42617.066
1924,ZAF,MLN_USD,1995,47010.668
1925,ZAF,MLN_USD,1996,50569.508
1926,ZAF,MLN_USD,1997,53809.018
1927,ZAF,MLN_USD,1998,56191.647
1928,ZAF,MLN_USD,1999,52113.697
1929,ZAF,MLN_USD,2000,53564.585
1930,ZAF,MLN_USD,2001,55785.797
1931,ZAF,MLN_USD,2002,57219.393
1932,ZAF,MLN_USD,2003,63006.421
1933,ZAF,MLN_USD,2004,69988.403
1934,ZAF,MLN_USD,2005,79511.617
1935,ZAF,MLN_USD,2006,95152.979
1936,ZAF,MLN_USD,2007,112958.357
1937,ZAF,MLN_USD,2008,136509.954
1938,ZAF,MLN_USD,2009,122446.818
1939,ZAF,MLN_USD,2010,114596.189
1940,ZAF,MLN_USD,2011,121008.84
1941,ZAF,MLN_USD,2012,122487.511
1942,ZAF,MLN_USD,2013,136191.397
1943,ZAF,MLN_USD,2014,139261.465
1944,ZAF,MLN_USD,2015,141208.541
1945,ZAF,MLN_USD,2016,137447.613
1946,ZAF,MLN_USD,2017,135874.194
1947,ZAF,MLN_USD,2018,136125.104
1948,ZAF,MLN_USD,2019,135771.996
1949,ZAF,MLN_USD,2020,112090.485
1950,DEW,MLN_USD,1970,70587.032
1951,DEW,MLN_USD,1971,78318.256
1952,DEW,MLN_USD,1972,83347.337
1953,DEW,MLN_USD,1973,87052.831
1954,DEW,MLN_USD,1974,86178.822
1955,DEW,MLN_USD,1975,88503.711
1956,DEW,MLN_USD,1976,97242.701
1957,DEW,MLN_USD,1977,108023.498
1958,DEW,MLN_USD,1978,121816.304
1959,DEW,MLN_USD,1979,142503.507
1960,DEW,MLN_USD,1980,161912.722
1961,DEW,MLN_USD,1981,169959.38
1962,DEW,MLN_USD,1982,169633.553
1963,DEW,MLN_USD,1983,180871.234
1964,DEW,MLN_USD,1984,188842.158
1965,DEW,MLN_USD,1985,195019.535
1966,DEW,MLN_USD,1986,202400.289
1967,DEW,MLN_USD,1987,211941.633
1968,DEW,MLN_USD,1988,230031.861
1969,DEW,MLN_USD,1989,255658.435
1970,DEW,MLN_USD,1990,288640.037
1971,DEW,MLN_USD,1991,319486.263
1972,OECD,MLN_USD,1995,5232086.707
1973,OECD,MLN_USD,1996,5613821.114
1974,OECD,MLN_USD,1997,5907893.662
1975,OECD,MLN_USD,1998,6125009.824
1976,OECD,MLN_USD,1999,6437596.142
1977,OECD,MLN_USD,2000,6950202.46
1978,OECD,MLN_USD,2001,7041437.789
1979,OECD,MLN_USD,2002,7087219.162
1980,OECD,MLN_USD,2003,7349262.481
1981,OECD,MLN_USD,2004,7907184.546
1982,OECD,MLN_USD,2005,8546390.965
1983,OECD,MLN_USD,2006,9337930.196
1984,OECD,MLN_USD,2007,9851622.508
1985,OECD,MLN_USD,2008,9978353.52
1986,OECD,MLN_USD,2009,8959705.854
1987,OECD,MLN_USD,2010,9178178.156
1988,OECD,MLN_USD,2011,9801172.077
1989,OECD,MLN_USD,2012,10210374.13
1990,OECD,MLN_USD,2013,10614901.348
1991,OECD,MLN_USD,2014,11149441.455
1992,OECD,MLN_USD,2015,11690210.88
1993,OECD,MLN_USD,2016,12146295.058
1994,OECD,MLN_USD,2017,12846387.56
1995,OECD,MLN_USD,2018,13526781.757
1996,OECD,MLN_USD,2019,14132320.226
1997,OECD,MLN_USD,2020,13849608.691
1998,OECD,MLN_USD,2021,15049583.57
1999,OECDE,MLN_USD,1995,2009423.001
2000,OECDE,MLN_USD,1996,2114140.213
2001,OECDE,MLN_USD,1997,2213918.533
2002,OECDE,MLN_USD,1998,2313735.451
2003,OECDE,MLN_USD,1999,2421347.615
2004,OECDE,MLN_USD,2000,2646744.407
2005,OECDE,MLN_USD,2001,2693733.788
2006,OECDE,MLN_USD,2002,2747152.874
2007,OECDE,MLN_USD,2003,2808845.775
2008,OECDE,MLN_USD,2004,3009565.061
2009,OECDE,MLN_USD,2005,3192421.152
2010,OECDE,MLN_USD,2006,3601109.12
2011,OECDE,MLN_USD,2007,3924476.931
2012,OECDE,MLN_USD,2008,4050234.617
2013,OECDE,MLN_USD,2009,3624101.783
2014,OECDE,MLN_USD,2010,3719715.628
2015,OECDE,MLN_USD,2011,3976161.811
2016,OECDE,MLN_USD,2012,3983477.165
2017,OECDE,MLN_USD,2013,4105686.609
2018,OECDE,MLN_USD,2014,4300914.403
2019,OECDE,MLN_USD,2015,4573832.274
2020,OECDE,MLN_USD,2016,4858367.18
2021,OECDE,MLN_USD,2017,5205892.362
2022,OECDE,MLN_USD,2018,5499332.749
2023,OECDE,MLN_USD,2019,5910724.703
2024,OECDE,MLN_USD,2020,5702990.031
2025,OECDE,MLN_USD,2021,6146011.623
2026,LVA,MLN_USD,1995,1944.705
2027,LVA,MLN_USD,1996,2536.443
2028,LVA,MLN_USD,1997,2778.018
2029,LVA,MLN_USD,1998,4053.646
2030,LVA,MLN_USD,1999,4044.651
2031,LVA,MLN_USD,2000,4755.277
2032,LVA,MLN_USD,2001,5733.062
2033,LVA,MLN_USD,2002,5660.592
2034,LVA,MLN_USD,2003,6247.185
2035,LVA,MLN_USD,2004,7947.628
2036,LVA,MLN_USD,2005,9661.452
2037,LVA,MLN_USD,2006,11909.175
2038,LVA,MLN_USD,2007,14525.434
2039,LVA,MLN_USD,2008,13578.205
2040,LVA,MLN_USD,2009,8103.494
2041,LVA,MLN_USD,2010,7075.977
2042,LVA,MLN_USD,2011,9118.509
2043,LVA,MLN_USD,2012,11272.162
2044,LVA,MLN_USD,2013,11061.474
2045,LVA,MLN_USD,2014,10824.589
2046,LVA,MLN_USD,2015,10796.905
2047,LVA,MLN_USD,2016,10110.109
2048,LVA,MLN_USD,2017,11471.979
2049,LVA,MLN_USD,2018,13161.569
2050,LVA,MLN_USD,2019,14587.445
2051,LVA,MLN_USD,2020,14504.821
2052,LVA,MLN_USD,2021,14734.939
2053,LVA,MLN_USD,2022,16674.741
2054,BRA,MLN_USD,1995,265636.973
2055,BRA,MLN_USD,1996,254047.721
2056,BRA,MLN_USD,1997,274114.56
2057,BRA,MLN_USD,1998,269693.048
2058,BRA,MLN_USD,1999,252159.296
2059,BRA,MLN_USD,2000,289565.819
2060,BRA,MLN_USD,2001,302068.024
2061,BRA,MLN_USD,2002,307700.86
2062,BRA,MLN_USD,2003,293958.533
2063,BRA,MLN_USD,2004,332991.419
2064,BRA,MLN_USD,2005,349027.292
2065,BRA,MLN_USD,2006,377431.767
2066,BRA,MLN_USD,2007,429925.711
2067,BRA,MLN_USD,2008,496050.302
2068,BRA,MLN_USD,2009,491313.189
2069,BRA,MLN_USD,2010,574750.06
2070,BRA,MLN_USD,2011,612216.231
2071,BRA,MLN_USD,2012,621197.764
2072,BRA,MLN_USD,2013,655357.392
2073,BRA,MLN_USD,2014,633384.25
2074,BRA,MLN_USD,2015,537705.858
2075,BRA,MLN_USD,2016,456274.606
2076,BRA,MLN_USD,2017,439492.998
2077,BRA,MLN_USD,2018,474941.783
2078,BRA,MLN_USD,2019,501469.717
2079,LTU,MLN_USD,1995,4385.265
2080,LTU,MLN_USD,1996,4733.84
2081,LTU,MLN_USD,1997,5654.939
2082,LTU,MLN_USD,1998,6581.202
2083,LTU,MLN_USD,1999,6050.612
2084,LTU,MLN_USD,2000,5660.604
2085,LTU,MLN_USD,2001,6728.247
2086,LTU,MLN_USD,2002,7477.226
2087,LTU,MLN_USD,2003,8887.427
2088,LTU,MLN_USD,2004,10086.079
2089,LTU,MLN_USD,2005,11286.351
2090,LTU,MLN_USD,2006,13987.576
2091,LTU,MLN_USD,2007,17651.357
2092,LTU,MLN_USD,2008,17274.403
2093,LTU,MLN_USD,2009,10248.909
2094,LTU,MLN_USD,2010,10494.04
2095,LTU,MLN_USD,2011,12792.376
2096,LTU,MLN_USD,2012,12786.802
2097,LTU,MLN_USD,2013,14559.436
2098,LTU,MLN_USD,2014,15595.538
2099,LTU,MLN_USD,2015,16426.608
2100,LTU,MLN_USD,2016,17613.87
2101,LTU,MLN_USD,2017,19208.073
2102,LTU,MLN_USD,2018,21340.112
2103,LTU,MLN_USD,2019,23923.489
2104,LTU,MLN_USD,2020,23923.175
2105,LTU,MLN_USD,2021,26250.492
2106,LTU,MLN_USD,2022,29250.082
2107,SAU,MLN_USD,1970,6877.426
2108,SAU,MLN_USD,1971,7452.865
2109,SAU,MLN_USD,1972,10753.595
2110,SAU,MLN_USD,1973,16308.759
2111,SAU,MLN_USD,1974,14322.707
2112,SAU,MLN_USD,1975,32421.439
2113,SAU,MLN_USD,1976,47445.745
2114,SAU,MLN_USD,1977,64321.087
2115,SAU,MLN_USD,1978,80085.299
2116,SAU,MLN_USD,1979,79142.891
2117,SAU,MLN_USD,1980,76443.323
2118,SAU,MLN_USD,1981,89687.639
2119,SAU,MLN_USD,1982,99323.36
2120,SAU,MLN_USD,1983,102533.485
2121,SAU,MLN_USD,1984,96130.677
2122,SAU,MLN_USD,1985,84061.409
2123,SAU,MLN_USD,1986,91280.236
2124,SAU,MLN_USD,1987,88832.176
2125,SAU,MLN_USD,1988,84363.249
2126,SAU,MLN_USD,1989,86184.099
2127,SAU,MLN_USD,1990,98332.405
2128,SAU,MLN_USD,1991,125537.239
2129,SAU,MLN_USD,1992,133233.189
2130,SAU,MLN_USD,1993,145196.633
2131,SAU,MLN_USD,1994,125363.485
2132,SAU,MLN_USD,1995,134368.594
2133,SAU,MLN_USD,1996,126303.129
2134,SAU,MLN_USD,1997,131903.974
2135,SAU,MLN_USD,1998,160258.459
2136,SAU,MLN_USD,1999,148531.71
2137,SAU,MLN_USD,2000,142847.925
2138,SAU,MLN_USD,2001,151848.969
2139,SAU,MLN_USD,2002,147820.366
2140,SAU,MLN_USD,2003,170369.14
2141,SAU,MLN_USD,2004,197705.097
2142,SAU,MLN_USD,2005,217021.523
2143,SAU,MLN_USD,2006,243527.846
2144,SAU,MLN_USD,2007,294577.397
2145,SAU,MLN_USD,2008,307555.988
2146,SAU,MLN_USD,2009,342407.313
2147,SAU,MLN_USD,2010,345251.78
2148,SAU,MLN_USD,2011,358553.603
2149,SAU,MLN_USD,2012,372625.647
2150,SAU,MLN_USD,2013,397520.982
2151,SAU,MLN_USD,2014,433858.852
2152,SAU,MLN_USD,2015,460273.917
2153,SAU,MLN_USD,2016,385520.894
2154,SAU,MLN_USD,2017,383397.122
2155,SAU,MLN_USD,2018,347205.922
2156,SAU,MLN_USD,2019,370241.35
2157,SAU,MLN_USD,2020,381309.454
2158,SAU,MLN_USD,2021,413263.587
2159,EA19,MLN_USD,1995,1399759.65
2160,EA19,MLN_USD,1996,1433211.768
2161,EA19,MLN_USD,1997,1486840.756
2162,EA19,MLN_USD,1998,1592395.955
2163,EA19,MLN_USD,1999,1700713.917
2164,EA19,MLN_USD,2000,1847469.076
2165,EA19,MLN_USD,2001,1903050.265
2166,EA19,MLN_USD,2002,1924973.626
2167,EA19,MLN_USD,2003,1956651.181
2168,EA19,MLN_USD,2004,2054208.399
2169,EA19,MLN_USD,2005,2170772.26
2170,EA19,MLN_USD,2006,2430079.981
2171,EA19,MLN_USD,2007,2641263.039
2172,EA19,MLN_USD,2008,2716625.586
2173,EA19,MLN_USD,2009,2446124.458
2174,EA19,MLN_USD,2010,2469698.84
2175,EA19,MLN_USD,2011,2590130.973
2176,EA19,MLN_USD,2012,2557270.985
2177,EA19,MLN_USD,2013,2567818.776
2178,EA19,MLN_USD,2014,2633988.677
2179,EA19,MLN_USD,2015,2770678.343
2180,EA19,MLN_USD,2016,3002925.775
2181,EA19,MLN_USD,2017,3206274.799
2182,EA19,MLN_USD,2018,3408570.434
2183,EA19,MLN_USD,2019,3820981.77
2184,EA19,MLN_USD,2020,3634055.769
2185,EA19,MLN_USD,2021,3875196.388
2186,EA19,MLN_USD,2022,4422198.294
2187,ARG,MLN_USD,2004,74748.95
2188,ARG,MLN_USD,2005,91611.604
2189,ARG,MLN_USD,2006,107801.334
2190,ARG,MLN_USD,2007,128488.492
2191,ARG,MLN_USD,2008,132733.436
2192,ARG,MLN_USD,2009,103012.449
2193,ARG,MLN_USD,2010,122614.176
2194,ARG,MLN_USD,2011,137514.344
2195,ARG,MLN_USD,2012,129983.803
2196,ARG,MLN_USD,2013,138398.293
2197,ARG,MLN_USD,2014,134215.105
2198,ARG,MLN_USD,2015,134973.852
2199,ARG,MLN_USD,2016,126342.884
2200,ARG,MLN_USD,2017,157585.37
2201,ARG,MLN_USD,2018,158047.696
2202,ARG,MLN_USD,2019,146754.212
2203,ARG,MLN_USD,2020,132226.794
2204,ARG,MLN_USD,2021,185241.796
2205,CRI,MLN_USD,1991,2898.679
2206,CRI,MLN_USD,1992,3688.018
2207,CRI,MLN_USD,1993,4256.622
2208,CRI,MLN_USD,1994,4453.352
2209,CRI,MLN_USD,1995,4689.489
2210,CRI,MLN_USD,1996,4390.081
2211,CRI,MLN_USD,1997,5055.977
2212,CRI,MLN_USD,1998,6288.583
2213,CRI,MLN_USD,1999,6336.186
2214,CRI,MLN_USD,2000,6284.401
2215,CRI,MLN_USD,2001,6699.378
2216,CRI,MLN_USD,2002,7018.236
2217,CRI,MLN_USD,2003,7468.058
2218,CRI,MLN_USD,2004,8043.43
2219,CRI,MLN_USD,2005,8657.501
2220,CRI,MLN_USD,2006,9742.351
2221,CRI,MLN_USD,2007,11933.127
2222,CRI,MLN_USD,2008,13524.235
2223,CRI,MLN_USD,2009,11934.348
2224,CRI,MLN_USD,2010,11787.83
2225,CRI,MLN_USD,2011,12547.139
2226,CRI,MLN_USD,2012,13834.692
2227,CRI,MLN_USD,2013,14507.019
2228,CRI,MLN_USD,2014,15726.955
2229,CRI,MLN_USD,2015,16186.177
2230,CRI,MLN_USD,2016,17592.45
2231,CRI,MLN_USD,2017,18308.078
2232,CRI,MLN_USD,2018,19401.224
2233,CRI,MLN_USD,2019,18684.535
2234,CRI,MLN_USD,2020,17969.118
2235,CRI,MLN_USD,2021,20786.397
2236,BGR,MLN_USD,1995,10849.9
2237,BGR,MLN_USD,1996,2550.082
2238,BGR,MLN_USD,1997,4627.401
2239,BGR,MLN_USD,1998,7444.293
2240,BGR,MLN_USD,1999,7751.479
2241,BGR,MLN_USD,2000,8779.801
2242,BGR,MLN_USD,2001,10739.658
2243,BGR,MLN_USD,2002,11580.561
2244,BGR,MLN_USD,2003,12962.087
2245,BGR,MLN_USD,2004,14876.464
2246,BGR,MLN_USD,2005,20229.802
2247,BGR,MLN_USD,2006,23788.634
2248,BGR,MLN_USD,2007,27365.898
2249,BGR,MLN_USD,2008,35451.317
2250,BGR,MLN_USD,2009,29330.146
2251,BGR,MLN_USD,2010,24539.292
2252,BGR,MLN_USD,2011,24114.671
2253,BGR,MLN_USD,2012,25195.959
2254,BGR,MLN_USD,2013,25622.357
2255,BGR,MLN_USD,2014,26801.811
2256,BGR,MLN_USD,2015,27529.711
2257,BGR,MLN_USD,2016,26331.548
2258,BGR,MLN_USD,2017,27791.519
2259,BGR,MLN_USD,2018,30324.287
2260,BGR,MLN_USD,2019,32672.756
2261,BGR,MLN_USD,2020,33434.008
2262,BGR,MLN_USD,2021,31593.105
2263,HRV,MLN_USD,1995,5310.449
2264,HRV,MLN_USD,1996,7294.585
2265,HRV,MLN_USD,1997,9285.614
2266,HRV,MLN_USD,1998,9307.117
2267,HRV,MLN_USD,1999,9422.202
2268,HRV,MLN_USD,2000,9495.127
2269,HRV,MLN_USD,2001,10225.777
2270,HRV,MLN_USD,2002,12160.85
2271,HRV,MLN_USD,2003,15064.207
2272,HRV,MLN_USD,2004,16080.672
2273,HRV,MLN_USD,2005,16770.785
2274,HRV,MLN_USD,2006,19989.516
2275,HRV,MLN_USD,2007,22347.617
2276,HRV,MLN_USD,2008,25232.214
2277,HRV,MLN_USD,2009,21713.806
2278,HRV,MLN_USD,2010,18015.477
2279,HRV,MLN_USD,2011,17979.755
2280,HRV,MLN_USD,2012,17690.338
2281,HRV,MLN_USD,2013,18253.12
2282,HRV,MLN_USD,2014,18003.838
2283,HRV,MLN_USD,2015,18904.899
2284,HRV,MLN_USD,2016,20827.391
2285,HRV,MLN_USD,2017,22054.959
2286,HRV,MLN_USD,2018,23710.701
2287,HRV,MLN_USD,2019,27335.428
2288,HRV,MLN_USD,2020,26715.652
2289,HRV,MLN_USD,2021,27916.609
2290,CYP,MLN_USD,1995,2804.492
2291,CYP,MLN_USD,1996,2756.898
2292,CYP,MLN_USD,1997,2928.646
2293,CYP,MLN_USD,1998,2507.132
2294,CYP,MLN_USD,1999,2881.02
2295,CYP,MLN_USD,2000,2967.768
2296,CYP,MLN_USD,2001,3051.463
2297,CYP,MLN_USD,2002,3501.578
2298,CYP,MLN_USD,2003,3538.118
2299,CYP,MLN_USD,2004,3899.492
2300,CYP,MLN_USD,2005,4413.82
2301,CYP,MLN_USD,2006,5651.749
2302,CYP,MLN_USD,2007,6445.101
2303,CYP,MLN_USD,2008,7447.777
2304,CYP,MLN_USD,2009,6418.035
2305,CYP,MLN_USD,2010,6224.418
2306,CYP,MLN_USD,2011,5396.068
2307,CYP,MLN_USD,2012,4264.403
2308,CYP,MLN_USD,2013,3695.541
2309,CYP,MLN_USD,2014,3422.029
2310,CYP,MLN_USD,2015,3472.577
2311,CYP,MLN_USD,2016,5510.132
2312,CYP,MLN_USD,2017,6866.06
2313,CYP,MLN_USD,2018,6646.989
2314,CYP,MLN_USD,2019,7256.156
2315,CYP,MLN_USD,2020,7270.403
2316,CYP,MLN_USD,2021,7117.736
2317,MLT,MLN_USD,1995,1262.968
2318,MLT,MLN_USD,1996,1393.385
2319,MLT,MLN_USD,1997,1357.175
2320,MLT,MLN_USD,1998,1503.076
2321,MLT,MLN_USD,1999,1453.1
2322,MLT,MLN_USD,2000,1625.826
2323,MLT,MLN_USD,2001,1487.493
2324,MLT,MLN_USD,2002,1297.06
2325,MLT,MLN_USD,2003,1762.0
2326,MLT,MLN_USD,2004,1818.127
2327,MLT,MLN_USD,2005,2057.173
2328,MLT,MLN_USD,2006,2124.358
2329,MLT,MLN_USD,2007,2339.232
2330,MLT,MLN_USD,2008,2175.633
2331,MLT,MLN_USD,2009,2009.973
2332,MLT,MLN_USD,2010,2499.31
2333,MLT,MLN_USD,2011,2190.477
2334,MLT,MLN_USD,2012,2236.538
2335,MLT,MLN_USD,2013,2273.19
2336,MLT,MLN_USD,2014,2486.376
2337,MLT,MLN_USD,2015,4033.967
2338,MLT,MLN_USD,2016,4101.174
2339,MLT,MLN_USD,2017,4201.142
2340,MLT,MLN_USD,2018,4473.88
2341,MLT,MLN_USD,2019,5035.621
2342,MLT,MLN_USD,2020,4720.304
2343,MLT,MLN_USD,2021,5582.243
2344,ROU,MLN_USD,1995,26062.767
2345,ROU,MLN_USD,1996,29764.687
2346,ROU,MLN_USD,1997,27402.496
2347,ROU,MLN_USD,1998,23475.545
2348,ROU,MLN_USD,1999,22698.038
2349,ROU,MLN_USD,2000,25097.904
2350,ROU,MLN_USD,2001,30359.042
2351,ROU,MLN_USD,2002,33406.323
2352,ROU,MLN_USD,2003,37091.122
2353,ROU,MLN_USD,2004,42998.523
2354,ROU,MLN_USD,2005,47827.373
2355,ROU,MLN_USD,2006,65180.741
2356,ROU,MLN_USD,2007,101126.352
2357,ROU,MLN_USD,2008,128515.2
2358,ROU,MLN_USD,2009,88071.07
2359,ROU,MLN_USD,2010,89614.838
2360,ROU,MLN_USD,2011,98233.668
2361,ROU,MLN_USD,2012,104215.104
2362,ROU,MLN_USD,2013,97649.004
2363,ROU,MLN_USD,2014,100193.321
2364,ROU,MLN_USD,2015,106141.018
2365,ROU,MLN_USD,2016,109733.182
2366,ROU,MLN_USD,2017,119138.55
2367,ROU,MLN_USD,2018,120292.245
2368,ROU,MLN_USD,2019,144158.842
2369,ROU,MLN_USD,2020,151981.315
2370,ROU,MLN_USD,2021,166454.994
2371,MKD,MLN_USD,2000,2530.495
2372,MKD,MLN_USD,2001,2708.124
2373,MKD,MLN_USD,2002,2751.669
2374,MKD,MLN_USD,2003,2683.498
2375,MKD,MLN_USD,2004,3094.499
2376,MKD,MLN_USD,2005,3043.511
2377,MKD,MLN_USD,2006,3560.299
2378,MKD,MLN_USD,2007,4337.333
2379,MKD,MLN_USD,2008,5547.83
2380,MKD,MLN_USD,2009,5544.781
2381,MKD,MLN_USD,2010,5384.324
2382,MKD,MLN_USD,2011,5662.113
2383,MKD,MLN_USD,2012,5739.495
2384,MKD,MLN_USD,2013,6228.798
2385,MKD,MLN_USD,2014,6503.959
2386,MKD,MLN_USD,2015,6854.43
2387,MKD,MLN_USD,2016,7650.353
2388,MKD,MLN_USD,2017,7328.238
2389,MKD,MLN_USD,2018,6985.713
2390,MKD,MLN_USD,2019,7868.813
2391,MKD,MLN_USD,2020,7766.486
2392,ZMB,MLN_USD,2006,6731.536
2393,ZMB,MLN_USD,2007,7731.68
2394,ZMB,MLN_USD,2008,10380.048
2395,ZMB,MLN_USD,2009,10672.981
2396,ZMB,MLN_USD,2010,11201.137
2397,ZMB,MLN_USD,2011,13391.646
2398,ZMB,MLN_USD,2012,11938.941
2399,ZMB,MLN_USD,2013,13908.341
2400,ZMB,MLN_USD,2014,16903.167
2401,ZMB,MLN_USD,2015,20939.011
2402,ZMB,MLN_USD,2016,20290.724
2403,ZMB,MLN_USD,2017,22794.197
2404,ZMB,MLN_USD,2018,21966.533
2405,ZMB,MLN_USD,2019,23099.297
2406,ZMB,MLN_USD,2020,18983.607
2407,HKG,MLN_USD,1990,27291.405
2408,HKG,MLN_USD,1991,29952.791
2409,HKG,MLN_USD,1992,33576.276
2410,HKG,MLN_USD,1993,36289.119
2411,HKG,MLN_USD,1994,42722.336
2412,HKG,MLN_USD,1995,45957.562
2413,HKG,MLN_USD,1996,50083.133
2414,HKG,MLN_USD,1997,57504.846
2415,HKG,MLN_USD,1998,49631.515
2416,HKG,MLN_USD,1999,44083.378
2417,HKG,MLN_USD,2000,49855.711
2418,HKG,MLN_USD,2001,49896.776
2419,HKG,MLN_USD,2002,45416.099
2420,HKG,MLN_USD,2003,45440.506
2421,HKG,MLN_USD,2004,51107.437
2422,HKG,MLN_USD,2005,55506.668
2423,HKG,MLN_USD,2006,64190.902
2424,HKG,MLN_USD,2007,64527.474
2425,HKG,MLN_USD,2008,66924.728
2426,HKG,MLN_USD,2009,65440.542
2427,HKG,MLN_USD,2010,75248.838
2428,HKG,MLN_USD,2011,87010.392
2429,HKG,MLN_USD,2012,94864.206
2430,HKG,MLN_USD,2013,92926.305
2431,HKG,MLN_USD,2014,93037.871
2432,HKG,MLN_USD,2015,92128.296
2433,HKG,MLN_USD,2016,90220.822
2434,HKG,MLN_USD,2017,95813.592
2435,HKG,MLN_USD,2018,100630.322
2436,HKG,MLN_USD,2019,85321.612
2437,HKG,MLN_USD,2020,74804.792
2438,HKG,MLN_USD,2021,85132.823
2439,MDG,MLN_USD,2007,7988.489
2440,MDG,MLN_USD,2008,12469.373
2441,MDG,MLN_USD,2009,11848.306
2442,MDG,MLN_USD,2010,8404.897
2443,MDG,MLN_USD,2011,8310.991
2444,MDG,MLN_USD,2012,7993.704
2445,MDG,MLN_USD,2013,6964.904
2446,MDG,MLN_USD,2014,6708.391
2447,MDG,MLN_USD,2015,7107.181
2448,MDG,MLN_USD,2016,7590.328
2449,MDG,MLN_USD,2017,7349.105
2450,MDG,MLN_USD,2018,9003.291
2451,MDG,MLN_USD,2019,9666.765
2452,MDG,MLN_USD,2020,8388.651
2453,MAR,MLN_USD,2007,55015.999
2454,MAR,MLN_USD,2008,63569.965
2455,MAR,MLN_USD,2009,61353.668
2456,MAR,MLN_USD,2010,62412.478
2457,MAR,MLN_USD,2011,68886.286
2458,MAR,MLN_USD,2012,72194.307
2459,MAR,MLN_USD,2013,71377.546
2460,MAR,MLN_USD,2014,67070.207
2461,MAR,MLN_USD,2015,69788.767
2462,MAR,MLN_USD,2016,78584.652
2463,MAR,MLN_USD,2017,80340.945
2464,MAR,MLN_USD,2018,83822.785
2465,MAR,MLN_USD,2019,85233.718
2466,MAR,MLN_USD,2020,76674.031
2467,MAR,MLN_USD,2021,89874.217
2468,SGP,MLN_USD,1990,23018.026
2469,SGP,MLN_USD,1991,26526.538
2470,SGP,MLN_USD,1992,30725.229
2471,SGP,MLN_USD,1993,34505.864
2472,SGP,MLN_USD,1994,37697.377
2473,SGP,MLN_USD,1995,41039.467
2474,SGP,MLN_USD,1996,51260.862
2475,SGP,MLN_USD,1997,57311.624
2476,SGP,MLN_USD,1998,56072.392
2477,SGP,MLN_USD,1999,54669.832
2478,SGP,MLN_USD,2000,56999.19
2479,SGP,MLN_USD,2001,55091.99
2480,SGP,MLN_USD,2002,50360.34
2481,SGP,MLN_USD,2003,49705.83
2482,SGP,MLN_USD,2004,55014.936
2483,SGP,MLN_USD,2005,58176.461
2484,SGP,MLN_USD,2006,65087.493
2485,SGP,MLN_USD,2007,76945.923
2486,SGP,MLN_USD,2008,91691.464
2487,SGP,MLN_USD,2009,95232.471
2488,SGP,MLN_USD,2010,97863.927
2489,SGP,MLN_USD,2011,104840.963
2490,SGP,MLN_USD,2012,115225.482
2491,SGP,MLN_USD,2013,123454.6
2492,SGP,MLN_USD,2014,129888.069
2493,SGP,MLN_USD,2015,131049.483
2494,SGP,MLN_USD,2016,130558.55
2495,SGP,MLN_USD,2017,135317.97
2496,SGP,MLN_USD,2018,128197.494
2497,SGP,MLN_USD,2019,134002.132
2498,SGP,MLN_USD,2020,119850.484
2499,EU27_2020,MLN_USD,1995,1624210.444
2500,EU27_2020,MLN_USD,1996,1672630.451
2501,EU27_2020,MLN_USD,1997,1739405.798
2502,EU27_2020,MLN_USD,1998,1862731.412
2503,EU27_2020,MLN_USD,1999,1984680.801
2504,EU27_2020,MLN_USD,2000,2155586.561
2505,EU27_2020,MLN_USD,2001,2220600.318
2506,EU27_2020,MLN_USD,2002,2250414.517
2507,EU27_2020,MLN_USD,2003,2295901.816
2508,EU27_2020,MLN_USD,2004,2424055.912
2509,EU27_2020,MLN_USD,2005,2565565.096
2510,EU27_2020,MLN_USD,2006,2888817.93
2511,EU27_2020,MLN_USD,2007,3179742.966
2512,EU27_2020,MLN_USD,2008,3312756.345
2513,EU27_2020,MLN_USD,2009,2976319.474
2514,EU27_2020,MLN_USD,2010,3001398.752
2515,EU27_2020,MLN_USD,2011,3163784.801
2516,EU27_2020,MLN_USD,2012,3138830.771
2517,EU27_2020,MLN_USD,2013,3154462.652
2518,EU27_2020,MLN_USD,2014,3255661.565
2519,EU27_2020,MLN_USD,2015,3437273.311
2520,EU27_2020,MLN_USD,2016,3694482.398
2521,EU27_2020,MLN_USD,2017,3953814.248
2522,EU27_2020,MLN_USD,2018,4223150.071
2523,EU27_2020,MLN_USD,2019,4721917.587
2524,EU27_2020,MLN_USD,2020,4536112.436
2525,EU27_2020,MLN_USD,2021,4835009.993
2526,EU27_2020,MLN_USD,2022,5542036.134
2527,ALB,MLN_USD,1997,1721.087
2528,ALB,MLN_USD,1998,2031.086
2529,ALB,MLN_USD,1999,2540.911
2530,ALB,MLN_USD,2000,3805.747
2531,ALB,MLN_USD,2001,4833.371
2532,ALB,MLN_USD,2002,5127.787
2533,ALB,MLN_USD,2003,5455.52
2534,ALB,MLN_USD,2004,6209.629
2535,ALB,MLN_USD,2005,6697.903
2536,ALB,MLN_USD,2006,7479.982
2537,ALB,MLN_USD,2007,7871.528
2538,ALB,MLN_USD,2008,8233.201
2539,ALB,MLN_USD,2009,8439.428
2540,ALB,MLN_USD,2010,7973.743
2541,ALB,MLN_USD,2011,8708.726
2542,ALB,MLN_USD,2012,8087.098
2543,ALB,MLN_USD,2013,7981.389
2544,ALB,MLN_USD,2014,7858.588
2545,ALB,MLN_USD,2015,8199.47
2546,ALB,MLN_USD,2016,8465.423
2547,ALB,MLN_USD,2017,9018.784
2548,ALB,MLN_USD,2018,9232.606
2549,ALB,MLN_USD,2019,9175.544
2550,ALB,MLN_USD,2020,9060.897
2551,ALB,MLN_USD,2021,10752.339
2552,SRB,MLN_USD,2000,5520.959
2553,SRB,MLN_USD,2001,5936.263
2554,SRB,MLN_USD,2002,8187.896
2555,SRB,MLN_USD,2003,9807.895
2556,SRB,MLN_USD,2004,12378.279
2557,SRB,MLN_USD,2005,13279.28
2558,SRB,MLN_USD,2006,16039.529
2559,SRB,MLN_USD,2007,19717.02
2560,SRB,MLN_USD,2008,22011.181
2561,SRB,MLN_USD,2009,17153.816
2562,SRB,MLN_USD,2010,16494.239
2563,SRB,MLN_USD,2011,17410.348
2564,SRB,MLN_USD,2012,20269.144
2565,SRB,MLN_USD,2013,17265.311
2566,SRB,MLN_USD,2014,16672.62
2567,SRB,MLN_USD,2015,17975.748
2568,SRB,MLN_USD,2016,19095.2
2569,SRB,MLN_USD,2017,20685.245
2570,SRB,MLN_USD,2018,24794.076
2571,SRB,MLN_USD,2019,30276.125
2572,SRB,MLN_USD,2020,28923.929
2573,SRB,MLN_USD,2021,33248.195
2574,GEO,MLN_USD,2010,5419.709
2575,GEO,MLN_USD,2011,6379.513
2576,GEO,MLN_USD,2012,8102.971
2577,GEO,MLN_USD,2013,7412.562
2578,GEO,MLN_USD,2014,9409.294
2579,GEO,MLN_USD,2015,10967.145
2580,GEO,MLN_USD,2016,12712.343
2581,GEO,MLN_USD,2017,12914.951
2582,GEO,MLN_USD,2018,13676.587
2583,GEO,MLN_USD,2019,13966.96
2584,GEO,MLN_USD,2020,12274.168
2585,CMR,MLN_USD,1993,3117.996
2586,CMR,MLN_USD,1994,3640.66
2587,CMR,MLN_USD,1995,3920.936
2588,CMR,MLN_USD,1996,4204.575
2589,CMR,MLN_USD,1997,4635.358
2590,CMR,MLN_USD,1998,5018.553
2591,CMR,MLN_USD,1999,5184.219
2592,CMR,MLN_USD,2000,5498.808
2593,CMR,MLN_USD,2001,6449.848
2594,CMR,MLN_USD,2002,6944.451
2595,CMR,MLN_USD,2003,7027.004
2596,CMR,MLN_USD,2004,7946.227
2597,CMR,MLN_USD,2005,8240.212
2598,CMR,MLN_USD,2006,8474.182
2599,CMR,MLN_USD,2007,9449.716
2600,CMR,MLN_USD,2008,10604.946
2601,CMR,MLN_USD,2009,10234.73
2602,CMR,MLN_USD,2010,10615.938
2603,CMR,MLN_USD,2011,11450.053
2604,CMR,MLN_USD,2012,11567.306
2605,CMR,MLN_USD,2013,12709.723
2606,CMR,MLN_USD,2014,14603.837
2607,CMR,MLN_USD,2015,14724.272
2608,CMR,MLN_USD,2016,16420.845
2609,CMR,MLN_USD,2017,17373.771
2610,CMR,MLN_USD,2018,18735.798
2611,CMR,MLN_USD,2019,19267.785
2612,CMR,MLN_USD,2020,18294.15
2613,SEN,MLN_USD,1999,3368.39
2614,SEN,MLN_USD,2000,3762.016
2615,SEN,MLN_USD,2001,3956.018
2616,SEN,MLN_USD,2002,4333.912
2617,SEN,MLN_USD,2003,3976.475
2618,SEN,MLN_USD,2004,4294.28
2619,SEN,MLN_USD,2005,4830.09
2620,SEN,MLN_USD,2006,5908.458
2621,SEN,MLN_USD,2007,6193.925
2622,SEN,MLN_USD,2008,7020.335
2623,SEN,MLN_USD,2009,6394.84
2624,SEN,MLN_USD,2010,6228.433
2625,SEN,MLN_USD,2011,7312.318
2626,SEN,MLN_USD,2012,7600.622
2627,SEN,MLN_USD,2013,8379.234
2628,SEN,MLN_USD,2014,9421.069
2629,SEN,MLN_USD,2015,9970.564
2630,SEN,MLN_USD,2016,11035.438
2631,SEN,MLN_USD,2017,12758.436
2632,SEN,MLN_USD,2018,15215.245
2633,SEN,MLN_USD,2019,16969.286
2634,SEN,MLN_USD,2020,17290.49
